✖ [1461/1462] Building Vsr.RunModelCheck (1160s)
trace: .> LEAN_PATH=/home/penberg/src/penberg/vsr-rs/veil/.lake/packages/Cli/.lake/build/lib/lean:/home/penberg/src/penberg/vsr-rs/veil/.lake/packages/batteries/.lake/build/lib/lean:/home/penberg/src/penberg/vsr-rs/veil/.lake/packages/aesop/.lake/build/lib/lean:/home/penberg/src/penberg/vsr-rs/veil/.lake/packages/proofwidgets/.lake/build/lib/lean:/home/penberg/src/penberg/vsr-rs/veil/.lake/packages/importGraph/.lake/build/lib/lean:/home/penberg/src/penberg/vsr-rs/veil/.lake/packages/LeanSearchClient/.lake/build/lib/lean:/home/penberg/src/penberg/vsr-rs/veil/.lake/packages/plausible/.lake/build/lib/lean:/home/penberg/src/penberg/vsr-rs/veil/.lake/packages/auto/.lake/build/lib/lean:/home/penberg/src/penberg/vsr-rs/veil/.lake/packages/cvc5/.lake/build/lib/lean:/home/penberg/src/penberg/vsr-rs/veil/.lake/packages/Qq/.lake/build/lib/lean:/home/penberg/src/penberg/vsr-rs/veil/.lake/packages/mathlib/.lake/build/lib/lean:/home/penberg/src/penberg/vsr-rs/veil/.lake/packages/smt/.lake/build/lib/lean:/home/penberg/src/penberg/vsr-rs/veil/.lake/packages/Loom/.lake/build/lib/lean:/home/penberg/src/penberg/vsr-rs/veil/.lake/packages/veil/.lake/build/lib/lean:/home/penberg/src/penberg/vsr-rs/veil/.lake/build/lib/lean /home/penberg/.elan/toolchains/leanprover--lean4---v4.32.0/bin/lean /home/penberg/src/penberg/vsr-rs/veil/Vsr/RunModelCheck.lean -o /home/penberg/src/penberg/vsr-rs/veil/.lake/build/lib/lean/Vsr/RunModelCheck.olean -i /home/penberg/src/penberg/vsr-rs/veil/.lake/build/lib/lean/Vsr/RunModelCheck.ilean -c /home/penberg/src/penberg/vsr-rs/veil/.lake/build/ir/Vsr/RunModelCheck.c --setup /home/penberg/src/penberg/vsr-rs/veil/.lake/build/ir/Vsr/RunModelCheck.setup.json --json
error: Lean exited with code 143
✖ [1462/1462] Building Vsr.RunCheck (1412s)
trace: .> LEAN_PATH=/home/penberg/src/penberg/vsr-rs/veil/.lake/packages/Cli/.lake/build/lib/lean:/home/penberg/src/penberg/vsr-rs/veil/.lake/packages/batteries/.lake/build/lib/lean:/home/penberg/src/penberg/vsr-rs/veil/.lake/packages/aesop/.lake/build/lib/lean:/home/penberg/src/penberg/vsr-rs/veil/.lake/packages/proofwidgets/.lake/build/lib/lean:/home/penberg/src/penberg/vsr-rs/veil/.lake/packages/importGraph/.lake/build/lib/lean:/home/penberg/src/penberg/vsr-rs/veil/.lake/packages/LeanSearchClient/.lake/build/lib/lean:/home/penberg/src/penberg/vsr-rs/veil/.lake/packages/plausible/.lake/build/lib/lean:/home/penberg/src/penberg/vsr-rs/veil/.lake/packages/auto/.lake/build/lib/lean:/home/penberg/src/penberg/vsr-rs/veil/.lake/packages/cvc5/.lake/build/lib/lean:/home/penberg/src/penberg/vsr-rs/veil/.lake/packages/Qq/.lake/build/lib/lean:/home/penberg/src/penberg/vsr-rs/veil/.lake/packages/mathlib/.lake/build/lib/lean:/home/penberg/src/penberg/vsr-rs/veil/.lake/packages/smt/.lake/build/lib/lean:/home/penberg/src/penberg/vsr-rs/veil/.lake/packages/Loom/.lake/build/lib/lean:/home/penberg/src/penberg/vsr-rs/veil/.lake/packages/veil/.lake/build/lib/lean:/home/penberg/src/penberg/vsr-rs/veil/.lake/build/lib/lean /home/penberg/.elan/toolchains/leanprover--lean4---v4.32.0/bin/lean /home/penberg/src/penberg/vsr-rs/veil/Vsr/RunCheck.lean -o /home/penberg/src/penberg/vsr-rs/veil/.lake/build/lib/lean/Vsr/RunCheck.olean -i /home/penberg/src/penberg/vsr-rs/veil/.lake/build/lib/lean/Vsr/RunCheck.ilean -c /home/penberg/src/penberg/vsr-rs/veil/.lake/build/ir/Vsr/RunCheck.c --setup /home/penberg/src/penberg/vsr-rs/veil/.lake/build/ir/Vsr/RunCheck.setup.json --json
error: Vsr/RunCheck.lean:416:0: maximum recursion depth has been reached
use `set_option maxRecDepth <num>` to increase limit
use `set_option diagnostics true` to get diagnostic information
warning: Vsr/RunCheck.lean:629:0: unable to synthesize LocalRProp instance for Invariants: failed to synthesize
  LocalRProp ρ σ replica view idx entry quorum nonce status_t χ
    (Invariants ρ σ replica view idx entry quorum nonce status_t χ)
(deterministic) timeout at `typeclass`, maximum number of heartbeats (20000) has been reached

Note: Use `set_option synthInstance.maxHeartbeats <num>` to set the limit.

Hint: Additional diagnostic information may be available using the `set_option diagnostics true` command.

Hint: Additional diagnostic information may be available using the `set_option diagnostics true` command.
info: Vsr/RunCheck.lean:634:0: ✅ Satisfying trace found
  Instantiation:
    entry = Fin 1
    idx = Fin 1
    nonce = Fin 1
    quorum = Fin 1
    replica = Fin 2
    status_t = status_t_IndT
    view = Fin 1
  Theory:
    member = [[0, 0], [1, 0]]
    primary = [[0, 0]]
  State 0 (via init):
    acks = []
    catching_up = []
    chosen = []
    chosen_best = []
    commit = [[0, 0], [1, 0]]
    cur_view = [[0, 0], [1, 0]]
    dvc_sent = []
    frag = []
    last_normal = [[0, 0], [1, 0]]
    log = []
    log_len = [[0, 0], [1, 0]]
    m_commit = []
    m_dvc = []
    m_get_state = []
    m_new_state = []
    m_prepare = []
    m_prepare_ok = []
    m_recovery = []
    m_rr = []
    m_rr_state = []
    m_start_view = []
    m_svc = []
    nonce_used = []
    rec_from = []
    rec_nonce = [[0, 0], [1, 0]]
    status = [[0, normal], [1, normal]]
    svc_from = []
    vote_commit = [[0, 0, 0], [0, 1, 0]]
    vote_len = [[0, 0, 0], [0, 1, 0]]
    vote_lnv = [[0, 0, 0], [0, 1, 0]]
    votes = []
error: Vsr/RunCheck.lean:637:0: Verification error
error: Vsr/RunCheck.lean:637:0: incorrect number of universe levels DecidableEq
error: Vsr/RunCheck.lean:646:0: action 'start_view' not found. Available: #[client_request, recv_prepare, recv_prepare_ok, commit_quorum, recv_commit, recv_get_state, recv_new_state, recv_start_view_change, send_do_view_change, recv_do_view_change, recv_start_view, timeout, primary_idle, crash_recover, recv_recovery, recv_recovery_response, finish_recovery]
error: Vsr/RunCheck.lean:658:0: 79 verification conditions could not be discharged automatically
Initialization must establish the invariant:
  doesNotThrow ... ✅
  prefix_agreement ... ✅
  commit_bounded ... ✅
  last_normal_le_view ... ✅
  normal_last_normal ... ✅
  catching_up_view_change ... ✅
  recovering_empty ... ✅
  log_within ... ✅
  log_dense ... ✅
  log_unique ... ✅
  frag_positive ... ✅
  wf_prepare ... ✅
  wf_new_state ... ✅
  wf_start_view ... ✅
  wf_dvc ... ✅
  wf_rr_state ... ✅
  one_log_per_view ... ✅
  covered ... ✅
  replica_backed ... ✅
  prepare_backed ... ✅
  commit_backed ... ✅
  new_state_backed ... ✅
  start_view_backed ... ✅
  dvc_backed ... ✅
  rr_backed ... ✅
  survives_frag ... ✅
  survives_start_view ... ✅
  survives_vote ... ✅
  survives_rr ... ✅
  survives_replica ... ✅
  acks_current ... ✅
  catching_up_not_primary ... ✅
  acks_hold ... ✅
  primary_longest_frag ... ✅
  primary_longest_replica ... ✅
  primary_longest_ack ... ✅
  primary_holds_view ... ✅
  votes_are_dvcs ... ✅
  chosen_are_dvcs ... ✅
  chosen_best_chosen ... ✅
  chosen_best_is_best ... ✅
  start_view_chosen ... ✅
  start_view_extends_best ... ✅
  chosen_votes_cover ... ✅
  prepare_ok_below_view ... ✅
  svc_below_view ... ✅
  dvc_below_view ... ✅
  get_state_below_view ... ✅
  recovery_below_view ... ✅
  rr_below_view ... ✅
  recovery_covers_acks ... ✅
  started_views ... ✅
The following set of actions must preserve the invariant and successfully terminate:
  recv_get_state
    doesNotThrow ... ✅
    prefix_agreement ... ✅
    commit_bounded ... ✅
    last_normal_le_view ... ✅
    normal_last_normal ... ✅
    catching_up_view_change ... ✅
    recovering_empty ... ✅
    log_within ... ✅
    log_dense ... ✅
    log_unique ... ✅
    frag_positive ... ✅
    wf_prepare ... ✅
    wf_new_state ... ✅
    wf_start_view ... ✅
    wf_dvc ... ✅
    wf_rr_state ... ✅
    one_log_per_view ... ✅
    covered ... ✅
    replica_backed ... ✅
    prepare_backed ... ✅
    commit_backed ... ✅
    new_state_backed ... ❓
      Reasons for Unknown:
        recv_get_state_new_state_backed_0_WP, recv_get_state_new_state_backed_tr_0_TR
          TIMEOUT
    start_view_backed ... ✅
    dvc_backed ... ✅
    rr_backed ... ❓
      Reasons for Unknown:
        recv_get_state_rr_backed_0_WP, recv_get_state_rr_backed_tr_0_TR
          TIMEOUT
    survives_frag ... ✅
    survives_start_view ... ✅
    survives_vote ... ✅
    survives_rr ... ✅
    survives_replica ... ✅
    acks_current ... ✅
    catching_up_not_primary ... ✅
    acks_hold ... ✅
    primary_longest_frag ... ✅
    primary_longest_replica ... ✅
    primary_longest_ack ... ✅
    primary_holds_view ... ✅
    votes_are_dvcs ... ✅
    chosen_are_dvcs ... ✅
    chosen_best_chosen ... ✅
    chosen_best_is_best ... ✅
    start_view_chosen ... ✅
    start_view_extends_best ... ✅
    chosen_votes_cover ... ✅
    prepare_ok_below_view ... ✅
    svc_below_view ... ✅
    dvc_below_view ... ✅
    get_state_below_view ... ✅
    recovery_below_view ... ✅
    rr_below_view ... ✅
    recovery_covers_acks ... ✅
    started_views ... ✅
  timeout
    doesNotThrow ... ✅
    prefix_agreement ... ✅
    commit_bounded ... ✅
    last_normal_le_view ... ✅
    normal_last_normal ... ✅
    catching_up_view_change ... ✅
    recovering_empty ... ✅
    log_within ... ✅
    log_dense ... ✅
    log_unique ... ✅
    frag_positive ... ✅
    wf_prepare ... ✅
    wf_new_state ... ✅
    wf_start_view ... ✅
    wf_dvc ... ✅
    wf_rr_state ... ✅
    one_log_per_view ... ✅
    covered ... ✅
    replica_backed ... ✅
    prepare_backed ... ✅
    commit_backed ... ✅
    new_state_backed ... ✅
    start_view_backed ... ✅
    dvc_backed ... ✅
    rr_backed ... ✅
    survives_frag ... ✅
    survives_start_view ... ✅
    survives_vote ... ✅
    survives_rr ... ✅
    survives_replica ... ✅
    acks_current ... ✅
    catching_up_not_primary ... ✅
    acks_hold ... ✅
    primary_longest_frag ... ✅
    primary_longest_replica ... ✅
    primary_longest_ack ... ✅
    primary_holds_view ... ✅
    votes_are_dvcs ... ✅
    chosen_are_dvcs ... ✅
    chosen_best_chosen ... ✅
    chosen_best_is_best ... ✅
    start_view_chosen ... ✅
    start_view_extends_best ... ✅
    chosen_votes_cover ... ✅
    prepare_ok_below_view ... ✅
    svc_below_view ... ✅
    dvc_below_view ... ✅
    get_state_below_view ... ✅
    recovery_below_view ... ✅
    rr_below_view ... ✅
    recovery_covers_acks ... ✅
    started_views ... ✅
  commit_quorum
    doesNotThrow ... 💥
      Exceptions:
        commit_quorum_doesNotThrow_0_WP
          Unknown constant `Invariants.core_simplified_eq`
    prefix_agreement ... 💥
      Exceptions:
        commit_quorum_prefix_agreement_tr_0_TR
          cannot translate fun x => x, SMT-LIB does not support lambdas
    commit_bounded ... ✅
    last_normal_le_view ... ✅
    normal_last_normal ... ✅
    catching_up_view_change ... ✅
    recovering_empty ... ✅
    log_within ... ✅
    log_dense ... ✅
    log_unique ... ✅
    frag_positive ... ✅
    wf_prepare ... ✅
    wf_new_state ... ✅
    wf_start_view ... ✅
    wf_dvc ... ✅
    wf_rr_state ... ✅
    one_log_per_view ... ✅
    covered ... ✅
    replica_backed ... ✅
    prepare_backed ... ✅
    commit_backed ... ✅
    new_state_backed ... ✅
    start_view_backed ... ✅
    dvc_backed ... ✅
    rr_backed ... ✅
    survives_frag ... ✅
    survives_start_view ... ✅
    survives_vote ... ✅
    survives_rr ... ✅
    survives_replica ... ✅
    acks_current ... ✅
    catching_up_not_primary ... ✅
    acks_hold ... ✅
    primary_longest_frag ... ✅
    primary_longest_replica ... ✅
    primary_longest_ack ... ✅
    primary_holds_view ... ✅
    votes_are_dvcs ... ✅
    chosen_are_dvcs ... ✅
    chosen_best_chosen ... ✅
    chosen_best_is_best ... ✅
    start_view_chosen ... ✅
    start_view_extends_best ... ✅
    chosen_votes_cover ... ✅
    prepare_ok_below_view ... ✅
    svc_below_view ... ✅
    dvc_below_view ... ✅
    get_state_below_view ... ✅
    recovery_below_view ... ✅
    rr_below_view ... ✅
    recovery_covers_acks ... ✅
    started_views ... ✅
  recv_recovery_response
    doesNotThrow ... ✅
    prefix_agreement ... ✅
    commit_bounded ... ✅
    last_normal_le_view ... ✅
    normal_last_normal ... ✅
    catching_up_view_change ... ✅
    recovering_empty ... ✅
    log_within ... ✅
    log_dense ... ✅
    log_unique ... ✅
    frag_positive ... ✅
    wf_prepare ... ✅
    wf_new_state ... ✅
    wf_start_view ... ✅
    wf_dvc ... ✅
    wf_rr_state ... ✅
    one_log_per_view ... ✅
    covered ... ✅
    replica_backed ... ✅
    prepare_backed ... ✅
    commit_backed ... ✅
    new_state_backed ... ✅
    start_view_backed ... ✅
    dvc_backed ... ✅
    rr_backed ... ✅
    survives_frag ... ✅
    survives_start_view ... ✅
    survives_vote ... ✅
    survives_rr ... ✅
    survives_replica ... ✅
    acks_current ... ✅
    catching_up_not_primary ... ✅
    acks_hold ... ✅
    primary_longest_frag ... ✅
    primary_longest_replica ... ✅
    primary_longest_ack ... ✅
    primary_holds_view ... ✅
    votes_are_dvcs ... ✅
    chosen_are_dvcs ... ✅
    chosen_best_chosen ... ✅
    chosen_best_is_best ... ✅
    start_view_chosen ... ✅
    start_view_extends_best ... ✅
    chosen_votes_cover ... ✅
    prepare_ok_below_view ... ✅
    svc_below_view ... ✅
    dvc_below_view ... ✅
    get_state_below_view ... ✅
    recovery_below_view ... ✅
    rr_below_view ... ✅
    recovery_covers_acks ... ✅
    started_views ... ✅
  crash_recover
    doesNotThrow ... ✅
    prefix_agreement ... ✅
    commit_bounded ... ✅
    last_normal_le_view ... ✅
    normal_last_normal ... ✅
    catching_up_view_change ... ✅
    recovering_empty ... ✅
    log_within ... ✅
    log_dense ... ✅
    log_unique ... ✅
    frag_positive ... ✅
    wf_prepare ... ✅
    wf_new_state ... ✅
    wf_start_view ... ✅
    wf_dvc ... ✅
    wf_rr_state ... ✅
    one_log_per_view ... ✅
    covered ... ✅
    replica_backed ... ✅
    prepare_backed ... ✅
    commit_backed ... ✅
    new_state_backed ... ✅
    start_view_backed ... ✅
    dvc_backed ... ✅
    rr_backed ... ✅
    survives_frag ... ✅
    survives_start_view ... ✅
    survives_vote ... ✅
    survives_rr ... ✅
    survives_replica ... ✅
    acks_current ... ✅
    catching_up_not_primary ... ✅
    acks_hold ... ✅
    primary_longest_frag ... ✅
    primary_longest_replica ... ✅
    primary_longest_ack ... ✅
    primary_holds_view ... ✅
    votes_are_dvcs ... ✅
    chosen_are_dvcs ... ✅
    chosen_best_chosen ... ✅
    chosen_best_is_best ... ✅
    start_view_chosen ... ✅
    start_view_extends_best ... ✅
    chosen_votes_cover ... ✅
    prepare_ok_below_view ... ✅
    svc_below_view ... ✅
    dvc_below_view ... ✅
    get_state_below_view ... ✅
    recovery_below_view ... ✅
    rr_below_view ... ✅
    recovery_covers_acks ... ❌
      Counterexample (WP):
        Theory:
          enum status_t = {normal, recovering, state_transfer, view_change}
          ix.le = [[0, 0], [1, 0], [1, 1]]
          ix.lt = [[1, 0]]
          ix.next = [[1, 0]]
          ix.zero = 1
          member = [[0, 0], [1, 0]]
          primary = [[0, 0]]
          vw.le = [[0, 0]]
          vw.lt = []
          vw.next = []
          vw.zero = 0
        Pre-state:
          acks = [[[0, 0], 0], [[0, 1], 0], [[1, 0], 0], [[1, 0], 1], [[1, 1], 0], [[1, 1], 1]]
          catching_up = []
          chosen = []
          chosen_best = []
          commit = [[0, 1], [1, 1]]
          cur_view = [[0, 0], [1, 0]]
          dvc_sent = []
          frag = [[[0, 0], 0]]
          last_normal = [[0, 0], [1, 0]]
          log = [[[0, 0], 0]]
          log_len = [[0, 0], [1, 1]]
          m_commit = []
          m_dvc = []
          m_get_state = [[[0, 0], 0], [[0, 0], 1], [[1, 0], 0], [[1, 0], 1]]
          m_new_state = []
          m_prepare = []
          m_prepare_ok = [[[0, 0], 0]]
          m_recovery = [[[0, 0], 0], [[1, 0], 0]]
          m_rr = [[[0, 0], 0], [[0, 1], 0]]
          m_rr_state = [[[[[0, 0], 0], 1], 1]]
          m_start_view = []
          m_svc = [[0, 0], [0, 1]]
          nonce_used = []
          rec_from = []
          rec_nonce = [[0, 0], [1, 0]]
          status = [[0, normal], [1, view_change]]
          svc_from = []
          vote_commit = [[0, 0, 0], [0, 1, 0]]
          vote_len = [[0, 0, 0], [0, 1, 0]]
          vote_lnv = [[0, 0, 0], [0, 1, 0]]
          votes = []
        Action: crash_recover(r=0, x=0)
      Counterexample (TR):
        Theory:
          enum status_t = {normal, recovering, state_transfer, view_change}
          ix.le = [[0, 0], [1, 0], [1, 1]]
          ix.lt = [[1, 0]]
          ix.next = [[1, 0]]
          ix.zero = 1
          member = [[0, 0], [1, 0]]
          primary = [[0, 1]]
          vw.le = [[0, 0]]
          vw.lt = []
          vw.next = []
          vw.zero = 0
        Pre-state:
          acks = [[[0, 0], 0], [[0, 0], 1], [[0, 1], 0], [[0, 1], 1], [[1, 0], 1], [[1, 1], 1]]
          catching_up = []
          chosen = []
          chosen_best = []
          commit = [[0, 0], [1, 0]]
          cur_view = [[0, 0], [1, 0]]
          dvc_sent = [0, 1]
          frag = [[[0, 0], 0]]
          last_normal = [[0, 0], [1, 0]]
          log = [[[0, 0], 0], [[1, 0], 0]]
          log_len = [[0, 0], [1, 0]]
          m_commit = [[0, 1]]
          m_dvc = []
          m_get_state = [[[0, 0], 0], [[0, 0], 1], [[1, 0], 0], [[1, 0], 1]]
          m_new_state = [[[[0, 1], 1], 1]]
          m_prepare = []
          m_prepare_ok = [[[0, 0], 0], [[0, 0], 1], [[0, 1], 0], [[0, 1], 1]]
          m_recovery = [[[0, 0], 0], [[1, 0], 0]]
          m_rr = [[[0, 0], 0], [[0, 1], 0]]
          m_rr_state = [[[[[0, 1], 0], 1], 1]]
          m_start_view = []
          m_svc = [[0, 0], [0, 1]]
          nonce_used = []
          rec_from = [[0, 0], [0, 1], [1, 0], [1, 1]]
          rec_nonce = [[0, 0], [1, 0]]
          status = [[0, view_change], [1, normal]]
          svc_from = [[0, 0], [0, 1], [1, 0], [1, 1]]
          vote_commit = [[0, 0, 1], [0, 1, 1]]
          vote_len = [[0, 0, 1], [0, 1, 0]]
          vote_lnv = [[0, 0, 0], [0, 1, 0]]
          votes = []
        Action: crash_recover(r=1, x=0)
        Post-state:
          acks = [[[0, 0], 0], [[0, 0], 1], [[0, 1], 0], [[0, 1], 1]]
          catching_up = []
          chosen = []
          chosen_best = []
          commit = [[0, 0], [1, 1]]
          cur_view = [[0, 0], [1, 0]]
          dvc_sent = [0]
          frag = [[[0, 0], 0]]
          last_normal = [[0, 0], [1, 0]]
          log = [[[0, 0], 0]]
          log_len = [[0, 0], [1, 1]]
          m_commit = [[0, 1]]
          m_dvc = []
          m_get_state = [[[0, 0], 0], [[0, 0], 1], [[1, 0], 0], [[1, 0], 1]]
          m_new_state = [[[[0, 1], 1], 1]]
          m_prepare = []
          m_prepare_ok = [[[0, 0], 0], [[0, 0], 1], [[0, 1], 0], [[0, 1], 1]]
          m_recovery = [[[0, 0], 0], [[1, 0], 0]]
          m_rr = [[[0, 0], 0], [[0, 1], 0]]
          m_rr_state = [[[[[0, 1], 0], 1], 1]]
          m_start_view = []
          m_svc = [[0, 0], [0, 1]]
          nonce_used = [0]
          rec_from = [[0, 0], [0, 1]]
          rec_nonce = [[0, 0], [1, 0]]
          status = [[0, view_change], [1, recovering]]
          svc_from = [[0, 0], [0, 1]]
          vote_commit = [[0, 0, 1], [0, 1, 1]]
          vote_len = [[0, 0, 1], [0, 1, 0]]
          vote_lnv = [[0, 0, 0], [0, 1, 0]]
          votes = []
    started_views ... ✅
  recv_prepare_ok
    doesNotThrow ... ✅
    prefix_agreement ... ✅
    commit_bounded ... ✅
    last_normal_le_view ... ✅
    normal_last_normal ... ✅
    catching_up_view_change ... ✅
    recovering_empty ... ✅
    log_within ... ✅
    log_dense ... ✅
    log_unique ... ✅
    frag_positive ... ✅
    wf_prepare ... ✅
    wf_new_state ... ✅
    wf_start_view ... ✅
    wf_dvc ... ✅
    wf_rr_state ... ✅
    one_log_per_view ... ✅
    covered ... ✅
    replica_backed ... ✅
    prepare_backed ... ✅
    commit_backed ... ✅
    new_state_backed ... ❓
      Reasons for Unknown:
        recv_prepare_ok_new_state_backed_0_WP, recv_prepare_ok_new_state_backed_tr_0_TR
          TIMEOUT
    start_view_backed ... ✅
    dvc_backed ... ✅
    rr_backed ... ✅
    survives_frag ... ✅
    survives_start_view ... ✅
    survives_vote ... ✅
    survives_rr ... ❓
      Reasons for Unknown:
        recv_prepare_ok_survives_rr_0_WP, recv_prepare_ok_survives_rr_tr_0_TR
          TIMEOUT
    survives_replica ... ✅
    acks_current ... ✅
    catching_up_not_primary ... ✅
    acks_hold ... ✅
    primary_longest_frag ... ✅
    primary_longest_replica ... ✅
    primary_longest_ack ... ✅
    primary_holds_view ... ✅
    votes_are_dvcs ... ✅
    chosen_are_dvcs ... ✅
    chosen_best_chosen ... ✅
    chosen_best_is_best ... ✅
    start_view_chosen ... ✅
    start_view_extends_best ... ✅
    chosen_votes_cover ... ✅
    prepare_ok_below_view ... ✅
    svc_below_view ... ✅
    dvc_below_view ... ✅
    get_state_below_view ... ✅
    recovery_below_view ... ✅
    rr_below_view ... ✅
    recovery_covers_acks ... ✅
    started_views ... ✅
  recv_recovery
    doesNotThrow ... ✅
    prefix_agreement ... ✅
    commit_bounded ... ✅
    last_normal_le_view ... ✅
    normal_last_normal ... ✅
    catching_up_view_change ... ✅
    recovering_empty ... ✅
    log_within ... ✅
    log_dense ... ✅
    log_unique ... ✅
    frag_positive ... ✅
    wf_prepare ... ✅
    wf_new_state ... ✅
    wf_start_view ... ✅
    wf_dvc ... ✅
    wf_rr_state ... ✅
    one_log_per_view ... ✅
    covered ... ✅
    replica_backed ... ✅
    prepare_backed ... ❓
      Reasons for Unknown:
        recv_recovery_prepare_backed_0_WP, recv_recovery_prepare_backed_tr_0_TR
          TIMEOUT
    commit_backed ... ✅
    new_state_backed ... ❓
      Reasons for Unknown:
        recv_recovery_new_state_backed_0_WP, recv_recovery_new_state_backed_tr_0_TR
          TIMEOUT
    start_view_backed ... ❓
      Reasons for Unknown:
        recv_recovery_start_view_backed_0_WP, recv_recovery_start_view_backed_tr_0_TR
          TIMEOUT
    dvc_backed ... ❓
      Reasons for Unknown:
        recv_recovery_dvc_backed_0_WP, recv_recovery_dvc_backed_tr_0_TR
          TIMEOUT
    rr_backed ... ❓
      Reasons for Unknown:
        recv_recovery_rr_backed_0_WP, recv_recovery_rr_backed_tr_0_TR
          TIMEOUT
    survives_frag ... ✅
    survives_start_view ... ❓
      Reasons for Unknown:
        recv_recovery_survives_start_view_0_WP, recv_recovery_survives_start_view_tr_0_TR
          TIMEOUT
    survives_vote ... ✅
    survives_rr ... ❓
      Reasons for Unknown:
        recv_recovery_survives_rr_0_WP, recv_recovery_survives_rr_tr_0_TR
          TIMEOUT
    survives_replica ... ✅
    acks_current ... ✅
    catching_up_not_primary ... ✅
    acks_hold ... ✅
    primary_longest_frag ... ✅
    primary_longest_replica ... ✅
    primary_longest_ack ... ✅
    primary_holds_view ... ✅
    votes_are_dvcs ... ✅
    chosen_are_dvcs ... ✅
    chosen_best_chosen ... ✅
    chosen_best_is_best ... ✅
    start_view_chosen ... ✅
    start_view_extends_best ... ✅
    chosen_votes_cover ... ✅
    prepare_ok_below_view ... ✅
    svc_below_view ... ✅
    dvc_below_view ... ✅
    get_state_below_view ... ✅
    recovery_below_view ... ✅
    rr_below_view ... ✅
    recovery_covers_acks ... ✅
    started_views ... ✅
  recv_start_view_change
    doesNotThrow ... ✅
    prefix_agreement ... ✅
    commit_bounded ... ✅
    last_normal_le_view ... ✅
    normal_last_normal ... ✅
    catching_up_view_change ... ✅
    recovering_empty ... ✅
    log_within ... ✅
    log_dense ... ✅
    log_unique ... ✅
    frag_positive ... ✅
    wf_prepare ... ✅
    wf_new_state ... ✅
    wf_start_view ... ✅
    wf_dvc ... ✅
    wf_rr_state ... ✅
    one_log_per_view ... ✅
    covered ... ✅
    replica_backed ... ❓
      Reasons for Unknown:
        recv_start_view_change_replica_backed_0_WP, recv_start_view_change_replica_backed_tr_0_TR
          TIMEOUT
    prepare_backed ... ❓
      Reasons for Unknown:
        recv_start_view_change_prepare_backed_0_WP, recv_start_view_change_prepare_backed_tr_0_TR
          TIMEOUT
    commit_backed ... ❓
      Reasons for Unknown:
        recv_start_view_change_commit_backed_0_WP, recv_start_view_change_commit_backed_tr_0_TR
          TIMEOUT
    new_state_backed ... ❓
      Reasons for Unknown:
        recv_start_view_change_new_state_backed_0_WP, recv_start_view_change_new_state_backed_tr_0_TR
          TIMEOUT
    start_view_backed ... ❓
      Reasons for Unknown:
        recv_start_view_change_start_view_backed_0_WP, recv_start_view_change_start_view_backed_tr_0_TR
          TIMEOUT
    dvc_backed ... ❓
      Reasons for Unknown:
        recv_start_view_change_dvc_backed_0_WP, recv_start_view_change_dvc_backed_tr_0_TR
          TIMEOUT
    rr_backed ... ❓
      Reasons for Unknown:
        recv_start_view_change_rr_backed_0_WP, recv_start_view_change_rr_backed_tr_0_TR
          TIMEOUT
    survives_frag ... ✅
    survives_start_view ... ✅
    survives_vote ... ✅
    survives_rr ... ❓
      Reasons for Unknown:
        recv_start_view_change_survives_rr_0_WP, recv_start_view_change_survives_rr_tr_0_TR
          TIMEOUT
    survives_replica ... 💥
      Exceptions:
        recv_start_view_change_survives_replica_tr_0_TR
          cvc5.Error.error "Expected SMT-LIBv2 sort constructor, got `(` (LPAREN_TOK)."
    acks_current ... ✅
    catching_up_not_primary ... ✅
    acks_hold ... ✅
    primary_longest_frag ... ✅
    primary_longest_replica ... ✅
    primary_longest_ack ... ✅
    primary_holds_view ... ✅
    votes_are_dvcs ... ✅
    chosen_are_dvcs ... ✅
    chosen_best_chosen ... ✅
    chosen_best_is_best ... ✅
    start_view_chosen ... ❌
      Counterexample (WP):
        Theory:
          enum status_t = {normal, recovering, state_transfer, view_change}
          ix.le = [[0, 0]]
          ix.lt = []
          ix.next = []
          ix.zero = 0
          member = [[0, 0], [1, 0]]
          primary = [[0, 0]]
          vw.le = [[0, 0]]
          vw.lt = []
          vw.next = []
          vw.zero = 0
        Pre-state:
          acks = [[[0, 0], 0], [[1, 0], 0], [[1, 0], 1]]
          catching_up = []
          chosen = []
          chosen_best = []
          commit = [[0, 0], [1, 0]]
          cur_view = [[0, 0], [1, 0]]
          dvc_sent = []
          frag = []
          last_normal = [[0, 0], [1, 0]]
          log = []
          log_len = [[0, 0], [1, 0]]
          m_commit = []
          m_dvc = []
          m_get_state = [[[0, 0], 0]]
          m_new_state = []
          m_prepare = []
          m_prepare_ok = []
          m_recovery = [[[0, 0], 0]]
          m_rr = [[[0, 0], 0]]
          m_rr_state = []
          m_start_view = []
          m_svc = [[0, 0]]
          nonce_used = []
          rec_from = []
          rec_nonce = [[0, 0], [1, 0]]
          status = [[0, normal], [1, recovering]]
          svc_from = []
          vote_commit = [[0, 0, 0], [0, 1, 0]]
          vote_len = [[0, 0, 0], [0, 1, 0]]
          vote_lnv = [[0, 0, 0], [0, 1, 0]]
          votes = []
        Action: recv_start_view_change(q=0, r=0, v=0)
    start_view_extends_best ... ❌
      Counterexample (WP):
        Theory:
          enum status_t = {normal, recovering, state_transfer, view_change}
          ix.le = [[0, 0], [0, 1], [1, 1]]
          ix.lt = [[0, 1]]
          ix.next = [[0, 1]]
          ix.zero = 0
          member = [[0, 0], [1, 0]]
          primary = [[0, 0]]
          vw.le = [[0, 0]]
          vw.lt = []
          vw.next = []
          vw.zero = 0
        Pre-state:
          acks = []
          catching_up = []
          chosen = [[0, 0]]
          chosen_best = [[0, 0]]
          commit = [[0, 0], [1, 0]]
          cur_view = [[0, 0], [1, 0]]
          dvc_sent = []
          frag = []
          last_normal = [[0, 0], [1, 0]]
          log = []
          log_len = [[0, 0], [1, 0]]
          m_commit = []
          m_dvc = [[0, 0]]
          m_get_state = [[[0, 0], 0], [[0, 0], 1], [[1, 0], 0], [[1, 0], 1]]
          m_new_state = []
          m_prepare = []
          m_prepare_ok = []
          m_recovery = [[[0, 0], 0], [[1, 0], 0]]
          m_rr = [[[0, 0], 0], [[0, 1], 0]]
          m_rr_state = []
          m_start_view = []
          m_svc = [[0, 0], [0, 1]]
          nonce_used = []
          rec_from = []
          rec_nonce = [[0, 0], [1, 0]]
          status = [[0, normal], [1, recovering]]
          svc_from = []
          vote_commit = [[0, 0, 0], [0, 1, 0]]
          vote_len = [[0, 0, 1], [0, 1, 0]]
          vote_lnv = [[0, 0, 0], [0, 1, 0]]
          votes = [[0, 0], [1, 0]]
        Action: recv_start_view_change(q=0, r=0, v=0)
    chosen_votes_cover ... ✅
    prepare_ok_below_view ... ✅
    svc_below_view ... ✅
    dvc_below_view ... ✅
    get_state_below_view ... ✅
    recovery_below_view ... ✅
    rr_below_view ... ✅
    recovery_covers_acks ... ✅
    started_views ... ✅
  primary_idle
    doesNotThrow ... ✅
    prefix_agreement ... ✅
    commit_bounded ... ✅
    last_normal_le_view ... ✅
    normal_last_normal ... ✅
    catching_up_view_change ... ✅
    recovering_empty ... ✅
    log_within ... ✅
    log_dense ... ✅
    log_unique ... ✅
    frag_positive ... ✅
    wf_prepare ... ✅
    wf_new_state ... ✅
    wf_start_view ... ✅
    wf_dvc ... ✅
    wf_rr_state ... ✅
    one_log_per_view ... ✅
    covered ... ✅
    replica_backed ... ✅
    prepare_backed ... 💥
      Exceptions:
        primary_idle_prepare_backed_tr_0_TR
          cannot translate fun x => x, SMT-LIB does not support lambdas
    commit_backed ... 💥
      Exceptions:
        primary_idle_commit_backed_tr_0_TR
          cannot translate fun x => x, SMT-LIB does not support lambdas
    new_state_backed ... ✅
    start_view_backed ... ✅
    dvc_backed ... ✅
    rr_backed ... ✅
    survives_frag ... ✅
    survives_start_view ... ✅
    survives_vote ... ✅
    survives_rr ... 💥
      Exceptions:
        primary_idle_survives_rr_tr_0_TR
          cannot translate fun x => x, SMT-LIB does not support lambdas
    survives_replica ... ✅
    acks_current ... ✅
    catching_up_not_primary ... ✅
    acks_hold ... ✅
    primary_longest_frag ... ✅
    primary_longest_replica ... ✅
    primary_longest_ack ... ✅
    primary_holds_view ... ✅
    votes_are_dvcs ... ✅
    chosen_are_dvcs ... ✅
    chosen_best_chosen ... ✅
    chosen_best_is_best ... ✅
    start_view_chosen ... ✅
    start_view_extends_best ... ✅
    chosen_votes_cover ... ✅
    prepare_ok_below_view ... ✅
    svc_below_view ... ✅
    dvc_below_view ... ✅
    get_state_below_view ... ✅
    recovery_below_view ... ✅
    rr_below_view ... ✅
    recovery_covers_acks ... ✅
    started_views ... ✅
  recv_prepare
    doesNotThrow ... 💥
      Exceptions:
        recv_prepare_doesNotThrow_0_WP
          Unknown constant `Invariants.core_simplified_eq`
    prefix_agreement ... 💥
      Exceptions:
        recv_prepare_prefix_agreement_tr_0_TR
          Tactic `simp` failed with a nested error:
          (deterministic) timeout at `simp`, maximum number of heartbeats (500000) has been reached
          
          Note: Use `set_option maxHeartbeats <num>` to set the limit.
          
          Hint: Additional diagnostic information may be available using the `set_option diagnostics true` command.
        recv_prepare_prefix_agreement_tr_0_TR
          mkDischargerResult: overallSmtResult is unsat, but no witness provided
    commit_bounded ... ✅
    last_normal_le_view ... ✅
    normal_last_normal ... ✅
    catching_up_view_change ... ✅
    recovering_empty ... ✅
    log_within ... ✅
    log_dense ... ✅
    log_unique ... ✅
    frag_positive ... ✅
    wf_prepare ... ✅
    wf_new_state ... ✅
    wf_start_view ... ✅
    wf_dvc ... ✅
    wf_rr_state ... ✅
    one_log_per_view ... ✅
    covered ... ✅
    replica_backed ... ❓
      Reasons for Unknown:
        recv_prepare_replica_backed_0_WP, recv_prepare_replica_backed_tr_0_TR
          TIMEOUT
    prepare_backed ... ❓
      Reasons for Unknown:
        recv_prepare_prepare_backed_0_WP, recv_prepare_prepare_backed_tr_0_TR
          TIMEOUT
    commit_backed ... ❓
      Reasons for Unknown:
        recv_prepare_commit_backed_0_WP, recv_prepare_commit_backed_tr_0_TR
          TIMEOUT
    new_state_backed ... ❓
      Reasons for Unknown:
        recv_prepare_new_state_backed_0_WP, recv_prepare_new_state_backed_tr_0_TR
          TIMEOUT
    start_view_backed ... ❓
      Reasons for Unknown:
        recv_prepare_start_view_backed_0_WP, recv_prepare_start_view_backed_tr_0_TR
          TIMEOUT
    dvc_backed ... ❓
      Reasons for Unknown:
        recv_prepare_dvc_backed_0_WP, recv_prepare_dvc_backed_tr_0_TR
          TIMEOUT
    rr_backed ... ❓
      Reasons for Unknown:
        recv_prepare_rr_backed_0_WP, recv_prepare_rr_backed_tr_0_TR
          TIMEOUT
    survives_frag ... 💥
      Exceptions:
        recv_prepare_survives_frag_tr_0_TR
          Tactic `simp` failed with a nested error:
          (deterministic) timeout at `whnf`, maximum number of heartbeats (500000) has been reached
          
          Note: Use `set_option maxHeartbeats <num>` to set the limit.
          
          Hint: Additional diagnostic information may be available using the `set_option diagnostics true` command.
        recv_prepare_survives_frag_tr_0_TR
          mkDischargerResult: overallSmtResult is unsat, but no witness provided
    survives_start_view ... 💥
      Exceptions:
        recv_prepare_survives_start_view_tr_0_TR
          Tactic `simp` failed with a nested error:
          (deterministic) timeout at `simp`, maximum number of heartbeats (500000) has been reached
          
          Note: Use `set_option maxHeartbeats <num>` to set the limit.
          
          Hint: Additional diagnostic information may be available using the `set_option diagnostics true` command.
        recv_prepare_survives_start_view_tr_0_TR
          mkDischargerResult: overallSmtResult is unsat, but no witness provided
    survives_vote ... ❌
      Counterexample (WP):
        Theory:
          enum status_t = {normal, recovering, state_transfer, view_change}
          ix.le = [[0, 0], [0, 1], [1, 1]]
          ix.lt = [[0, 1]]
          ix.next = [[0, 1]]
          ix.zero = 0
          member = [[0, 0], [1, 0]]
          primary = [[0, 1], [1, 0]]
          vw.le = [[0, 0], [0, 1], [1, 1]]
          vw.lt = [[0, 1]]
          vw.next = [[0, 1]]
          vw.zero = 0
        Pre-state:
          acks = [[[0, 0], 0], [[0, 0], 1], [[0, 1], 0], [[0, 1], 1], [[1, 0], 0], [[1, 0], 1], [[1, 1], 0], [[1, 1], 1]]
          catching_up = []
          chosen = []
          chosen_best = []
          commit = [[0, 0], [1, 0]]
          cur_view = [[0, 0], [1, 1]]
          dvc_sent = []
          frag = [[[0, 1], 0]]
          last_normal = [[0, 0], [1, 0]]
          log = [[[0, 1], 0]]
          log_len = [[0, 1], [1, 0]]
          m_commit = [[0, 0], [1, 0]]
          m_dvc = [[1, 1]]
          m_get_state = [[[0, 0], 0], [[0, 0], 1], [[1, 0], 0], [[1, 0], 1], [[1, 1], 0], [[1, 1], 1]]
          m_new_state = []
          m_prepare = [[[[0, 1], 0], 0]]
          m_prepare_ok = [[[0, 0], 0]]
          m_recovery = [[[0, 0], 0], [[1, 0], 0], [[1, 0], 1]]
          m_rr = [[[0, 0], 0], [[0, 1], 0], [[0, 1], 1]]
          m_rr_state = []
          m_start_view = []
          m_svc = [[0, 0], [0, 1], [1, 1]]
          nonce_used = []
          rec_from = []
          rec_nonce = [[0, 0], [1, 0]]
          status = [[0, normal], [1, view_change]]
          svc_from = []
          vote_commit = [[0, 0, 0], [0, 1, 0], [1, 0, 0], [1, 1, 0]]
          vote_len = [[0, 0, 0], [0, 1, 0], [1, 0, 0], [1, 1, 0]]
          vote_lnv = [[0, 0, 1], [0, 1, 0], [1, 0, 0], [1, 1, 1]]
          votes = []
        Action: recv_prepare(e=0, k=0, n=1, r=0, v=0)
    survives_rr ... ❌
      Counterexample (WP):
        Theory:
          enum status_t = {normal, recovering, state_transfer, view_change}
          ix.le = [[0, 0], [1, 0], [1, 1]]
          ix.lt = [[1, 0]]
          ix.next = [[1, 0]]
          ix.zero = 1
          member = [[0, 0], [1, 0]]
          primary = [[0, 1], [1, 0]]
          vw.le = [[0, 0], [0, 1], [1, 1]]
          vw.lt = [[0, 1]]
          vw.next = [[0, 1]]
          vw.zero = 0
        Pre-state:
          acks = [[[0, 0], 0], [[0, 0], 1], [[0, 1], 0], [[0, 1], 1], [[1, 0], 0], [[1, 0], 1], [[1, 1], 0], [[1, 1], 1]]
          catching_up = []
          chosen = []
          chosen_best = []
          commit = [[0, 1], [1, 1]]
          cur_view = [[0, 0], [1, 1]]
          dvc_sent = []
          frag = [[[0, 0], 0]]
          last_normal = [[0, 0], [1, 0]]
          log = [[[0, 0], 0], [[1, 0], 0]]
          log_len = [[0, 0], [1, 0]]
          m_commit = [[0, 1], [1, 1]]
          m_dvc = []
          m_get_state = [[[0, 0], 0], [[0, 0], 1], [[1, 0], 0], [[1, 0], 1], [[1, 1], 0], [[1, 1], 1]]
          m_new_state = [[[[0, 0], 0], 1], [[[0, 1], 0], 1], [[[0, 1], 1], 1], [[[1, 0], 0], 1], [[[1, 1], 0], 1], [[[1, 1], 1], 1]]
          m_prepare = [[[[0, 0], 0], 1]]
          m_prepare_ok = [[[0, 1], 0]]
          m_recovery = [[[0, 0], 0], [[1, 0], 0], [[1, 0], 1]]
          m_rr = [[[0, 0], 0], [[0, 1], 0], [[0, 1], 1]]
          m_rr_state = [[[[[0, 1], 1], 0], 1]]
          m_start_view = []
          m_svc = [[0, 0], [0, 1], [1, 1]]
          nonce_used = []
          rec_from = []
          rec_nonce = [[0, 0], [1, 0]]
          status = [[0, normal], [1, view_change]]
          svc_from = []
          vote_commit = [[0, 0, 0], [0, 1, 0], [1, 0, 0], [1, 1, 0]]
          vote_len = [[0, 0, 0], [0, 1, 0], [1, 0, 0], [1, 1, 0]]
          vote_lnv = [[0, 0, 0], [0, 1, 0], [1, 0, 0], [1, 1, 0]]
          votes = []
        Action: recv_prepare(e=0, k=1, n=0, r=0, v=0)
    survives_replica ... ❌
      Counterexample (WP):
        Theory:
          enum status_t = {normal, recovering, state_transfer, view_change}
          ix.le = [[0, 0], [0, 1], [1, 1]]
          ix.lt = [[0, 1]]
          ix.next = [[0, 1]]
          ix.zero = 0
          member = [[0, 0], [1, 0]]
          primary = [[0, 1], [1, 0]]
          vw.le = [[0, 0], [0, 1], [1, 1]]
          vw.lt = [[0, 1]]
          vw.next = [[0, 1]]
          vw.zero = 0
        Pre-state:
          acks = [[[0, 0], 0], [[0, 0], 1], [[0, 1], 0], [[0, 1], 1], [[1, 0], 0], [[1, 0], 1], [[1, 1], 0], [[1, 1], 1]]
          catching_up = []
          chosen = []
          chosen_best = []
          commit = [[0, 0], [1, 0]]
          cur_view = [[0, 0], [1, 1]]
          dvc_sent = []
          frag = [[[0, 1], 0]]
          last_normal = [[0, 0], [1, 1]]
          log = []
          log_len = [[0, 0], [1, 0]]
          m_commit = [[0, 0], [1, 0]]
          m_dvc = []
          m_get_state = [[[0, 0], 0], [[0, 0], 1], [[1, 0], 0], [[1, 0], 1], [[1, 1], 0], [[1, 1], 1]]
          m_new_state = [[[[0, 0], 0], 0], [[[0, 0], 1], 0], [[[0, 1], 1], 0], [[[1, 0], 0], 0], [[[1, 0], 1], 0], [[[1, 1], 1], 0]]
          m_prepare = [[[[0, 1], 0], 0]]
          m_prepare_ok = [[[0, 0], 0]]
          m_recovery = [[[0, 0], 0], [[1, 0], 0], [[1, 0], 1]]
          m_rr = [[[0, 0], 0], [[0, 1], 0], [[0, 1], 1]]
          m_rr_state = []
          m_start_view = []
          m_svc = [[0, 0], [0, 1], [1, 1]]
          nonce_used = []
          rec_from = []
          rec_nonce = [[0, 0], [1, 0]]
          status = [[0, normal], [1, normal]]
          svc_from = []
          vote_commit = [[0, 0, 0], [0, 1, 0], [1, 0, 0], [1, 1, 0]]
          vote_len = [[0, 0, 0], [0, 1, 0], [1, 0, 0], [1, 1, 0]]
          vote_lnv = [[0, 0, 0], [0, 1, 0], [1, 0, 0], [1, 1, 0]]
          votes = []
        Action: recv_prepare(e=0, k=0, n=1, r=0, v=0)
    acks_current ... ✅
    catching_up_not_primary ... ❌
      Counterexample (WP):
        Theory:
          enum status_t = {normal, recovering, state_transfer, view_change}
          ix.le = [[0, 0], [1, 0], [1, 1]]
          ix.lt = [[1, 0]]
          ix.next = [[1, 0]]
          ix.zero = 1
          member = [[0, 0], [1, 0]]
          primary = [[0, 0]]
          vw.le = [[0, 0]]
          vw.lt = []
          vw.next = []
          vw.zero = 0
        Pre-state:
          acks = [[[0, 0], 0], [[0, 0], 1], [[0, 1], 0], [[0, 1], 1], [[1, 0], 0], [[1, 0], 1], [[1, 1], 0], [[1, 1], 1]]
          catching_up = []
          chosen = []
          chosen_best = []
          commit = [[0, 0], [1, 0]]
          cur_view = [[0, 0], [1, 0]]
          dvc_sent = []
          frag = [[[0, 0], 0]]
          last_normal = [[0, 0], [1, 0]]
          log = [[[0, 0], 0], [[1, 0], 0]]
          log_len = [[0, 0], [1, 0]]
          m_commit = []
          m_dvc = []
          m_get_state = [[[0, 0], 0], [[0, 0], 1], [[1, 0], 0], [[1, 0], 1]]
          m_new_state = []
          m_prepare = [[[[0, 0], 0], 0]]
          m_prepare_ok = [[[0, 0], 0], [[0, 0], 1], [[0, 1], 0], [[0, 1], 1]]
          m_recovery = [[[0, 0], 0], [[1, 0], 0]]
          m_rr = [[[0, 0], 0], [[0, 1], 0]]
          m_rr_state = []
          m_start_view = []
          m_svc = [[0, 0], [0, 1]]
          nonce_used = []
          rec_from = []
          rec_nonce = [[0, 0], [1, 0]]
          status = [[0, view_change], [1, view_change]]
          svc_from = []
          vote_commit = [[0, 0, 0], [0, 1, 0]]
          vote_len = [[0, 0, 0], [0, 1, 0]]
          vote_lnv = [[0, 0, 0], [0, 1, 0]]
          votes = []
        Action: recv_prepare(e=0, k=0, n=0, r=0, v=0)
      Counterexample (TR):
        Theory:
          enum status_t = {normal, recovering, state_transfer, view_change}
          ix.le = [[0, 0], [0, 1], [1, 1]]
          ix.lt = [[0, 1]]
          ix.next = [[0, 1]]
          ix.zero = 0
          member = [[1, 0], [2, 0]]
          primary = [[0, 0], [1, 0]]
          vw.le = [[0, 0], [1, 0], [1, 1]]
          vw.lt = [[1, 0]]
          vw.next = [[1, 0]]
          vw.zero = 1
        Pre-state:
          acks = [[[0, 0], 0]]
          catching_up = []
          chosen = [[0, 1], [0, 2]]
          chosen_best = []
          commit = [[0, 0], [1, 0], [2, 0]]
          cur_view = [[0, 1], [1, 0], [2, 0]]
          dvc_sent = [0, 1, 2]
          frag = [[[0, 1], 0]]
          last_normal = [[0, 1], [1, 0], [2, 0]]
          log = [[[2, 1], 0]]
          log_len = [[0, 0], [1, 0], [2, 1]]
          m_commit = [[0, 0], [0, 1], [1, 0]]
          m_dvc = [[0, 1], [0, 2]]
          m_get_state = [[[0, 1], 0], [[0, 1], 1], [[1, 0], 0], [[1, 0], 1]]
          m_new_state = [[[[0, 0], 0], 0], [[[0, 0], 1], 0], [[[0, 1], 1], 1]]
          m_prepare = [[[[0, 1], 0], 0], [[[0, 1], 0], 1]]
          m_prepare_ok = [[[0, 0], 1], [[0, 1], 1], [[0, 1], 2]]
          m_recovery = [[[0, 0], 1], [[1, 0], 0], [[1, 0], 1]]
          m_rr = [[[0, 0], 1], [[0, 1], 0], [[0, 1], 1]]
          m_rr_state = []
          m_start_view = [[[0, 0], 0], [[0, 1], 0], [[0, 1], 1]]
          m_svc = [[0, 1], [1, 0], [1, 1]]
          nonce_used = [0]
          rec_from = [[0, 0], [0, 1], [0, 2], [1, 0], [1, 1], [1, 2], [2, 0], [2, 1], [2, 2]]
          rec_nonce = [[0, 0], [1, 0], [2, 0]]
          status = [[0, normal], [1, recovering], [2, view_change]]
          svc_from = [[0, 0], [0, 1], [0, 2], [1, 0], [1, 1], [1, 2], [2, 0], [2, 1], [2, 2]]
          vote_commit = [[0, 0, 0], [0, 1, 0], [0, 2, 0], [1, 0, 1], [1, 1, 0], [1, 2, 1]]
          vote_len = [[0, 0, 1], [0, 1, 0], [0, 2, 1], [1, 0, 1], [1, 1, 0], [1, 2, 1]]
          vote_lnv = [[0, 0, 0], [0, 1, 1], [0, 2, 1], [1, 0, 0], [1, 1, 0], [1, 2, 1]]
          votes = [[1, 1]]
        Action: recv_prepare(e=0, k=1, n=1, r=0, v=0)
        Post-state:
          acks = [[[0, 0], 0]]
          catching_up = [0]
          chosen = [[0, 1], [0, 2]]
          chosen_best = []
          commit = [[0, 0], [1, 0], [2, 0]]
          cur_view = [[0, 0], [1, 0], [2, 0]]
          dvc_sent = [1, 2]
          frag = [[[0, 1], 0]]
          last_normal = [[0, 1], [1, 0], [2, 0]]
          log = [[[2, 1], 0]]
          log_len = [[0, 0], [1, 0], [2, 1]]
          m_commit = [[0, 0], [0, 1], [1, 0]]
          m_dvc = [[0, 1], [0, 2]]
          m_get_state = [[[0, 0], 0], [[0, 1], 0], [[0, 1], 1], [[1, 0], 0], [[1, 0], 1]]
          m_new_state = [[[[0, 0], 0], 0], [[[0, 0], 1], 0], [[[0, 1], 1], 1]]
          m_prepare = [[[[0, 1], 0], 0], [[[0, 1], 0], 1]]
          m_prepare_ok = [[[0, 0], 1], [[0, 1], 1], [[0, 1], 2]]
          m_recovery = [[[0, 0], 1], [[1, 0], 0], [[1, 0], 1]]
          m_rr = [[[0, 0], 1], [[0, 1], 0], [[0, 1], 1]]
          m_rr_state = []
          m_start_view = [[[0, 0], 0], [[0, 1], 0], [[0, 1], 1]]
          m_svc = [[0, 1], [1, 0], [1, 1]]
          nonce_used = [0]
          rec_from = [[0, 0], [0, 1], [0, 2], [1, 0], [1, 1], [1, 2], [2, 0], [2, 1], [2, 2]]
          rec_nonce = [[0, 0], [1, 0], [2, 0]]
          status = [[0, view_change], [1, recovering], [2, view_change]]
          svc_from = [[1, 0], [1, 1], [1, 2], [2, 0], [2, 1], [2, 2]]
          vote_commit = [[0, 0, 0], [0, 1, 0], [0, 2, 0], [1, 0, 1], [1, 1, 0], [1, 2, 1]]
          vote_len = [[0, 0, 1], [0, 1, 0], [0, 2, 1], [1, 0, 1], [1, 1, 0], [1, 2, 1]]
          vote_lnv = [[0, 0, 0], [0, 1, 1], [0, 2, 1], [1, 0, 0], [1, 1, 0], [1, 2, 1]]
          votes = [[1, 1]]
    acks_hold ... ✅
    primary_longest_frag ... ✅
    primary_longest_replica ... ✅
    primary_longest_ack ... ✅
    primary_holds_view ... ✅
    votes_are_dvcs ... ✅
    chosen_are_dvcs ... ✅
    chosen_best_chosen ... ✅
    chosen_best_is_best ... ✅
    start_view_chosen ... ✅
    start_view_extends_best ... ✅
    chosen_votes_cover ... ❌
      Counterexample (WP):
        Theory:
          enum status_t = {normal, recovering, state_transfer, view_change}
          ix.le = [[0, 0], [1, 0], [1, 1]]
          ix.lt = [[1, 0]]
          ix.next = [[1, 0]]
          ix.zero = 1
          member = [[0, 0], [1, 0]]
          primary = [[0, 1]]
          vw.le = [[0, 0]]
          vw.lt = []
          vw.next = []
          vw.zero = 0
        Pre-state:
          acks = [[[0, 0], 0], [[0, 0], 1], [[0, 1], 0], [[0, 1], 1], [[1, 0], 0], [[1, 0], 1], [[1, 1], 0], [[1, 1], 1]]
          catching_up = []
          chosen = [[0, 0]]
          chosen_best = [[0, 0]]
          commit = [[0, 1], [1, 1]]
          cur_view = [[0, 0], [1, 0]]
          dvc_sent = []
          frag = [[[0, 0], 0]]
          last_normal = [[0, 0], [1, 0]]
          log = [[[0, 0], 0], [[1, 0], 0]]
          log_len = [[0, 0], [1, 0]]
          m_commit = [[0, 1]]
          m_dvc = [[0, 0]]
          m_get_state = [[[0, 0], 0], [[0, 0], 1], [[1, 0], 0], [[1, 0], 1]]
          m_new_state = [[[[0, 0], 0], 1], [[[0, 1], 0], 1], [[[0, 1], 1], 1]]
          m_prepare = [[[[0, 0], 0], 1]]
          m_prepare_ok = []
          m_recovery = [[[0, 0], 0], [[1, 0], 0]]
          m_rr = [[[0, 0], 0], [[0, 1], 0]]
          m_rr_state = [[[[[0, 0], 0], 1], 1], [[[[0, 1], 0], 0], 1], [[[[0, 1], 0], 1], 1]]
          m_start_view = []
          m_svc = [[0, 0], [0, 1]]
          nonce_used = []
          rec_from = []
          rec_nonce = [[0, 0], [1, 0]]
          status = [[0, normal], [1, view_change]]
          svc_from = []
          vote_commit = [[0, 0, 1], [0, 1, 0]]
          vote_len = [[0, 0, 1], [0, 1, 0]]
          vote_lnv = [[0, 0, 0], [0, 1, 0]]
          votes = [[0, 0], [1, 0]]
        Action: recv_prepare(e=0, k=1, n=0, r=0, v=0)
    prepare_ok_below_view ... ✅
    svc_below_view ... ✅
    dvc_below_view ... ✅
    get_state_below_view ... ✅
    recovery_below_view ... ✅
    rr_below_view ... ✅
    recovery_covers_acks ... ✅
    started_views ... ✅
  recv_new_state
    doesNotThrow ... 💥
      Exceptions:
        recv_new_state_doesNotThrow_0_WP
          Unknown constant `Invariants.core_simplified_eq`
    prefix_agreement ... 💥
      Exceptions:
        recv_new_state_prefix_agreement_tr_0_TR
          cannot translate fun x => x, SMT-LIB does not support lambdas
    commit_bounded ... ✅
    last_normal_le_view ... ✅
    normal_last_normal ... ✅
    catching_up_view_change ... ✅
    recovering_empty ... ✅
    log_within ... ✅
    log_dense ... ❌
      Counterexample (WP):
        Theory:
          enum status_t = {normal, recovering, state_transfer, view_change}
          ix.le = [[0, 0], [0, 1], [1, 1]]
          ix.lt = [[0, 1]]
          ix.next = [[0, 1]]
          ix.zero = 0
          member = [[0, 0], [1, 0]]
          primary = [[0, 0]]
          vw.le = [[0, 0]]
          vw.lt = []
          vw.next = []
          vw.zero = 0
        Pre-state:
          acks = [[[0, 0], 0], [[0, 0], 1], [[0, 1], 0], [[0, 1], 1], [[1, 0], 0], [[1, 0], 1], [[1, 1], 0], [[1, 1], 1]]
          catching_up = []
          chosen = []
          chosen_best = []
          commit = [[0, 0], [1, 0]]
          cur_view = [[0, 0], [1, 0]]
          dvc_sent = []
          frag = []
          last_normal = [[0, 0], [1, 0]]
          log = []
          log_len = [[0, 0], [1, 0]]
          m_commit = [[0, 0]]
          m_dvc = []
          m_get_state = [[[0, 0], 0], [[0, 0], 1], [[1, 0], 0], [[1, 0], 1]]
          m_new_state = [[[[0, 0], 0], 0], [[[0, 0], 1], 0], [[[0, 1], 1], 0]]
          m_prepare = []
          m_prepare_ok = [[[0, 0], 0], [[0, 0], 1]]
          m_recovery = [[[0, 0], 0], [[1, 0], 0]]
          m_rr = [[[0, 0], 0], [[0, 1], 0]]
          m_rr_state = []
          m_start_view = []
          m_svc = [[0, 0], [0, 1]]
          nonce_used = []
          rec_from = []
          rec_nonce = [[0, 0], [1, 0]]
          status = [[0, state_transfer], [1, recovering]]
          svc_from = []
          vote_commit = [[0, 0, 0], [0, 1, 0]]
          vote_len = [[0, 0, 0], [0, 1, 0]]
          vote_lnv = [[0, 0, 0], [0, 1, 0]]
          votes = []
        Action: recv_new_state(a=0, b=1, k=0, r=0, v=0)
    log_unique ... ✅
    frag_positive ... ✅
    wf_prepare ... ✅
    wf_new_state ... ✅
    wf_start_view ... ✅
    wf_dvc ... ✅
    wf_rr_state ... ✅
    one_log_per_view ... ✅
    covered ... ❌
      Counterexample (WP):
        Theory:
          enum status_t = {normal, recovering, state_transfer, view_change}
          ix.le = [[0, 0], [0, 1], [1, 1]]
          ix.lt = [[0, 1]]
          ix.next = [[0, 1]]
          ix.zero = 0
          member = [[0, 0], [1, 0]]
          primary = [[0, 1], [1, 1]]
          vw.le = [[0, 0], [1, 0], [1, 1]]
          vw.lt = [[1, 0]]
          vw.next = [[1, 0]]
          vw.zero = 1
        Pre-state:
          acks = [[[0, 0], 0], [[0, 0], 1], [[0, 1], 0], [[0, 1], 1], [[1, 0], 0], [[1, 0], 1], [[1, 1], 0], [[1, 1], 1]]
          catching_up = [0]
          chosen = []
          chosen_best = []
          commit = [[0, 1], [1, 0]]
          cur_view = [[0, 0], [1, 0]]
          dvc_sent = []
          frag = [[[1, 1], 0]]
          last_normal = [[0, 1], [1, 0]]
          log = [[[0, 1], 0]]
          log_len = [[0, 1], [1, 0]]
          m_commit = []
          m_dvc = []
          m_get_state = [[[0, 0], 0], [[0, 0], 1], [[0, 1], 0], [[0, 1], 1], [[1, 0], 0], [[1, 0], 1], [[1, 1], 0], [[1, 1], 1]]
          m_new_state = [[[[0, 1], 1], 0]]
          m_prepare = []
          m_prepare_ok = [[[1, 0], 0], [[1, 1], 0]]
          m_recovery = [[[0, 0], 0], [[0, 0], 1], [[1, 0], 0], [[1, 0], 1]]
          m_rr = [[[0, 0], 0], [[0, 0], 1], [[0, 1], 0], [[0, 1], 1]]
          m_rr_state = []
          m_start_view = []
          m_svc = [[0, 0], [0, 1], [1, 0], [1, 1]]
          nonce_used = []
          rec_from = []
          rec_nonce = [[0, 0], [1, 0]]
          status = [[0, view_change], [1, recovering]]
          svc_from = []
          vote_commit = [[0, 0, 0], [0, 1, 0], [1, 0, 0], [1, 1, 0]]
          vote_len = [[0, 0, 0], [0, 1, 0], [1, 0, 0], [1, 1, 0]]
          vote_lnv = [[0, 0, 0], [0, 1, 1], [1, 0, 1], [1, 1, 1]]
          votes = []
        Action: recv_new_state(a=1, b=1, k=0, r=0, v=0)
    replica_backed ... 💥
      Exceptions:
        recv_new_state_replica_backed_tr_0_TR
          cannot translate fun x => x, SMT-LIB does not support lambdas
    prepare_backed ... 💥
      Exceptions:
        recv_new_state_prepare_backed_tr_0_TR
          cannot translate fun x => x, SMT-LIB does not support lambdas
    commit_backed ... 💥
      Exceptions:
        recv_new_state_commit_backed_tr_0_TR
          cannot translate fun x => x, SMT-LIB does not support lambdas
    new_state_backed ... 💥
      Exceptions:
        recv_new_state_new_state_backed_tr_0_TR
          cannot translate fun x => x, SMT-LIB does not support lambdas
    start_view_backed ... 💥
      Exceptions:
        recv_new_state_start_view_backed_tr_0_TR
          cannot translate fun x => x, SMT-LIB does not support lambdas
    dvc_backed ... 💥
      Exceptions:
        recv_new_state_dvc_backed_tr_0_TR
          cannot translate fun x => x, SMT-LIB does not support lambdas
    rr_backed ... 💥
      Exceptions:
        recv_new_state_rr_backed_tr_0_TR
          cannot translate fun x => x, SMT-LIB does not support lambdas
    survives_frag ... ❌
      Counterexample (WP):
        Theory:
          enum status_t = {normal, recovering, state_transfer, view_change}
          ix.le = [[0, 0], [0, 1], [1, 1]]
          ix.lt = [[0, 1]]
          ix.next = [[0, 1]]
          ix.zero = 0
          member = [[0, 0], [1, 0], [1, 1], [2, 1]]
          primary = [[0, 1], [1, 0]]
          vw.le = [[0, 0], [0, 1], [1, 1]]
          vw.lt = [[0, 1]]
          vw.next = [[0, 1]]
          vw.zero = 0
        Pre-state:
          acks = [[[0, 0], 0], [[0, 0], 1], [[0, 0], 2], [[0, 1], 0], [[0, 1], 1], [[0, 1], 2], [[1, 0], 0], [[1, 0], 1], [[1, 0], 2], [[1, 1], 0], [[1, 1], 1], [[1, 1], 2], [[2, 0], 0], [[2, 0], 1], [[2, 0], 2], [[2, 1], 0], [[2, 1], 1], [[2, 1], 2]]
          catching_up = []
          chosen = [[1, 1], [1, 2]]
          chosen_best = []
          commit = [[0, 0], [1, 1], [2, 0]]
          cur_view = [[0, 0], [1, 1], [2, 1]]
          dvc_sent = []
          frag = [[[0, 1], 0], [[1, 1], 1]]
          last_normal = [[0, 0], [1, 1], [2, 1]]
          log = [[[1, 1], 1], [[2, 1], 1]]
          log_len = [[0, 0], [1, 1], [2, 1]]
          m_commit = [[0, 0], [1, 0], [1, 1]]
          m_dvc = [[1, 1], [1, 2]]
          m_get_state = [[[0, 0], 0], [[0, 0], 1], [[1, 0], 1], [[1, 1], 0], [[1, 1], 1], [[2, 0], 1], [[2, 1], 0], [[2, 1], 1]]
          m_new_state = [[[[0, 0], 0], 0], [[[0, 0], 1], 0], [[[0, 1], 1], 0], [[[1, 0], 0], 0], [[[1, 0], 1], 0], [[[1, 0], 1], 1], [[[1, 1], 1], 0], [[[1, 1], 1], 1]]
          m_prepare = []
          m_prepare_ok = [[[1, 1], 1], [[1, 1], 2]]
          m_recovery = [[[0, 0], 0], [[1, 0], 1], [[2, 0], 1]]
          m_rr = [[[0, 0], 0], [[0, 1], 1], [[0, 2], 1]]
          m_rr_state = []
          m_start_view = [[[1, 1], 1]]
          m_svc = [[0, 0], [1, 1], [1, 2]]
          nonce_used = []
          rec_from = []
          rec_nonce = [[0, 0], [1, 0], [2, 0]]
          status = [[0, state_transfer], [1, view_change], [2, view_change]]
          svc_from = []
          vote_commit = [[0, 0, 0], [0, 1, 1], [0, 2, 0], [1, 0, 1], [1, 1, 0], [1, 2, 0]]
          vote_len = [[0, 0, 1], [0, 1, 1], [0, 2, 0], [1, 0, 1], [1, 1, 1], [1, 2, 0]]
          vote_lnv = [[0, 0, 0], [0, 1, 0], [0, 2, 0], [1, 0, 0], [1, 1, 0], [1, 2, 0]]
          votes = []
        Action: recv_new_state(a=0, b=1, k=0, r=0, v=0)
    survives_start_view ... ❌
      Counterexample (WP):
        Theory:
          enum status_t = {normal, recovering, state_transfer, view_change}
          ix.le = [[0, 0], [1, 0], [1, 1]]
          ix.lt = [[1, 0]]
          ix.next = [[1, 0]]
          ix.zero = 1
          member = [[0, 0], [1, 0], [1, 1], [2, 1]]
          primary = [[0, 1], [1, 1]]
          vw.le = [[0, 0], [0, 1], [1, 1]]
          vw.lt = [[0, 1]]
          vw.next = [[0, 1]]
          vw.zero = 0
        Pre-state:
          acks = [[[0, 0], 0], [[0, 0], 1], [[0, 0], 2], [[0, 1], 0], [[0, 1], 1], [[0, 1], 2], [[1, 0], 0], [[1, 0], 1], [[1, 0], 2], [[1, 1], 0], [[1, 1], 1], [[1, 1], 2], [[2, 0], 0], [[2, 0], 1], [[2, 0], 2], [[2, 1], 0], [[2, 1], 1], [[2, 1], 2]]
          catching_up = []
          chosen = [[1, 1], [1, 2]]
          chosen_best = []
          commit = [[0, 1], [1, 1], [2, 1]]
          cur_view = [[0, 0], [1, 1], [2, 1]]
          dvc_sent = []
          frag = [[[0, 0], 0]]
          last_normal = [[0, 0], [1, 0], [2, 0]]
          log = []
          log_len = [[0, 1], [1, 1], [2, 1]]
          m_commit = [[0, 1], [1, 1]]
          m_dvc = [[1, 1], [1, 2]]
          m_get_state = [[[0, 0], 0], [[0, 0], 1], [[1, 0], 0], [[1, 0], 1], [[1, 1], 0], [[1, 1], 1], [[2, 0], 0], [[2, 0], 1], [[2, 1], 0], [[2, 1], 1]]
          m_new_state = [[[[0, 1], 0], 1]]
          m_prepare = []
          m_prepare_ok = []
          m_recovery = [[[0, 0], 0], [[1, 0], 0], [[1, 0], 1], [[2, 0], 0], [[2, 0], 1]]
          m_rr = [[[0, 0], 0], [[0, 1], 0], [[0, 1], 1], [[0, 2], 0], [[0, 2], 1]]
          m_rr_state = []
          m_start_view = [[[1, 0], 1], [[1, 1], 1]]
          m_svc = [[0, 0], [0, 1], [0, 2], [1, 1], [1, 2]]
          nonce_used = []
          rec_from = []
          rec_nonce = [[0, 0], [1, 0], [2, 0]]
          status = [[0, state_transfer], [1, view_change], [2, view_change]]
          svc_from = []
          vote_commit = [[0, 0, 1], [0, 1, 1], [0, 2, 0], [1, 0, 1], [1, 1, 1], [1, 2, 1]]
          vote_len = [[0, 0, 1], [0, 1, 1], [0, 2, 0], [1, 0, 1], [1, 1, 1], [1, 2, 0]]
          vote_lnv = [[0, 0, 0], [0, 1, 0], [0, 2, 0], [1, 0, 0], [1, 1, 0], [1, 2, 0]]
          votes = []
        Action: recv_new_state(a=1, b=0, k=1, r=0, v=0)
    survives_vote ... ❌
      Counterexample (WP):
        Theory:
          enum status_t = {normal, recovering, state_transfer, view_change}
          ix.le = [[0, 0], [0, 1], [1, 1]]
          ix.lt = [[0, 1]]
          ix.next = [[0, 1]]
          ix.zero = 0
          member = [[0, 0], [1, 0]]
          primary = [[0, 1], [1, 0]]
          vw.le = [[0, 0], [0, 1], [1, 1]]
          vw.lt = [[0, 1]]
          vw.next = [[0, 1]]
          vw.zero = 0
        Pre-state:
          acks = [[[0, 0], 0], [[0, 0], 1], [[0, 1], 0], [[0, 1], 1], [[1, 0], 0], [[1, 0], 1], [[1, 1], 0], [[1, 1], 1]]
          catching_up = []
          chosen = []
          chosen_best = []
          commit = [[0, 0], [1, 0]]
          cur_view = [[0, 0], [1, 1]]
          dvc_sent = []
          frag = [[[0, 1], 0]]
          last_normal = [[0, 0], [1, 0]]
          log = []
          log_len = [[0, 0], [1, 0]]
          m_commit = [[0, 0], [1, 0]]
          m_dvc = [[1, 1]]
          m_get_state = [[[0, 0], 0], [[0, 0], 1], [[1, 0], 1], [[1, 1], 0], [[1, 1], 1]]
          m_new_state = [[[[0, 0], 0], 0], [[[0, 0], 1], 0], [[[0, 1], 1], 0], [[[1, 0], 0], 0], [[[1, 0], 1], 0], [[[1, 1], 1], 0]]
          m_prepare = []
          m_prepare_ok = []
          m_recovery = [[[0, 0], 0], [[1, 0], 1]]
          m_rr = [[[0, 0], 0], [[0, 1], 1]]
          m_rr_state = []
          m_start_view = []
          m_svc = [[0, 0], [1, 1]]
          nonce_used = []
          rec_from = []
          rec_nonce = [[0, 0], [1, 0]]
          status = [[0, state_transfer], [1, view_change]]
          svc_from = []
          vote_commit = [[0, 0, 0], [0, 1, 0], [1, 0, 0], [1, 1, 0]]
          vote_len = [[0, 0, 0], [0, 1, 0], [1, 0, 0], [1, 1, 0]]
          vote_lnv = [[0, 0, 0], [0, 1, 0], [1, 0, 0], [1, 1, 1]]
          votes = []
        Action: recv_new_state(a=0, b=1, k=0, r=0, v=0)
    survives_rr ... ❌
      Counterexample (WP):
        Theory:
          enum status_t = {normal, recovering, state_transfer, view_change}
          ix.le = [[0, 0], [0, 1], [1, 1]]
          ix.lt = [[0, 1]]
          ix.next = [[0, 1]]
          ix.zero = 0
          member = [[0, 0], [1, 0]]
          primary = [[0, 1], [1, 0]]
          vw.le = [[0, 0], [0, 1], [1, 1]]
          vw.lt = [[0, 1]]
          vw.next = [[0, 1]]
          vw.zero = 0
        Pre-state:
          acks = [[[0, 0], 0], [[0, 0], 1], [[0, 1], 0], [[0, 1], 1], [[1, 0], 0], [[1, 0], 1], [[1, 1], 0], [[1, 1], 1]]
          catching_up = []
          chosen = []
          chosen_best = []
          commit = [[0, 0], [1, 0]]
          cur_view = [[0, 0], [1, 1]]
          dvc_sent = []
          frag = [[[0, 1], 0]]
          last_normal = [[0, 0], [1, 0]]
          log = []
          log_len = [[0, 0], [1, 0]]
          m_commit = [[0, 0], [1, 0]]
          m_dvc = []
          m_get_state = [[[0, 0], 0], [[0, 0], 1], [[1, 0], 1], [[1, 1], 0], [[1, 1], 1]]
          m_new_state = [[[[0, 0], 0], 0], [[[0, 0], 1], 0], [[[0, 1], 1], 0], [[[1, 0], 0], 0], [[[1, 0], 1], 0], [[[1, 1], 1], 0]]
          m_prepare = []
          m_prepare_ok = []
          m_recovery = [[[0, 0], 0], [[1, 0], 1]]
          m_rr = [[[0, 0], 0], [[0, 1], 1]]
          m_rr_state = [[[[[0, 1], 1], 1], 0]]
          m_start_view = []
          m_svc = [[0, 0], [1, 1]]
          nonce_used = []
          rec_from = []
          rec_nonce = [[0, 0], [1, 0]]
          status = [[0, state_transfer], [1, view_change]]
          svc_from = []
          vote_commit = [[0, 0, 0], [0, 1, 0], [1, 0, 0], [1, 1, 0]]
          vote_len = [[0, 0, 0], [0, 1, 0], [1, 0, 0], [1, 1, 0]]
          vote_lnv = [[0, 0, 0], [0, 1, 0], [1, 0, 0], [1, 1, 0]]
          votes = []
        Action: recv_new_state(a=0, b=1, k=0, r=0, v=0)
    survives_replica ... ❌
      Counterexample (WP):
        Theory:
          enum status_t = {normal, recovering, state_transfer, view_change}
          ix.le = [[0, 0], [0, 1], [1, 1]]
          ix.lt = [[0, 1]]
          ix.next = [[0, 1]]
          ix.zero = 0
          member = [[0, 0], [1, 0]]
          primary = [[0, 1], [1, 1]]
          vw.le = [[0, 0], [0, 1], [1, 1]]
          vw.lt = [[0, 1]]
          vw.next = [[0, 1]]
          vw.zero = 0
        Pre-state:
          acks = [[[0, 0], 0], [[0, 0], 1], [[0, 1], 0], [[0, 1], 1], [[1, 0], 0], [[1, 0], 1], [[1, 1], 0], [[1, 1], 1]]
          catching_up = []
          chosen = []
          chosen_best = []
          commit = [[0, 0], [1, 0]]
          cur_view = [[0, 0], [1, 1]]
          dvc_sent = []
          frag = [[[0, 1], 0]]
          last_normal = [[0, 0], [1, 1]]
          log = []
          log_len = [[0, 0], [1, 0]]
          m_commit = [[0, 0], [1, 0]]
          m_dvc = []
          m_get_state = [[[0, 0], 0], [[0, 0], 1], [[1, 0], 0], [[1, 0], 1], [[1, 1], 0], [[1, 1], 1]]
          m_new_state = [[[[0, 0], 1], 0]]
          m_prepare = []
          m_prepare_ok = [[[0, 0], 0], [[0, 0], 1]]
          m_recovery = [[[0, 0], 0], [[1, 0], 0], [[1, 0], 1]]
          m_rr = [[[0, 0], 0], [[0, 1], 0], [[0, 1], 1]]
          m_rr_state = []
          m_start_view = []
          m_svc = [[0, 0], [0, 1], [1, 1]]
          nonce_used = []
          rec_from = []
          rec_nonce = [[0, 0], [1, 0]]
          status = [[0, state_transfer], [1, view_change]]
          svc_from = []
          vote_commit = [[0, 0, 0], [0, 1, 0], [1, 0, 0], [1, 1, 0]]
          vote_len = [[0, 0, 0], [0, 1, 0], [1, 0, 0], [1, 1, 0]]
          vote_lnv = [[0, 0, 0], [0, 1, 0], [1, 0, 0], [1, 1, 0]]
          votes = []
        Action: recv_new_state(a=0, b=1, k=0, r=0, v=0)
    acks_current ... ❌
      Counterexample (WP):
        Theory:
          enum status_t = {normal, recovering, state_transfer, view_change}
          ix.le = [[0, 0], [1, 0], [1, 1]]
          ix.lt = [[1, 0]]
          ix.next = [[1, 0]]
          ix.zero = 1
          member = [[0, 0], [1, 0]]
          primary = [[0, 0]]
          vw.le = [[0, 0]]
          vw.lt = []
          vw.next = []
          vw.zero = 0
        Pre-state:
          acks = [[[0, 0], 0], [[0, 0], 1], [[0, 1], 0], [[0, 1], 1], [[1, 0], 0], [[1, 0], 1], [[1, 1], 0], [[1, 1], 1]]
          catching_up = []
          chosen = []
          chosen_best = []
          commit = [[0, 1], [1, 1]]
          cur_view = [[0, 0], [1, 0]]
          dvc_sent = []
          frag = [[[0, 0], 0]]
          last_normal = [[0, 0], [1, 0]]
          log = []
          log_len = [[0, 1], [1, 1]]
          m_commit = []
          m_dvc = []
          m_get_state = [[[0, 0], 0], [[0, 0], 1], [[1, 0], 0], [[1, 0], 1]]
          m_new_state = [[[[0, 0], 0], 0], [[[0, 0], 0], 1], [[[0, 1], 0], 0], [[[0, 1], 0], 1], [[[0, 1], 1], 1]]
          m_prepare = []
          m_prepare_ok = [[[0, 0], 1]]
          m_recovery = [[[0, 0], 0], [[1, 0], 0]]
          m_rr = [[[0, 0], 0], [[0, 1], 0]]
          m_rr_state = []
          m_start_view = []
          m_svc = [[0, 0], [0, 1]]
          nonce_used = []
          rec_from = []
          rec_nonce = [[0, 0], [1, 0]]
          status = [[0, state_transfer], [1, recovering]]
          svc_from = []
          vote_commit = [[0, 0, 0], [0, 1, 0]]
          vote_len = [[0, 0, 0], [0, 1, 0]]
          vote_lnv = [[0, 0, 0], [0, 1, 0]]
          votes = []
        Action: recv_new_state(a=1, b=0, k=0, r=0, v=0)
    catching_up_not_primary ... ✅
    acks_hold ... ❌
      Counterexample (WP):
        Theory:
          enum status_t = {normal, recovering, state_transfer, view_change}
          ix.le = [[0, 0], [0, 1], [1, 1]]
          ix.lt = [[0, 1]]
          ix.next = [[0, 1]]
          ix.zero = 0
          member = [[0, 0], [1, 0]]
          primary = [[0, 1]]
          vw.le = [[0, 0]]
          vw.lt = []
          vw.next = []
          vw.zero = 0
        Pre-state:
          acks = [[[0, 0], 0], [[0, 0], 1], [[0, 1], 0], [[0, 1], 1], [[1, 0], 0], [[1, 0], 1], [[1, 1], 0], [[1, 1], 1]]
          catching_up = [0]
          chosen = []
          chosen_best = []
          commit = [[0, 0], [1, 0]]
          cur_view = [[0, 0], [1, 0]]
          dvc_sent = []
          frag = [[[0, 1], 0]]
          last_normal = [[0, 0], [1, 0]]
          log = [[[0, 1], 0]]
          log_len = [[0, 1], [1, 0]]
          m_commit = [[0, 0]]
          m_dvc = []
          m_get_state = [[[0, 0], 0], [[0, 0], 1], [[1, 0], 0], [[1, 0], 1]]
          m_new_state = [[[[0, 0], 0], 0]]
          m_prepare = []
          m_prepare_ok = [[[0, 0], 0], [[0, 0], 1], [[0, 1], 0]]
          m_recovery = [[[0, 0], 0], [[1, 0], 0]]
          m_rr = [[[0, 0], 0], [[0, 1], 0]]
          m_rr_state = []
          m_start_view = []
          m_svc = [[0, 0], [0, 1]]
          nonce_used = []
          rec_from = []
          rec_nonce = [[0, 0], [1, 0]]
          status = [[0, view_change], [1, recovering]]
          svc_from = []
          vote_commit = [[0, 0, 0], [0, 1, 0]]
          vote_len = [[0, 0, 0], [0, 1, 0]]
          vote_lnv = [[0, 0, 0], [0, 1, 0]]
          votes = []
        Action: recv_new_state(a=0, b=0, k=0, r=0, v=0)
    primary_longest_frag ... ❌
      Counterexample (WP):
        Theory:
          enum status_t = {normal, recovering, state_transfer, view_change}
          ix.le = [[0, 0], [0, 2], [1, 0], [1, 1], [1, 2], [2, 2]]
          ix.lt = [[0, 2], [1, 0], [1, 2]]
          ix.next = [[0, 2], [1, 0]]
          ix.zero = 1
          member = [[0, 0], [1, 0]]
          primary = [[0, 0]]
          vw.le = [[0, 0]]
          vw.lt = []
          vw.next = []
          vw.zero = 0
        Pre-state:
          acks = [[[0, 0], 0], [[0, 0], 1], [[0, 1], 0], [[0, 1], 1], [[0, 2], 0], [[0, 2], 1], [[1, 0], 0], [[1, 0], 1], [[1, 1], 0], [[1, 1], 1], [[1, 2], 0], [[1, 2], 1]]
          catching_up = []
          chosen = []
          chosen_best = []
          commit = [[0, 1], [1, 0]]
          cur_view = [[0, 0], [1, 0]]
          dvc_sent = []
          frag = [[[0, 0], 0], [[0, 2], 0]]
          last_normal = [[0, 0], [1, 0]]
          log = [[[1, 0], 0]]
          log_len = [[0, 1], [1, 0]]
          m_commit = []
          m_dvc = []
          m_get_state = [[[0, 0], 0], [[0, 0], 1], [[0, 0], 2], [[1, 0], 0], [[1, 0], 1], [[1, 0], 2]]
          m_new_state = [[[[0, 1], 0], 0]]
          m_prepare = []
          m_prepare_ok = [[[0, 0], 1]]
          m_recovery = [[[0, 0], 0], [[1, 0], 0]]
          m_rr = [[[0, 0], 0], [[0, 1], 0]]
          m_rr_state = []
          m_start_view = []
          m_svc = [[0, 0], [0, 1]]
          nonce_used = []
          rec_from = []
          rec_nonce = [[0, 0], [1, 0]]
          status = [[0, state_transfer], [1, view_change]]
          svc_from = []
          vote_commit = [[0, 0, 0], [0, 1, 0]]
          vote_len = [[0, 0, 0], [0, 1, 0]]
          vote_lnv = [[0, 0, 0], [0, 1, 0]]
          votes = []
        Action: recv_new_state(a=1, b=0, k=0, r=0, v=0)
    primary_longest_replica ... ❌
      Counterexample (WP):
        Theory:
          enum status_t = {normal, recovering, state_transfer, view_change}
          ix.le = [[0, 0], [1, 0], [1, 1]]
          ix.lt = [[1, 0]]
          ix.next = [[1, 0]]
          ix.zero = 1
          member = [[0, 0], [1, 0]]
          primary = [[0, 1]]
          vw.le = [[0, 0]]
          vw.lt = []
          vw.next = []
          vw.zero = 0
        Pre-state:
          acks = [[[0, 0], 0], [[0, 0], 1], [[0, 1], 0], [[0, 1], 1], [[1, 1], 1]]
          catching_up = []
          chosen = []
          chosen_best = []
          commit = [[0, 1], [1, 1]]
          cur_view = [[0, 0], [1, 0]]
          dvc_sent = []
          frag = []
          last_normal = [[0, 0], [1, 0]]
          log = []
          log_len = [[0, 1], [1, 1]]
          m_commit = [[0, 1]]
          m_dvc = []
          m_get_state = [[[0, 0], 0], [[0, 0], 1], [[1, 0], 0], [[1, 0], 1]]
          m_new_state = [[[[0, 0], 0], 1], [[[0, 1], 0], 1], [[[0, 1], 1], 1]]
          m_prepare = []
          m_prepare_ok = [[[0, 1], 0], [[0, 1], 1]]
          m_recovery = [[[0, 0], 0], [[1, 0], 0]]
          m_rr = [[[0, 0], 0], [[0, 1], 0]]
          m_rr_state = []
          m_start_view = []
          m_svc = [[0, 0], [0, 1]]
          nonce_used = []
          rec_from = []
          rec_nonce = [[0, 0], [1, 0]]
          status = [[0, state_transfer], [1, normal]]
          svc_from = []
          vote_commit = [[0, 0, 0], [0, 1, 0]]
          vote_len = [[0, 0, 0], [0, 1, 0]]
          vote_lnv = [[0, 0, 0], [0, 1, 0]]
          votes = []
        Action: recv_new_state(a=1, b=0, k=1, r=0, v=0)
    primary_longest_ack ... ❌
      Counterexample (WP):
        Theory:
          enum status_t = {normal, recovering, state_transfer, view_change}
          ix.le = [[0, 0], [1, 0], [1, 1]]
          ix.lt = [[1, 0]]
          ix.next = [[1, 0]]
          ix.zero = 1
          member = [[0, 0], [1, 0]]
          primary = [[0, 1]]
          vw.le = [[0, 0]]
          vw.lt = []
          vw.next = []
          vw.zero = 0
        Pre-state:
          acks = [[[0, 0], 0], [[0, 0], 1], [[0, 1], 0], [[0, 1], 1], [[1, 1], 0], [[1, 1], 1]]
          catching_up = []
          chosen = []
          chosen_best = []
          commit = [[0, 1], [1, 1]]
          cur_view = [[0, 0], [1, 0]]
          dvc_sent = []
          frag = []
          last_normal = [[0, 0], [1, 0]]
          log = []
          log_len = [[0, 1], [1, 1]]
          m_commit = []
          m_dvc = []
          m_get_state = [[[0, 0], 0], [[0, 0], 1], [[1, 0], 0], [[1, 0], 1]]
          m_new_state = [[[[0, 1], 0], 1]]
          m_prepare = []
          m_prepare_ok = [[[0, 1], 0], [[0, 1], 1]]
          m_recovery = [[[0, 0], 0], [[1, 0], 0]]
          m_rr = [[[0, 0], 0], [[0, 1], 0]]
          m_rr_state = [[[[[0, 0], 0], 0], 1], [[[[0, 0], 0], 1], 1], [[[[0, 1], 0], 0], 1]]
          m_start_view = []
          m_svc = [[0, 0], [0, 1]]
          nonce_used = []
          rec_from = []
          rec_nonce = [[0, 0], [1, 0]]
          status = [[0, state_transfer], [1, normal]]
          svc_from = []
          vote_commit = [[0, 0, 0], [0, 1, 0]]
          vote_len = [[0, 0, 0], [0, 1, 0]]
          vote_lnv = [[0, 0, 0], [0, 1, 0]]
          votes = []
        Action: recv_new_state(a=1, b=0, k=1, r=0, v=0)
    primary_holds_view ... ❌
      Counterexample (WP):
        Theory:
          enum status_t = {normal, recovering, state_transfer, view_change}
          ix.le = [[0, 0], [0, 2], [1, 0], [1, 1], [1, 2], [2, 2]]
          ix.lt = [[0, 2], [1, 0], [1, 2]]
          ix.next = [[0, 2], [1, 0]]
          ix.zero = 1
          member = [[0, 0], [1, 0]]
          primary = [[0, 1]]
          vw.le = [[0, 0]]
          vw.lt = []
          vw.next = []
          vw.zero = 0
        Pre-state:
          acks = [[[0, 0], 0], [[0, 0], 1], [[0, 1], 0], [[0, 1], 1], [[0, 2], 0], [[0, 2], 1], [[1, 0], 0], [[1, 0], 1], [[1, 1], 0], [[1, 1], 1], [[1, 2], 0], [[1, 2], 1]]
          catching_up = []
          chosen = []
          chosen_best = []
          commit = [[0, 1], [1, 1]]
          cur_view = [[0, 0], [1, 0]]
          dvc_sent = []
          frag = [[[0, 0], 0], [[0, 2], 0]]
          last_normal = [[0, 0], [1, 0]]
          log = [[[0, 0], 0], [[0, 2], 0]]
          log_len = [[0, 2], [1, 1]]
          m_commit = []
          m_dvc = []
          m_get_state = [[[0, 0], 1], [[0, 0], 2], [[1, 0], 0], [[1, 0], 1], [[1, 0], 2]]
          m_new_state = [[[[0, 0], 0], 0], [[[0, 0], 0], 1], [[[0, 0], 2], 0], [[[0, 0], 2], 1], [[[0, 1], 0], 0], [[[0, 1], 0], 1], [[[0, 1], 1], 1], [[[0, 1], 2], 0], [[[0, 1], 2], 1], [[[0, 2], 2], 0], [[[0, 2], 2], 1]]
          m_prepare = []
          m_prepare_ok = [[[0, 1], 0], [[0, 2], 0]]
          m_recovery = [[[1, 0], 0]]
          m_rr = [[[0, 1], 0]]
          m_rr_state = []
          m_start_view = []
          m_svc = [[0, 1]]
          nonce_used = []
          rec_from = []
          rec_nonce = [[0, 0], [1, 0]]
          status = [[0, view_change], [1, state_transfer]]
          svc_from = []
          vote_commit = [[0, 0, 1], [0, 1, 1]]
          vote_len = [[0, 0, 1], [0, 1, 1]]
          vote_lnv = [[0, 0, 0], [0, 1, 0]]
          votes = []
        Action: recv_new_state(a=1, b=0, k=0, r=1, v=0)
    votes_are_dvcs ... ✅
    chosen_are_dvcs ... ✅
    chosen_best_chosen ... ✅
    chosen_best_is_best ... ✅
    start_view_chosen ... ✅
    start_view_extends_best ... ✅
    chosen_votes_cover ... ❌
      Counterexample (WP):
        Theory:
          enum status_t = {normal, recovering, state_transfer, view_change}
          ix.le = [[0, 0], [1, 0], [1, 1]]
          ix.lt = [[1, 0]]
          ix.next = [[1, 0]]
          ix.zero = 1
          member = [[0, 0], [1, 0]]
          primary = [[0, 0]]
          vw.le = [[0, 0]]
          vw.lt = []
          vw.next = []
          vw.zero = 0
        Pre-state:
          acks = [[[0, 0], 0], [[0, 0], 1], [[0, 1], 0], [[0, 1], 1], [[1, 0], 0], [[1, 0], 1], [[1, 1], 0], [[1, 1], 1]]
          catching_up = []
          chosen = [[0, 0]]
          chosen_best = [[0, 0]]
          commit = [[0, 1], [1, 1]]
          cur_view = [[0, 0], [1, 0]]
          dvc_sent = []
          frag = [[[0, 0], 0]]
          last_normal = [[0, 0], [1, 0]]
          log = [[[1, 0], 0]]
          log_len = [[0, 1], [1, 0]]
          m_commit = []
          m_dvc = [[0, 0]]
          m_get_state = [[[0, 0], 0], [[0, 0], 1], [[1, 0], 0], [[1, 0], 1]]
          m_new_state = [[[[0, 1], 0], 0]]
          m_prepare = []
          m_prepare_ok = [[[0, 0], 1]]
          m_recovery = [[[0, 0], 0], [[1, 0], 0]]
          m_rr = [[[0, 0], 0], [[0, 1], 0]]
          m_rr_state = []
          m_start_view = []
          m_svc = [[0, 0], [0, 1]]
          nonce_used = []
          rec_from = []
          rec_nonce = [[0, 0], [1, 0]]
          status = [[0, state_transfer], [1, view_change]]
          svc_from = []
          vote_commit = [[0, 0, 1], [0, 1, 0]]
          vote_len = [[0, 0, 1], [0, 1, 0]]
          vote_lnv = [[0, 0, 0], [0, 1, 0]]
          votes = [[0, 0], [1, 0]]
        Action: recv_new_state(a=1, b=0, k=0, r=0, v=0)
    prepare_ok_below_view ... ✅
    svc_below_view ... ✅
    dvc_below_view ... ✅
    get_state_below_view ... ✅
    recovery_below_view ... ✅
    rr_below_view ... ✅
    recovery_covers_acks ... ✅
    started_views ... ✅
  recv_do_view_change
    doesNotThrow ... ✅
    prefix_agreement ... ✅
    commit_bounded ... ✅
    last_normal_le_view ... ✅
    normal_last_normal ... ✅
    catching_up_view_change ... ✅
    recovering_empty ... ✅
    log_within ... ✅
    log_dense ... ✅
    log_unique ... ✅
    frag_positive ... ✅
    wf_prepare ... ✅
    wf_new_state ... ✅
    wf_start_view ... ✅
    wf_dvc ... ✅
    wf_rr_state ... ✅
    one_log_per_view ... ✅
    covered ... ✅
    replica_backed ... ❓
      Reasons for Unknown:
        recv_do_view_change_replica_backed_0_WP, recv_do_view_change_replica_backed_tr_0_TR
          TIMEOUT
    prepare_backed ... ❓
      Reasons for Unknown:
        recv_do_view_change_prepare_backed_0_WP, recv_do_view_change_prepare_backed_tr_0_TR
          TIMEOUT
    commit_backed ... ✅
    new_state_backed ... ❓
      Reasons for Unknown:
        recv_do_view_change_new_state_backed_0_WP, recv_do_view_change_new_state_backed_tr_0_TR
          TIMEOUT
    start_view_backed ... ❓
      Reasons for Unknown:
        recv_do_view_change_start_view_backed_0_WP, recv_do_view_change_start_view_backed_tr_0_TR
          TIMEOUT
    dvc_backed ... ❓
      Reasons for Unknown:
        recv_do_view_change_dvc_backed_0_WP, recv_do_view_change_dvc_backed_tr_0_TR
          TIMEOUT
    rr_backed ... ❓
      Reasons for Unknown:
        recv_do_view_change_rr_backed_0_WP, recv_do_view_change_rr_backed_tr_0_TR
          TIMEOUT
    survives_frag ... ✅
    survives_start_view ... ✅
    survives_vote ... ✅
    survives_rr ... 💥
      Exceptions:
        recv_do_view_change_survives_rr_tr_0_TR
          cvc5.Error.error "Expected SMT-LIBv2 sort constructor, got `(` (LPAREN_TOK)."
    survives_replica ... 💥
      Exceptions:
        recv_do_view_change_survives_replica_tr_0_TR
          cvc5.Error.error "Expected SMT-LIBv2 sort constructor, got `(` (LPAREN_TOK)."
    acks_current ... ✅
    catching_up_not_primary ... ✅
    acks_hold ... ✅
    primary_longest_frag ... ✅
    primary_longest_replica ... ✅
    primary_longest_ack ... ✅
    primary_holds_view ... ✅
    votes_are_dvcs ... ✅
    chosen_are_dvcs ... ✅
    chosen_best_chosen ... ✅
    chosen_best_is_best ... ✅
    start_view_chosen ... ❌
      Counterexample (WP):
        Theory:
          enum status_t = {normal, recovering, state_transfer, view_change}
          ix.le = [[0, 0]]
          ix.lt = []
          ix.next = []
          ix.zero = 0
          member = [[0, 0], [1, 0]]
          primary = [[0, 0]]
          vw.le = [[0, 0]]
          vw.lt = []
          vw.next = []
          vw.zero = 0
        Pre-state:
          acks = [[[0, 0], 0], [[1, 0], 0], [[1, 0], 1]]
          catching_up = []
          chosen = []
          chosen_best = []
          commit = [[0, 0], [1, 0]]
          cur_view = [[0, 0], [1, 0]]
          dvc_sent = []
          frag = []
          last_normal = [[0, 0], [1, 0]]
          log = []
          log_len = [[0, 0], [1, 0]]
          m_commit = [[0, 0]]
          m_dvc = [[0, 0]]
          m_get_state = [[[0, 0], 0]]
          m_new_state = [[[[0, 0], 0], 0]]
          m_prepare = []
          m_prepare_ok = []
          m_recovery = [[[0, 0], 0]]
          m_rr = [[[0, 0], 0]]
          m_rr_state = []
          m_start_view = []
          m_svc = [[0, 0]]
          nonce_used = []
          rec_from = []
          rec_nonce = [[0, 0], [1, 0]]
          status = [[0, normal], [1, recovering]]
          svc_from = []
          vote_commit = [[0, 0, 0], [0, 1, 0]]
          vote_len = [[0, 0, 0], [0, 1, 0]]
          vote_lnv = [[0, 0, 0], [0, 1, 0]]
          votes = [[0, 0], [1, 0]]
        Action: recv_do_view_change(q=0, r=0, v=0)
    start_view_extends_best ... ❌
      Counterexample (WP):
        Theory:
          enum status_t = {normal, recovering, state_transfer, view_change}
          ix.le = [[0, 0], [1, 0], [1, 1]]
          ix.lt = [[1, 0]]
          ix.next = [[1, 0]]
          ix.zero = 1
          member = [[0, 0], [1, 0]]
          primary = [[0, 0]]
          vw.le = [[0, 0]]
          vw.lt = []
          vw.next = []
          vw.zero = 0
        Pre-state:
          acks = []
          catching_up = []
          chosen = [[0, 0]]
          chosen_best = [[0, 0]]
          commit = [[0, 1], [1, 1]]
          cur_view = [[0, 0], [1, 0]]
          dvc_sent = []
          frag = []
          last_normal = [[0, 0], [1, 0]]
          log = []
          log_len = [[0, 1], [1, 1]]
          m_commit = []
          m_dvc = [[0, 0]]
          m_get_state = [[[0, 0], 0], [[0, 0], 1], [[1, 0], 0], [[1, 0], 1]]
          m_new_state = []
          m_prepare = []
          m_prepare_ok = []
          m_recovery = [[[0, 0], 0], [[1, 0], 0]]
          m_rr = [[[0, 0], 0], [[0, 1], 0]]
          m_rr_state = []
          m_start_view = []
          m_svc = [[0, 0], [0, 1]]
          nonce_used = []
          rec_from = []
          rec_nonce = [[0, 0], [1, 0]]
          status = [[0, normal], [1, recovering]]
          svc_from = []
          vote_commit = [[0, 0, 1], [0, 1, 1]]
          vote_len = [[0, 0, 0], [0, 1, 1]]
          vote_lnv = [[0, 0, 0], [0, 1, 0]]
          votes = [[0, 0], [1, 0]]
        Action: recv_do_view_change(q=0, r=0, v=0)
    chosen_votes_cover ... ✅
    prepare_ok_below_view ... ✅
    svc_below_view ... ✅
    dvc_below_view ... ✅
    get_state_below_view ... ✅
    recovery_below_view ... ✅
    rr_below_view ... ✅
    recovery_covers_acks ... ✅
    started_views ... ✅
  finish_recovery
    doesNotThrow ... 💥
      Exceptions:
        finish_recovery_doesNotThrow_0_WP
          Unknown constant `Invariants.core_simplified_eq`
    prefix_agreement ... 💥
      Exceptions:
        finish_recovery_prefix_agreement_tr_0_TR
          cannot translate fun x => x, SMT-LIB does not support lambdas
    commit_bounded ... ✅
    last_normal_le_view ... ✅
    normal_last_normal ... ✅
    catching_up_view_change ... ✅
    recovering_empty ... ✅
    log_within ... ✅
    log_dense ... ❌
      Counterexample (WP):
        Theory:
          enum status_t = {normal, recovering, state_transfer, view_change}
          ix.le = [[0, 0], [1, 0], [1, 1]]
          ix.lt = [[1, 0]]
          ix.next = [[1, 0]]
          ix.zero = 1
          member = [[0, 0], [1, 0]]
          primary = [[0, 0]]
          vw.le = [[0, 0]]
          vw.lt = []
          vw.next = []
          vw.zero = 0
        Pre-state:
          acks = [[[0, 0], 0], [[0, 0], 1], [[0, 1], 0], [[0, 1], 1], [[1, 0], 0], [[1, 0], 1], [[1, 1], 0], [[1, 1], 1]]
          catching_up = []
          chosen = []
          chosen_best = []
          commit = [[0, 1], [1, 1]]
          cur_view = [[0, 0], [1, 0]]
          dvc_sent = []
          frag = []
          last_normal = [[0, 0], [1, 0]]
          log = []
          log_len = [[0, 1], [1, 1]]
          m_commit = []
          m_dvc = []
          m_get_state = [[[0, 0], 0], [[0, 0], 1], [[1, 0], 1]]
          m_new_state = []
          m_prepare = []
          m_prepare_ok = []
          m_recovery = [[[0, 0], 0]]
          m_rr = [[[0, 0], 0]]
          m_rr_state = [[[[[0, 0], 0], 0], 1]]
          m_start_view = []
          m_svc = [[0, 0]]
          nonce_used = []
          rec_from = [[0, 0], [0, 1], [1, 0], [1, 1]]
          rec_nonce = [[0, 0], [1, 0]]
          status = [[0, recovering], [1, view_change]]
          svc_from = []
          vote_commit = [[0, 0, 0], [0, 1, 0]]
          vote_len = [[0, 0, 0], [0, 1, 0]]
          vote_lnv = [[0, 0, 0], [0, 1, 0]]
          votes = []
        Action: finish_recovery(k=1, lv=0, n=0, r=0)
    log_unique ... ✅
    frag_positive ... ✅
    wf_prepare ... ✅
    wf_new_state ... ✅
    wf_start_view ... ✅
    wf_dvc ... ✅
    wf_rr_state ... ✅
    one_log_per_view ... ✅
    covered ... ✅
    replica_backed ... 💥
      Exceptions:
        finish_recovery_replica_backed_tr_0_TR
          cannot translate fun x => x, SMT-LIB does not support lambdas
    prepare_backed ... ✅
    commit_backed ... ✅
    new_state_backed ... ✅
    start_view_backed ... ✅
    dvc_backed ... ✅
    rr_backed ... ✅
    survives_frag ... ✅
    survives_start_view ... ✅
    survives_vote ... ✅
    survives_rr ... ✅
    survives_replica ... ❌
      Counterexample (WP):
        Theory:
          enum status_t = {normal, recovering, state_transfer, view_change}
          ix.le = [[0, 0], [1, 0], [1, 1]]
          ix.lt = [[1, 0]]
          ix.next = [[1, 0]]
          ix.zero = 1
          member = [[0, 0], [1, 0]]
          primary = [[0, 0], [1, 1]]
          vw.le = [[0, 0], [1, 0], [1, 1]]
          vw.lt = [[1, 0]]
          vw.next = [[1, 0]]
          vw.zero = 1
        Pre-state:
          acks = [[[0, 0], 0], [[0, 0], 1], [[0, 1], 0], [[0, 1], 1], [[1, 0], 0], [[1, 0], 1], [[1, 1], 0], [[1, 1], 1]]
          catching_up = []
          chosen = [[0, 0], [0, 1]]
          chosen_best = []
          commit = [[0, 1], [1, 0]]
          cur_view = [[0, 0], [1, 0]]
          dvc_sent = []
          frag = [[[0, 0], 0], [[1, 0], 0]]
          last_normal = [[0, 0], [1, 0]]
          log = [[[1, 0], 0]]
          log_len = [[0, 1], [1, 0]]
          m_commit = [[0, 1], [1, 1]]
          m_dvc = [[0, 0], [0, 1]]
          m_get_state = [[[0, 0], 0], [[0, 0], 1], [[0, 1], 0], [[0, 1], 1], [[1, 0], 0], [[1, 0], 1], [[1, 1], 0], [[1, 1], 1]]
          m_new_state = [[[[0, 0], 0], 0], [[[0, 0], 0], 1], [[[0, 1], 0], 0], [[[0, 1], 0], 1], [[[0, 1], 1], 1], [[[1, 0], 0], 1], [[[1, 1], 0], 1], [[[1, 1], 1], 1]]
          m_prepare = []
          m_prepare_ok = [[[0, 0], 1], [[1, 0], 0], [[1, 1], 0]]
          m_recovery = [[[0, 0], 0], [[0, 0], 1], [[1, 0], 0], [[1, 0], 1]]
          m_rr = [[[0, 0], 0], [[0, 0], 1], [[0, 1], 0], [[0, 1], 1]]
          m_rr_state = [[[[[0, 0], 0], 1], 1]]
          m_start_view = [[[0, 0], 1]]
          m_svc = [[0, 0], [0, 1], [1, 0], [1, 1]]
          nonce_used = []
          rec_from = [[0, 0], [0, 1], [1, 0], [1, 1]]
          rec_nonce = [[0, 0], [1, 0]]
          status = [[0, recovering], [1, view_change]]
          svc_from = []
          vote_commit = [[0, 0, 1], [0, 1, 0], [1, 0, 1], [1, 1, 1]]
          vote_len = [[0, 0, 1], [0, 1, 0], [1, 0, 0], [1, 1, 1]]
          vote_lnv = [[0, 0, 0], [0, 1, 0], [1, 0, 1], [1, 1, 0]]
          votes = [[0, 0], [0, 1], [1, 0], [1, 1]]
        Action: finish_recovery(k=1, lv=0, n=1, r=0)
    acks_current ... ❌
      Counterexample (WP):
        Theory:
          enum status_t = {normal, recovering, state_transfer, view_change}
          ix.le = [[0, 0]]
          ix.lt = []
          ix.next = []
          ix.zero = 0
          member = [[0, 0], [1, 0]]
          primary = [[0, 1]]
          vw.le = [[0, 0]]
          vw.lt = []
          vw.next = []
          vw.zero = 0
        Pre-state:
          acks = [[[0, 0], 0], [[0, 0], 1], [[1, 0], 0], [[1, 0], 1]]
          catching_up = []
          chosen = []
          chosen_best = []
          commit = [[0, 0], [1, 0]]
          cur_view = [[0, 0], [1, 0]]
          dvc_sent = []
          frag = []
          last_normal = [[0, 0], [1, 0]]
          log = []
          log_len = [[0, 0], [1, 0]]
          m_commit = [[0, 0]]
          m_dvc = []
          m_get_state = [[[1, 0], 0]]
          m_new_state = [[[[0, 0], 0], 0]]
          m_prepare = []
          m_prepare_ok = []
          m_recovery = [[[1, 0], 0]]
          m_rr = [[[0, 1], 0]]
          m_rr_state = [[[[[0, 1], 0], 0], 0]]
          m_start_view = []
          m_svc = [[0, 1]]
          nonce_used = []
          rec_from = [[0, 0], [0, 1], [1, 0], [1, 1]]
          rec_nonce = [[0, 0], [1, 0]]
          status = [[0, view_change], [1, recovering]]
          svc_from = []
          vote_commit = [[0, 0, 0], [0, 1, 0]]
          vote_len = [[0, 0, 0], [0, 1, 0]]
          vote_lnv = [[0, 0, 0], [0, 1, 0]]
          votes = []
        Action: finish_recovery(k=0, lv=0, n=0, r=1)
    catching_up_not_primary ... ✅
    acks_hold ... ✅
    primary_longest_frag ... ❌
      Counterexample (WP):
        Theory:
          enum status_t = {normal, recovering, state_transfer, view_change}
          ix.le = [[0, 0], [1, 0], [1, 1]]
          ix.lt = [[1, 0]]
          ix.next = [[1, 0]]
          ix.zero = 1
          member = [[0, 0], [1, 0]]
          primary = [[0, 1]]
          vw.le = [[0, 0]]
          vw.lt = []
          vw.next = []
          vw.zero = 0
        Pre-state:
          acks = [[[0, 0], 0], [[0, 0], 1], [[0, 1], 0], [[0, 1], 1], [[1, 0], 0], [[1, 0], 1], [[1, 1], 0], [[1, 1], 1]]
          catching_up = []
          chosen = []
          chosen_best = []
          commit = [[0, 1], [1, 1]]
          cur_view = [[0, 0], [1, 0]]
          dvc_sent = []
          frag = [[[0, 0], 0]]
          last_normal = [[0, 0], [1, 0]]
          log = []
          log_len = [[0, 1], [1, 1]]
          m_commit = [[0, 1]]
          m_dvc = []
          m_get_state = [[[0, 0], 0], [[1, 0], 0], [[1, 0], 1]]
          m_new_state = [[[[0, 0], 0], 1], [[[0, 1], 0], 1], [[[0, 1], 1], 1]]
          m_prepare = []
          m_prepare_ok = []
          m_recovery = [[[1, 0], 0]]
          m_rr = [[[0, 1], 0]]
          m_rr_state = [[[[[0, 1], 0], 1], 1]]
          m_start_view = []
          m_svc = [[0, 1]]
          nonce_used = []
          rec_from = [[0, 0], [0, 1], [1, 0], [1, 1]]
          rec_nonce = [[0, 0], [1, 0]]
          status = [[0, recovering], [1, recovering]]
          svc_from = []
          vote_commit = [[0, 0, 0], [0, 1, 1]]
          vote_len = [[0, 0, 1], [0, 1, 0]]
          vote_lnv = [[0, 0, 0], [0, 1, 0]]
          votes = []
        Action: finish_recovery(k=1, lv=0, n=1, r=1)
    primary_longest_replica ... ❌
      Counterexample (WP):
        Theory:
          enum status_t = {normal, recovering, state_transfer, view_change}
          ix.le = [[0, 0], [1, 0], [1, 1]]
          ix.lt = [[1, 0]]
          ix.next = [[1, 0]]
          ix.zero = 1
          member = [[0, 0], [1, 0]]
          primary = [[0, 1]]
          vw.le = [[0, 0]]
          vw.lt = []
          vw.next = []
          vw.zero = 0
        Pre-state:
          acks = [[[0, 0], 0], [[0, 0], 1], [[0, 1], 0], [[0, 1], 1], [[1, 1], 1]]
          catching_up = []
          chosen = []
          chosen_best = []
          commit = [[0, 1], [1, 1]]
          cur_view = [[0, 0], [1, 0]]
          dvc_sent = []
          frag = []
          last_normal = [[0, 0], [1, 0]]
          log = []
          log_len = [[0, 1], [1, 1]]
          m_commit = []
          m_dvc = []
          m_get_state = [[[0, 0], 0], [[0, 0], 1], [[1, 0], 0], [[1, 0], 1]]
          m_new_state = []
          m_prepare = []
          m_prepare_ok = []
          m_recovery = [[[0, 0], 0], [[1, 0], 0]]
          m_rr = [[[0, 0], 0], [[0, 1], 0]]
          m_rr_state = [[[[[0, 1], 0], 0], 1]]
          m_start_view = []
          m_svc = [[0, 0], [0, 1]]
          nonce_used = []
          rec_from = [[0, 0], [0, 1], [1, 0], [1, 1]]
          rec_nonce = [[0, 0], [1, 0]]
          status = [[0, recovering], [1, normal]]
          svc_from = []
          vote_commit = [[0, 0, 0], [0, 1, 1]]
          vote_len = [[0, 0, 0], [0, 1, 0]]
          vote_lnv = [[0, 0, 0], [0, 1, 0]]
          votes = []
        Action: finish_recovery(k=1, lv=0, n=0, r=0)
    primary_longest_ack ... ❌
      Counterexample (WP):
        Theory:
          enum status_t = {normal, recovering, state_transfer, view_change}
          ix.le = [[0, 0], [1, 0], [1, 1]]
          ix.lt = [[1, 0]]
          ix.next = [[1, 0]]
          ix.zero = 1
          member = [[0, 0], [1, 0]]
          primary = [[0, 1]]
          vw.le = [[0, 0]]
          vw.lt = []
          vw.next = []
          vw.zero = 0
        Pre-state:
          acks = [[[0, 0], 0], [[0, 0], 1], [[0, 1], 0], [[0, 1], 1], [[1, 0], 0], [[1, 0], 1], [[1, 1], 0], [[1, 1], 1]]
          catching_up = []
          chosen = []
          chosen_best = []
          commit = [[0, 1], [1, 1]]
          cur_view = [[0, 0], [1, 0]]
          dvc_sent = []
          frag = [[[0, 0], 0]]
          last_normal = [[0, 0], [1, 0]]
          log = [[[0, 0], 0]]
          log_len = [[0, 0], [1, 1]]
          m_commit = [[0, 1]]
          m_dvc = []
          m_get_state = [[[0, 0], 0], [[0, 0], 1], [[1, 0], 0], [[1, 0], 1]]
          m_new_state = [[[[0, 0], 0], 1], [[[0, 1], 0], 1], [[[0, 1], 1], 1]]
          m_prepare = []
          m_prepare_ok = [[[0, 0], 0]]
          m_recovery = [[[0, 0], 0], [[1, 0], 0]]
          m_rr = [[[0, 0], 0], [[0, 1], 0]]
          m_rr_state = [[[[[0, 1], 0], 1], 1]]
          m_start_view = []
          m_svc = [[0, 0], [0, 1]]
          nonce_used = []
          rec_from = [[0, 0], [0, 1], [1, 0], [1, 1]]
          rec_nonce = [[0, 0], [1, 0]]
          status = [[0, view_change], [1, recovering]]
          svc_from = []
          vote_commit = [[0, 0, 0], [0, 1, 1]]
          vote_len = [[0, 0, 1], [0, 1, 0]]
          vote_lnv = [[0, 0, 0], [0, 1, 0]]
          votes = []
        Action: finish_recovery(k=1, lv=0, n=1, r=1)
    primary_holds_view ... ❌
      Counterexample (WP):
        Theory:
          enum status_t = {normal, recovering, state_transfer, view_change}
          ix.le = [[0, 0], [1, 0], [1, 1]]
          ix.lt = [[1, 0]]
          ix.next = [[1, 0]]
          ix.zero = 1
          member = [[0, 0], [1, 0]]
          primary = [[0, 1]]
          vw.le = [[0, 0]]
          vw.lt = []
          vw.next = []
          vw.zero = 0
        Pre-state:
          acks = [[[0, 0], 0], [[0, 0], 1], [[0, 1], 0], [[0, 1], 1], [[1, 0], 0], [[1, 0], 1], [[1, 1], 0], [[1, 1], 1]]
          catching_up = []
          chosen = []
          chosen_best = []
          commit = [[0, 1], [1, 1]]
          cur_view = [[0, 0], [1, 0]]
          dvc_sent = []
          frag = [[[0, 0], 0]]
          last_normal = [[0, 0], [1, 0]]
          log = []
          log_len = [[0, 1], [1, 1]]
          m_commit = [[0, 1]]
          m_dvc = []
          m_get_state = [[[0, 0], 0], [[1, 0], 0], [[1, 0], 1]]
          m_new_state = [[[[0, 0], 0], 1], [[[0, 1], 0], 1], [[[0, 1], 1], 1]]
          m_prepare = []
          m_prepare_ok = []
          m_recovery = [[[1, 0], 0]]
          m_rr = [[[0, 1], 0]]
          m_rr_state = [[[[[0, 1], 0], 1], 1]]
          m_start_view = []
          m_svc = [[0, 1]]
          nonce_used = []
          rec_from = [[0, 0], [0, 1], [1, 0], [1, 1]]
          rec_nonce = [[0, 0], [1, 0]]
          status = [[0, recovering], [1, recovering]]
          svc_from = []
          vote_commit = [[0, 0, 0], [0, 1, 1]]
          vote_len = [[0, 0, 1], [0, 1, 0]]
          vote_lnv = [[0, 0, 0], [0, 1, 0]]
          votes = []
        Action: finish_recovery(k=1, lv=0, n=1, r=1)
    votes_are_dvcs ... ✅
    chosen_are_dvcs ... ✅
    chosen_best_chosen ... ✅
    chosen_best_is_best ... ✅
    start_view_chosen ... ✅
    start_view_extends_best ... ✅
    chosen_votes_cover ... ✅
    prepare_ok_below_view ... ✅
    svc_below_view ... ✅
    dvc_below_view ... ✅
    get_state_below_view ... ✅
    recovery_below_view ... ✅
    rr_below_view ... ✅
    recovery_covers_acks ... ✅
    started_views ... ✅
  client_request
    doesNotThrow ... ✅
    prefix_agreement ... ✅
    commit_bounded ... ✅
    last_normal_le_view ... ✅
    normal_last_normal ... ✅
    catching_up_view_change ... ✅
    recovering_empty ... ✅
    log_within ... ✅
    log_dense ... ✅
    log_unique ... ✅
    frag_positive ... ✅
    wf_prepare ... ✅
    wf_new_state ... ✅
    wf_start_view ... ✅
    wf_dvc ... ✅
    wf_rr_state ... ✅
    one_log_per_view ... ✅
    covered ... ✅
    replica_backed ... 💥
      Exceptions:
        client_request_replica_backed_tr_0_TR
          cvc5.Error.error "Expected SMT-LIBv2 sort constructor, got `(` (LPAREN_TOK)."
    prepare_backed ... 💥
      Exceptions:
        client_request_prepare_backed_tr_0_TR
          cvc5.Error.error "Expected SMT-LIBv2 sort constructor, got `(` (LPAREN_TOK)."
    commit_backed ... 💥
      Exceptions:
        client_request_commit_backed_tr_0_TR
          cvc5.Error.error "Expected SMT-LIBv2 sort constructor, got `(` (LPAREN_TOK)."
    new_state_backed ... 💥
      Exceptions:
        client_request_new_state_backed_tr_0_TR
          cvc5.Error.error "Expected SMT-LIBv2 sort constructor, got `(` (LPAREN_TOK)."
    start_view_backed ... ✅
    dvc_backed ... ✅
    rr_backed ... 💥
      Exceptions:
        client_request_rr_backed_tr_0_TR
          cvc5.Error.error "Expected SMT-LIBv2 sort constructor, got `(` (LPAREN_TOK)."
    survives_frag ... ✅
    survives_start_view ... 💥
      Exceptions:
        client_request_survives_start_view_tr_0_TR
          cvc5.Error.error "Expected SMT-LIBv2 sort constructor, got `(` (LPAREN_TOK)."
    survives_vote ... 💥
      Exceptions:
        client_request_survives_vote_tr_0_TR
          cvc5.Error.error "Expected SMT-LIBv2 sort constructor, got `(` (LPAREN_TOK)."
    survives_rr ... 💥
      Exceptions:
        client_request_survives_rr_tr_0_TR
          cvc5.Error.error "Expected SMT-LIBv2 sort constructor, got `(` (LPAREN_TOK)."
    survives_replica ... ✅
    acks_current ... ✅
    catching_up_not_primary ... ✅
    acks_hold ... ✅
    primary_longest_frag ... ✅
    primary_longest_replica ... ✅
    primary_longest_ack ... ✅
    primary_holds_view ... ✅
    votes_are_dvcs ... ✅
    chosen_are_dvcs ... ✅
    chosen_best_chosen ... ✅
    chosen_best_is_best ... ✅
    start_view_chosen ... ✅
    start_view_extends_best ... ❌
      Counterexample (WP):
        Theory:
          enum status_t = {normal, recovering, state_transfer, view_change}
          ix.le = [[0, 0], [0, 1], [1, 1]]
          ix.lt = [[0, 1]]
          ix.next = [[0, 1]]
          ix.zero = 0
          member = [[0, 0], [2, 0]]
          primary = [[0, 1], [1, 1]]
          vw.le = [[0, 0], [1, 0], [1, 1]]
          vw.lt = [[1, 0]]
          vw.next = [[1, 0]]
          vw.zero = 1
        Pre-state:
          acks = [[[0, 0], 0], [[0, 0], 1], [[0, 0], 2], [[0, 1], 0], [[0, 1], 1], [[0, 1], 2], [[1, 0], 1], [[2, 0], 0], [[2, 0], 1], [[2, 0], 2], [[2, 1], 0], [[2, 1], 1], [[2, 1], 2]]
          catching_up = []
          chosen = [[0, 0], [0, 2]]
          chosen_best = [[0, 0]]
          commit = [[0, 0], [1, 0], [2, 0]]
          cur_view = [[0, 0], [1, 1], [2, 0]]
          dvc_sent = []
          frag = []
          last_normal = [[0, 0], [1, 1], [2, 0]]
          log = []
          log_len = [[0, 0], [1, 0], [2, 0]]
          m_commit = []
          m_dvc = [[0, 0], [0, 2]]
          m_get_state = [[[0, 0], 0], [[0, 0], 1], [[0, 1], 1], [[1, 1], 0], [[1, 1], 1], [[2, 0], 0], [[2, 0], 1], [[2, 1], 0], [[2, 1], 1]]
          m_new_state = []
          m_prepare = []
          m_prepare_ok = []
          m_recovery = [[[0, 0], 0], [[1, 0], 1], [[2, 0], 0], [[2, 0], 1]]
          m_rr = [[[0, 0], 0], [[0, 1], 1], [[0, 2], 0], [[0, 2], 1]]
          m_rr_state = []
          m_start_view = [[[0, 1], 0]]
          m_svc = [[0, 0], [0, 2], [1, 1], [1, 2]]
          nonce_used = []
          rec_from = []
          rec_nonce = [[0, 0], [1, 0], [2, 0]]
          status = [[0, recovering], [1, normal], [2, view_change]]
          svc_from = []
          vote_commit = [[0, 0, 0], [0, 1, 0], [0, 2, 0], [1, 0, 0], [1, 1, 1], [1, 2, 0]]
          vote_len = [[0, 0, 1], [0, 1, 0], [0, 2, 1], [1, 0, 0], [1, 1, 1], [1, 2, 0]]
          vote_lnv = [[0, 0, 1], [0, 1, 1], [0, 2, 1], [1, 0, 0], [1, 1, 1], [1, 2, 0]]
          votes = []
        Action: client_request(e=0, r=1)
    chosen_votes_cover ... ✅
    prepare_ok_below_view ... ✅
    svc_below_view ... ✅
    dvc_below_view ... ✅
    get_state_below_view ... ✅
    recovery_below_view ... ✅
    rr_below_view ... ✅
    recovery_covers_acks ... ✅
    started_views ... ❌
      Counterexample (WP):
        Theory:
          enum status_t = {normal, recovering, state_transfer, view_change}
          ix.le = [[0, 0], [1, 0], [1, 1]]
          ix.lt = [[1, 0]]
          ix.next = [[1, 0]]
          ix.zero = 1
          member = [[0, 0], [1, 0]]
          primary = [[0, 0], [1, 0]]
          vw.le = [[0, 0], [0, 1], [1, 1]]
          vw.lt = [[0, 1]]
          vw.next = [[0, 1]]
          vw.zero = 0
        Pre-state:
          acks = []
          catching_up = []
          chosen = []
          chosen_best = []
          commit = [[0, 1], [1, 1]]
          cur_view = [[0, 1], [1, 0]]
          dvc_sent = []
          frag = [[[0, 0], 0]]
          last_normal = [[0, 1], [1, 0]]
          log = [[[1, 0], 0]]
          log_len = [[0, 1], [1, 0]]
          m_commit = []
          m_dvc = []
          m_get_state = [[[0, 0], 1], [[0, 1], 0], [[0, 1], 1], [[1, 0], 0], [[1, 0], 1]]
          m_new_state = []
          m_prepare = []
          m_prepare_ok = []
          m_recovery = [[[0, 0], 1], [[1, 0], 0]]
          m_rr = [[[0, 0], 1], [[0, 1], 0]]
          m_rr_state = []
          m_start_view = []
          m_svc = [[0, 1], [1, 0]]
          nonce_used = []
          rec_from = []
          rec_nonce = [[0, 0], [1, 0]]
          status = [[0, normal], [1, view_change]]
          svc_from = []
          vote_commit = [[0, 0, 0], [0, 1, 0], [1, 0, 0], [1, 1, 0]]
          vote_len = [[0, 0, 0], [0, 1, 0], [1, 0, 0], [1, 1, 0]]
          vote_lnv = [[0, 0, 0], [0, 1, 0], [1, 0, 0], [1, 1, 0]]
          votes = []
        Action: client_request(e=0, r=0)
  recv_commit
    doesNotThrow ... 💥
      Exceptions:
        recv_commit_doesNotThrow_0_WP
          Unknown constant `Invariants.core_simplified_eq`
    prefix_agreement ... 💥
      Exceptions:
        recv_commit_prefix_agreement_tr_0_TR
          Tactic `simp` failed with a nested error:
          (deterministic) timeout at `isDefEq`, maximum number of heartbeats (500000) has been reached
          
          Note: Use `set_option maxHeartbeats <num>` to set the limit.
          
          Hint: Additional diagnostic information may be available using the `set_option diagnostics true` command.
        recv_commit_prefix_agreement_tr_0_TR
          mkDischargerResult: overallSmtResult is unsat, but no witness provided
    commit_bounded ... ✅
    last_normal_le_view ... ✅
    normal_last_normal ... ✅
    catching_up_view_change ... ✅
    recovering_empty ... ✅
    log_within ... ✅
    log_dense ... ✅
    log_unique ... ✅
    frag_positive ... ✅
    wf_prepare ... ✅
    wf_new_state ... ✅
    wf_start_view ... ✅
    wf_dvc ... ✅
    wf_rr_state ... ✅
    one_log_per_view ... ✅
    covered ... ✅
    replica_backed ... ✅
    prepare_backed ... ✅
    commit_backed ... ✅
    new_state_backed ... ✅
    start_view_backed ... ✅
    dvc_backed ... ✅
    rr_backed ... ✅
    survives_frag ... ✅
    survives_start_view ... ✅
    survives_vote ... ✅
    survives_rr ... ✅
    survives_replica ... 💥
      Exceptions:
        recv_commit_survives_replica_tr_0_TR
          (deterministic) timeout at `isDefEq`, maximum number of heartbeats (500000) has been reached
          
          Note: Use `set_option maxHeartbeats <num>` to set the limit.(invalid MessageData.lazy, missing context)
        recv_commit_survives_replica_tr_0_TR
          mkDischargerResult: overallSmtResult is unsat, but no witness provided
    acks_current ... ✅
    catching_up_not_primary ... ❌
      Counterexample (WP):
        Theory:
          enum status_t = {normal, recovering, state_transfer, view_change}
          ix.le = [[0, 0]]
          ix.lt = []
          ix.next = []
          ix.zero = 0
          member = [[0, 0], [1, 0]]
          primary = [[0, 0]]
          vw.le = [[0, 0]]
          vw.lt = []
          vw.next = []
          vw.zero = 0
        Pre-state:
          acks = [[[0, 0], 0], [[0, 0], 1], [[1, 0], 0], [[1, 0], 1]]
          catching_up = []
          chosen = []
          chosen_best = []
          commit = [[0, 0], [1, 0]]
          cur_view = [[0, 0], [1, 0]]
          dvc_sent = []
          frag = []
          last_normal = [[0, 0], [1, 0]]
          log = []
          log_len = [[0, 0], [1, 0]]
          m_commit = [[0, 0]]
          m_dvc = []
          m_get_state = [[[0, 0], 0]]
          m_new_state = []
          m_prepare = []
          m_prepare_ok = []
          m_recovery = [[[0, 0], 0]]
          m_rr = [[[0, 0], 0]]
          m_rr_state = []
          m_start_view = []
          m_svc = [[0, 0]]
          nonce_used = []
          rec_from = []
          rec_nonce = [[0, 0], [1, 0]]
          status = [[0, view_change], [1, view_change]]
          svc_from = []
          vote_commit = [[0, 0, 0], [0, 1, 0]]
          vote_len = [[0, 0, 0], [0, 1, 0]]
          vote_lnv = [[0, 0, 0], [0, 1, 0]]
          votes = []
        Action: recv_commit(k=0, r=0, v=0)
      Counterexample (TR):
        Theory:
          enum status_t = {normal, recovering, state_transfer, view_change}
          ix.le = [[0, 0]]
          ix.lt = []
          ix.next = []
          ix.zero = 0
          member = [[0, 0], [1, 0]]
          primary = [[0, 0], [1, 0]]
          vw.le = [[0, 0], [1, 0], [1, 1]]
          vw.lt = [[1, 0]]
          vw.next = [[1, 0]]
          vw.zero = 1
        Pre-state:
          acks = [[[0, 0], 0]]
          catching_up = []
          chosen = []
          chosen_best = []
          commit = [[0, 0], [1, 0]]
          cur_view = [[0, 1], [1, 0]]
          dvc_sent = [0, 1]
          frag = []
          last_normal = [[0, 1], [1, 0]]
          log = []
          log_len = [[0, 0], [1, 0]]
          m_commit = [[0, 0], [1, 0]]
          m_dvc = []
          m_get_state = [[[0, 1], 0], [[1, 0], 0], [[1, 1], 0]]
          m_new_state = [[[[1, 0], 0], 0]]
          m_prepare = []
          m_prepare_ok = [[[0, 0], 1], [[1, 0], 0]]
          m_recovery = [[[0, 0], 1]]
          m_rr = [[[0, 0], 1]]
          m_rr_state = []
          m_start_view = []
          m_svc = [[0, 1]]
          nonce_used = [0]
          rec_from = [[0, 0], [0, 1], [1, 0], [1, 1]]
          rec_nonce = [[0, 0], [1, 0]]
          status = [[0, normal], [1, view_change]]
          svc_from = [[0, 0], [0, 1], [1, 0], [1, 1]]
          vote_commit = [[0, 0, 0], [0, 1, 0], [1, 0, 0], [1, 1, 0]]
          vote_len = [[0, 0, 0], [0, 1, 0], [1, 0, 0], [1, 1, 0]]
          vote_lnv = [[0, 0, 1], [0, 1, 0], [1, 0, 1], [1, 1, 1]]
          votes = []
        Action: recv_commit(k=0, r=0, v=0)
        Post-state:
          acks = [[[0, 0], 0]]
          catching_up = [0]
          chosen = []
          chosen_best = []
          commit = [[0, 0], [1, 0]]
          cur_view = [[0, 0], [1, 0]]
          dvc_sent = [1]
          frag = []
          last_normal = [[0, 1], [1, 0]]
          log = []
          log_len = [[0, 0], [1, 0]]
          m_commit = [[0, 0], [1, 0]]
          m_dvc = []
          m_get_state = [[[0, 0], 0], [[0, 1], 0], [[1, 0], 0], [[1, 1], 0]]
          m_new_state = [[[[1, 0], 0], 0]]
          m_prepare = []
          m_prepare_ok = [[[0, 0], 1], [[1, 0], 0]]
          m_recovery = [[[0, 0], 1]]
          m_rr = [[[0, 0], 1]]
          m_rr_state = []
          m_start_view = []
          m_svc = [[0, 1]]
          nonce_used = [0]
          rec_from = [[0, 0], [0, 1], [1, 0], [1, 1]]
          rec_nonce = [[0, 0], [1, 0]]
          status = [[0, view_change], [1, view_change]]
          svc_from = [[1, 0], [1, 1]]
          vote_commit = [[0, 0, 0], [0, 1, 0], [1, 0, 0], [1, 1, 0]]
          vote_len = [[0, 0, 0], [0, 1, 0], [1, 0, 0], [1, 1, 0]]
          vote_lnv = [[0, 0, 1], [0, 1, 0], [1, 0, 1], [1, 1, 1]]
          votes = []
    acks_hold ... ✅
    primary_longest_frag ... ✅
    primary_longest_replica ... ✅
    primary_longest_ack ... ✅
    primary_holds_view ... ✅
    votes_are_dvcs ... ✅
    chosen_are_dvcs ... ✅
    chosen_best_chosen ... ✅
    chosen_best_is_best ... ✅
    start_view_chosen ... ✅
    start_view_extends_best ... ✅
    chosen_votes_cover ... ✅
    prepare_ok_below_view ... ✅
    svc_below_view ... ✅
    dvc_below_view ... ✅
    get_state_below_view ... ✅
    recovery_below_view ... ✅
    rr_below_view ... ✅
    recovery_covers_acks ... ✅
    started_views ... ✅
  send_do_view_change
    doesNotThrow ... ✅
    prefix_agreement ... ✅
    commit_bounded ... ✅
    last_normal_le_view ... ✅
    normal_last_normal ... ✅
    catching_up_view_change ... ✅
    recovering_empty ... ✅
    log_within ... ✅
    log_dense ... ✅
    log_unique ... ✅
    frag_positive ... ✅
    wf_prepare ... ✅
    wf_new_state ... ✅
    wf_start_view ... ✅
    wf_dvc ... ✅
    wf_rr_state ... ✅
    one_log_per_view ... ✅
    covered ... ✅
    replica_backed ... ✅
    prepare_backed ... ✅
    commit_backed ... ✅
    new_state_backed ... ✅
    start_view_backed ... ✅
    dvc_backed ... ❓
      Reasons for Unknown:
        send_do_view_change_dvc_backed_0_WP, send_do_view_change_dvc_backed_tr_0_TR
          TIMEOUT
    rr_backed ... ✅
    survives_frag ... ✅
    survives_start_view ... ✅
    survives_vote ... ✅
    survives_rr ... ✅
    survives_replica ... ✅
    acks_current ... ✅
    catching_up_not_primary ... ✅
    acks_hold ... ✅
    primary_longest_frag ... ✅
    primary_longest_replica ... ✅
    primary_longest_ack ... ✅
    primary_holds_view ... ✅
    votes_are_dvcs ... ✅
    chosen_are_dvcs ... ✅
    chosen_best_chosen ... ✅
    chosen_best_is_best ... ❌
      Counterexample (WP):
        Theory:
          enum status_t = {normal, recovering, state_transfer, view_change}
          ix.le = [[0, 0], [1, 0], [1, 1]]
          ix.lt = [[1, 0]]
          ix.next = [[1, 0]]
          ix.zero = 1
          member = [[0, 0], [1, 0]]
          primary = [[0, 1]]
          vw.le = [[0, 0]]
          vw.lt = []
          vw.next = []
          vw.zero = 0
        Pre-state:
          acks = [[[0, 0], 0], [[0, 0], 1], [[0, 1], 0], [[0, 1], 1], [[1, 0], 0], [[1, 0], 1], [[1, 1], 0], [[1, 1], 1]]
          catching_up = []
          chosen = [[0, 0], [0, 1]]
          chosen_best = [[0, 0], [0, 1]]
          commit = [[0, 1], [1, 1]]
          cur_view = [[0, 0], [1, 0]]
          dvc_sent = []
          frag = [[[0, 0], 0]]
          last_normal = [[0, 0], [1, 0]]
          log = [[[0, 0], 0], [[1, 0], 0]]
          log_len = [[0, 0], [1, 0]]
          m_commit = [[0, 1]]
          m_dvc = [[0, 0], [0, 1]]
          m_get_state = [[[0, 0], 0], [[0, 0], 1], [[1, 0], 0], [[1, 0], 1]]
          m_new_state = [[[[0, 0], 0], 1], [[[0, 1], 0], 1], [[[0, 1], 1], 1]]
          m_prepare = []
          m_prepare_ok = [[[0, 1], 0], [[0, 1], 1]]
          m_recovery = [[[0, 0], 0], [[1, 0], 0]]
          m_rr = [[[0, 0], 0], [[0, 1], 0]]
          m_rr_state = []
          m_start_view = []
          m_svc = [[0, 0], [0, 1]]
          nonce_used = []
          rec_from = []
          rec_nonce = [[0, 0], [1, 0]]
          status = [[0, view_change], [1, view_change]]
          svc_from = [[0, 0], [0, 1], [1, 0], [1, 1]]
          vote_commit = [[0, 0, 1], [0, 1, 1]]
          vote_len = [[0, 0, 1], [0, 1, 1]]
          vote_lnv = [[0, 0, 0], [0, 1, 0]]
          votes = [[0, 0], [0, 1], [1, 0], [1, 1]]
        Action: send_do_view_change(r=0)
      Counterexample (TR):
        Theory:
          enum status_t = {normal, recovering, state_transfer, view_change}
          ix.le = [[0, 0], [0, 1], [1, 1]]
          ix.lt = [[0, 1]]
          ix.next = [[0, 1]]
          ix.zero = 0
          member = [[0, 0], [1, 0]]
          primary = [[0, 0]]
          vw.le = [[0, 0]]
          vw.lt = []
          vw.next = []
          vw.zero = 0
        Pre-state:
          acks = [[[0, 0], 0], [[0, 0], 1], [[0, 1], 0], [[0, 1], 1], [[1, 0], 0], [[1, 0], 1], [[1, 1], 0], [[1, 1], 1]]
          catching_up = []
          chosen = [[0, 0], [0, 1]]
          chosen_best = [[0, 0], [0, 1]]
          commit = [[0, 0], [1, 0]]
          cur_view = [[0, 0], [1, 0]]
          dvc_sent = [1]
          frag = []
          last_normal = [[0, 0], [1, 0]]
          log = []
          log_len = [[0, 0], [1, 0]]
          m_commit = [[0, 0]]
          m_dvc = [[0, 0], [0, 1]]
          m_get_state = [[[0, 0], 0], [[0, 0], 1], [[1, 0], 0], [[1, 0], 1]]
          m_new_state = []
          m_prepare = []
          m_prepare_ok = []
          m_recovery = [[[0, 0], 0], [[1, 0], 0]]
          m_rr = [[[0, 0], 0], [[0, 1], 0]]
          m_rr_state = []
          m_start_view = []
          m_svc = [[0, 0], [0, 1]]
          nonce_used = [0]
          rec_from = [[0, 0], [0, 1], [1, 0], [1, 1]]
          rec_nonce = [[0, 0], [1, 0]]
          status = [[0, view_change], [1, view_change]]
          svc_from = [[0, 0], [0, 1], [1, 0], [1, 1]]
          vote_commit = [[0, 0, 0], [0, 1, 0]]
          vote_len = [[0, 0, 1], [0, 1, 1]]
          vote_lnv = [[0, 0, 0], [0, 1, 0]]
          votes = [[0, 0], [0, 1], [1, 0], [1, 1]]
        Action: send_do_view_change(r=0)
        Post-state:
          acks = [[[0, 0], 0], [[0, 0], 1], [[0, 1], 0], [[0, 1], 1], [[1, 0], 0], [[1, 0], 1], [[1, 1], 0], [[1, 1], 1]]
          catching_up = []
          chosen = [[0, 0], [0, 1]]
          chosen_best = [[0, 0], [0, 1]]
          commit = [[0, 0], [1, 0]]
          cur_view = [[0, 0], [1, 0]]
          dvc_sent = [0, 1]
          frag = []
          last_normal = [[0, 0], [1, 0]]
          log = []
          log_len = [[0, 0], [1, 0]]
          m_commit = [[0, 0]]
          m_dvc = [[0, 0], [0, 1]]
          m_get_state = [[[0, 0], 0], [[0, 0], 1], [[1, 0], 0], [[1, 0], 1]]
          m_new_state = []
          m_prepare = []
          m_prepare_ok = []
          m_recovery = [[[0, 0], 0], [[1, 0], 0]]
          m_rr = [[[0, 0], 0], [[0, 1], 0]]
          m_rr_state = []
          m_start_view = []
          m_svc = [[0, 0], [0, 1]]
          nonce_used = [0]
          rec_from = [[0, 0], [0, 1], [1, 0], [1, 1]]
          rec_nonce = [[0, 0], [1, 0]]
          status = [[0, view_change], [1, view_change]]
          svc_from = [[0, 0], [0, 1], [1, 0], [1, 1]]
          vote_commit = [[0, 0, 0], [0, 1, 0]]
          vote_len = [[0, 0, 0], [0, 1, 1]]
          vote_lnv = [[0, 0, 0], [0, 1, 0]]
          votes = [[0, 0], [0, 1], [1, 0], [1, 1]]
    start_view_chosen ... ✅
    start_view_extends_best ... ❌
      Counterexample (WP):
        Theory:
          enum status_t = {normal, recovering, state_transfer, view_change}
          ix.le = [[0, 0], [0, 1], [1, 1]]
          ix.lt = [[0, 1]]
          ix.next = [[0, 1]]
          ix.zero = 0
          member = [[0, 0], [1, 0]]
          primary = [[0, 0]]
          vw.le = [[0, 0]]
          vw.lt = []
          vw.next = []
          vw.zero = 0
        Pre-state:
          acks = [[[0, 0], 0], [[0, 0], 1], [[0, 1], 0], [[0, 1], 1], [[1, 0], 0], [[1, 0], 1], [[1, 1], 0], [[1, 1], 1]]
          catching_up = []
          chosen = [[0, 0], [0, 1]]
          chosen_best = [[0, 0]]
          commit = [[0, 0], [1, 0]]
          cur_view = [[0, 0], [1, 0]]
          dvc_sent = []
          frag = [[[0, 1], 0]]
          last_normal = [[0, 0], [1, 0]]
          log = [[[0, 1], 0], [[1, 1], 0]]
          log_len = [[0, 1], [1, 1]]
          m_commit = [[0, 0]]
          m_dvc = [[0, 0], [0, 1]]
          m_get_state = [[[0, 0], 0], [[0, 0], 1], [[1, 0], 0], [[1, 0], 1]]
          m_new_state = [[[[0, 0], 0], 0], [[[0, 0], 1], 0], [[[0, 1], 1], 0]]
          m_prepare = []
          m_prepare_ok = [[[0, 0], 0]]
          m_recovery = [[[0, 0], 0], [[1, 0], 0]]
          m_rr = [[[0, 0], 0], [[0, 1], 0]]
          m_rr_state = []
          m_start_view = [[[0, 0], 0]]
          m_svc = [[0, 0], [0, 1]]
          nonce_used = []
          rec_from = []
          rec_nonce = [[0, 0], [1, 0]]
          status = [[0, view_change], [1, view_change]]
          svc_from = [[0, 0], [0, 1], [1, 0], [1, 1]]
          vote_commit = [[0, 0, 0], [0, 1, 0]]
          vote_len = [[0, 0, 0], [0, 1, 0]]
          vote_lnv = [[0, 0, 0], [0, 1, 0]]
          votes = [[0, 0], [0, 1], [1, 0], [1, 1]]
        Action: send_do_view_change(r=0)
      Counterexample (TR):
        Theory:
          enum status_t = {normal, recovering, state_transfer, view_change}
          ix.le = [[0, 0], [1, 0], [1, 1]]
          ix.lt = [[1, 0]]
          ix.next = [[1, 0]]
          ix.zero = 1
          member = [[0, 0], [1, 0]]
          primary = [[0, 1]]
          vw.le = [[0, 0]]
          vw.lt = []
          vw.next = []
          vw.zero = 0
        Pre-state:
          acks = [[[0, 0], 0], [[0, 0], 1], [[0, 1], 0], [[0, 1], 1], [[1, 0], 0], [[1, 0], 1], [[1, 1], 0], [[1, 1], 1]]
          catching_up = []
          chosen = [[0, 0], [0, 1]]
          chosen_best = [[0, 0]]
          commit = [[0, 1], [1, 1]]
          cur_view = [[0, 0], [1, 0]]
          dvc_sent = [1]
          frag = [[[0, 0], 0]]
          last_normal = [[0, 0], [1, 0]]
          log = [[[0, 0], 0]]
          log_len = [[0, 0], [1, 1]]
          m_commit = [[0, 1]]
          m_dvc = [[0, 0], [0, 1]]
          m_get_state = [[[0, 0], 0], [[0, 0], 1], [[1, 0], 0], [[1, 0], 1]]
          m_new_state = [[[[0, 0], 0], 1], [[[0, 1], 0], 1], [[[0, 1], 1], 1]]
          m_prepare = [[[[0, 0], 0], 1]]
          m_prepare_ok = [[[0, 1], 0]]
          m_recovery = [[[0, 0], 0], [[1, 0], 0]]
          m_rr = [[[0, 0], 0], [[0, 1], 0]]
          m_rr_state = []
          m_start_view = [[[0, 0], 1], [[0, 1], 1]]
          m_svc = [[0, 0], [0, 1]]
          nonce_used = [0]
          rec_from = [[0, 0], [0, 1], [1, 0], [1, 1]]
          rec_nonce = [[0, 0], [1, 0]]
          status = [[0, view_change], [1, view_change]]
          svc_from = [[0, 0], [0, 1], [1, 0], [1, 1]]
          vote_commit = [[0, 0, 1], [0, 1, 1]]
          vote_len = [[0, 0, 1], [0, 1, 1]]
          vote_lnv = [[0, 0, 0], [0, 1, 0]]
          votes = [[0, 0], [0, 1], [1, 0], [1, 1]]
        Action: send_do_view_change(r=0)
        Post-state:
          acks = [[[0, 0], 0], [[0, 0], 1], [[0, 1], 0], [[0, 1], 1], [[1, 0], 0], [[1, 0], 1], [[1, 1], 0], [[1, 1], 1]]
          catching_up = []
          chosen = [[0, 0], [0, 1]]
          chosen_best = [[0, 0]]
          commit = [[0, 1], [1, 1]]
          cur_view = [[0, 0], [1, 0]]
          dvc_sent = [0, 1]
          frag = [[[0, 0], 0]]
          last_normal = [[0, 0], [1, 0]]
          log = [[[0, 0], 0]]
          log_len = [[0, 0], [1, 1]]
          m_commit = [[0, 1]]
          m_dvc = [[0, 0], [0, 1]]
          m_get_state = [[[0, 0], 0], [[0, 0], 1], [[1, 0], 0], [[1, 0], 1]]
          m_new_state = [[[[0, 0], 0], 1], [[[0, 1], 0], 1], [[[0, 1], 1], 1]]
          m_prepare = [[[[0, 0], 0], 1]]
          m_prepare_ok = [[[0, 1], 0]]
          m_recovery = [[[0, 0], 0], [[1, 0], 0]]
          m_rr = [[[0, 0], 0], [[0, 1], 0]]
          m_rr_state = []
          m_start_view = [[[0, 0], 1], [[0, 1], 1]]
          m_svc = [[0, 0], [0, 1]]
          nonce_used = [0]
          rec_from = [[0, 0], [0, 1], [1, 0], [1, 1]]
          rec_nonce = [[0, 0], [1, 0]]
          status = [[0, view_change], [1, view_change]]
          svc_from = [[0, 0], [0, 1], [1, 0], [1, 1]]
          vote_commit = [[0, 0, 1], [0, 1, 1]]
          vote_len = [[0, 0, 0], [0, 1, 1]]
          vote_lnv = [[0, 0, 0], [0, 1, 0]]
          votes = [[0, 0], [0, 1], [1, 0], [1, 1]]
    chosen_votes_cover ... ✅
    prepare_ok_below_view ... ✅
    svc_below_view ... ✅
    dvc_below_view ... ✅
    get_state_below_view ... ✅
    recovery_below_view ... ✅
    rr_below_view ... ✅
    recovery_covers_acks ... ✅
    started_views ... ✅
  recv_start_view
    doesNotThrow ... 💥
      Exceptions:
        recv_start_view_doesNotThrow_0_WP
          Unknown constant `Invariants.core_simplified_eq`
    prefix_agreement ... 💥
      Exceptions:
        recv_start_view_prefix_agreement_tr_0_TR
          cannot translate fun x => x, SMT-LIB does not support lambdas
    commit_bounded ... ✅
    last_normal_le_view ... ✅
    normal_last_normal ... ✅
    catching_up_view_change ... ✅
    recovering_empty ... ✅
    log_within ... ✅
    log_dense ... ❌
      Counterexample (WP):
        Theory:
          enum status_t = {normal, recovering, state_transfer, view_change}
          ix.le = [[0, 0], [1, 0], [1, 1]]
          ix.lt = [[1, 0]]
          ix.next = [[1, 0]]
          ix.zero = 1
          member = [[0, 0], [1, 0]]
          primary = [[0, 0]]
          vw.le = [[0, 0]]
          vw.lt = []
          vw.next = []
          vw.zero = 0
        Pre-state:
          acks = [[[0, 0], 0], [[0, 0], 1], [[0, 1], 0], [[0, 1], 1], [[1, 0], 0], [[1, 0], 1], [[1, 1], 0], [[1, 1], 1]]
          catching_up = []
          chosen = [[0, 0], [0, 1]]
          chosen_best = []
          commit = [[0, 1], [1, 1]]
          cur_view = [[0, 0], [1, 0]]
          dvc_sent = []
          frag = []
          last_normal = [[0, 0], [1, 0]]
          log = []
          log_len = [[0, 1], [1, 1]]
          m_commit = []
          m_dvc = [[0, 0], [0, 1]]
          m_get_state = [[[0, 0], 0], [[0, 0], 1], [[1, 0], 0], [[1, 0], 1]]
          m_new_state = []
          m_prepare = []
          m_prepare_ok = []
          m_recovery = [[[0, 0], 0], [[1, 0], 0]]
          m_rr = [[[0, 0], 0], [[0, 1], 0]]
          m_rr_state = []
          m_start_view = [[[0, 0], 1]]
          m_svc = [[0, 0], [0, 1]]
          nonce_used = []
          rec_from = []
          rec_nonce = [[0, 0], [1, 0]]
          status = [[0, view_change], [1, view_change]]
          svc_from = []
          vote_commit = [[0, 0, 1], [0, 1, 1]]
          vote_len = [[0, 0, 0], [0, 1, 0]]
          vote_lnv = [[0, 0, 0], [0, 1, 0]]
          votes = [[0, 0], [0, 1], [1, 0], [1, 1]]
        Action: recv_start_view(k=1, n=0, r=0, v=0)
    log_unique ... ✅
    frag_positive ... ✅
    wf_prepare ... ✅
    wf_new_state ... ✅
    wf_start_view ... ✅
    wf_dvc ... ✅
    wf_rr_state ... ✅
    one_log_per_view ... ✅
    covered ... ✅
    replica_backed ... 💥
      Exceptions:
        recv_start_view_replica_backed_tr_0_TR
          cannot translate fun x => x, SMT-LIB does not support lambdas
    prepare_backed ... 💥
      Exceptions:
        recv_start_view_prepare_backed_tr_0_TR
          cannot translate fun x => x, SMT-LIB does not support lambdas
    commit_backed ... 💥
      Exceptions:
        recv_start_view_commit_backed_tr_0_TR
          cannot translate fun x => x, SMT-LIB does not support lambdas
    new_state_backed ... 💥
      Exceptions:
        recv_start_view_new_state_backed_tr_0_TR
          cannot translate fun x => x, SMT-LIB does not support lambdas
    start_view_backed ... 💥
      Exceptions:
        recv_start_view_start_view_backed_tr_0_TR
          cannot translate fun x => x, SMT-LIB does not support lambdas
    dvc_backed ... 💥
      Exceptions:
        recv_start_view_dvc_backed_tr_0_TR
          cannot translate fun x => x, SMT-LIB does not support lambdas
    rr_backed ... 💥
      Exceptions:
        recv_start_view_rr_backed_tr_0_TR
          cannot translate fun x => x, SMT-LIB does not support lambdas
    survives_frag ... 💥
      Exceptions:
        recv_start_view_survives_frag_tr_0_TR
          cannot translate fun x => x, SMT-LIB does not support lambdas
    survives_start_view ... 💥
      Exceptions:
        recv_start_view_survives_start_view_tr_0_TR
          cannot translate fun x => x, SMT-LIB does not support lambdas
    survives_vote ... ❌
      Counterexample (WP):
        Theory:
          enum status_t = {normal, recovering, state_transfer, view_change}
          ix.le = [[0, 0], [1, 0], [1, 1]]
          ix.lt = [[1, 0]]
          ix.next = [[1, 0]]
          ix.zero = 1
          member = [[0, 0], [1, 0]]
          primary = [[0, 1], [1, 1]]
          vw.le = [[0, 0], [0, 1], [1, 1]]
          vw.lt = [[0, 1]]
          vw.next = [[0, 1]]
          vw.zero = 0
        Pre-state:
          acks = [[[0, 0], 0], [[0, 0], 1], [[0, 1], 0], [[0, 1], 1], [[1, 0], 0], [[1, 0], 1], [[1, 1], 0], [[1, 1], 1]]
          catching_up = [0]
          chosen = [[0, 0], [0, 1]]
          chosen_best = []
          commit = [[0, 1], [1, 1]]
          cur_view = [[0, 0], [1, 1]]
          dvc_sent = []
          frag = [[[0, 0], 0]]
          last_normal = [[0, 0], [1, 0]]
          log = [[[1, 0], 0]]
          log_len = [[0, 1], [1, 0]]
          m_commit = []
          m_dvc = [[0, 0], [0, 1], [1, 1]]
          m_get_state = [[[0, 0], 0], [[0, 0], 1], [[1, 0], 0], [[1, 0], 1], [[1, 1], 0], [[1, 1], 1]]
          m_new_state = []
          m_prepare = []
          m_prepare_ok = [[[0, 1], 0]]
          m_recovery = [[[0, 0], 0], [[1, 0], 0], [[1, 0], 1]]
          m_rr = [[[0, 0], 0], [[0, 1], 0], [[0, 1], 1]]
          m_rr_state = []
          m_start_view = [[[0, 0], 1]]
          m_svc = [[0, 0], [0, 1], [1, 1]]
          nonce_used = []
          rec_from = []
          rec_nonce = [[0, 0], [1, 0]]
          status = [[0, view_change], [1, view_change]]
          svc_from = []
          vote_commit = [[0, 0, 1], [0, 1, 1], [1, 0, 0], [1, 1, 1]]
          vote_len = [[0, 0, 0], [0, 1, 0], [1, 0, 0], [1, 1, 0]]
          vote_lnv = [[0, 0, 0], [0, 1, 0], [1, 0, 0], [1, 1, 1]]
          votes = [[0, 0], [0, 1], [1, 1]]
        Action: recv_start_view(k=1, n=0, r=0, v=0)
    survives_rr ... ❌
      Counterexample (WP):
        Theory:
          enum status_t = {normal, recovering, state_transfer, view_change}
          ix.le = [[0, 0], [1, 0], [1, 1]]
          ix.lt = [[1, 0]]
          ix.next = [[1, 0]]
          ix.zero = 1
          member = [[0, 0], [1, 0]]
          primary = [[0, 1], [1, 0]]
          vw.le = [[0, 0], [0, 1], [1, 1]]
          vw.lt = [[0, 1]]
          vw.next = [[0, 1]]
          vw.zero = 0
        Pre-state:
          acks = [[[0, 0], 0], [[0, 0], 1], [[0, 1], 0], [[0, 1], 1], [[1, 0], 0], [[1, 0], 1], [[1, 1], 0], [[1, 1], 1]]
          catching_up = [0]
          chosen = [[0, 0], [0, 1]]
          chosen_best = []
          commit = [[0, 1], [1, 1]]
          cur_view = [[0, 0], [1, 1]]
          dvc_sent = []
          frag = [[[0, 0], 0]]
          last_normal = [[0, 0], [1, 0]]
          log = [[[1, 0], 0]]
          log_len = [[0, 1], [1, 0]]
          m_commit = []
          m_dvc = [[0, 0], [0, 1]]
          m_get_state = [[[0, 0], 0], [[0, 0], 1], [[1, 0], 0], [[1, 0], 1], [[1, 1], 0], [[1, 1], 1]]
          m_new_state = []
          m_prepare = []
          m_prepare_ok = []
          m_recovery = [[[0, 0], 0], [[1, 0], 0], [[1, 0], 1]]
          m_rr = [[[0, 0], 0], [[0, 1], 0], [[0, 1], 1]]
          m_rr_state = [[[[[0, 1], 1], 0], 1]]
          m_start_view = [[[0, 0], 1]]
          m_svc = [[0, 0], [0, 1], [1, 1]]
          nonce_used = []
          rec_from = []
          rec_nonce = [[0, 0], [1, 0]]
          status = [[0, view_change], [1, view_change]]
          svc_from = []
          vote_commit = [[0, 0, 1], [0, 1, 1], [1, 0, 1], [1, 1, 0]]
          vote_len = [[0, 0, 0], [0, 1, 0], [1, 0, 0], [1, 1, 0]]
          vote_lnv = [[0, 0, 0], [0, 1, 0], [1, 0, 0], [1, 1, 0]]
          votes = [[0, 0], [0, 1]]
        Action: recv_start_view(k=1, n=0, r=0, v=0)
    survives_replica ... ❌
      Counterexample (WP):
        Theory:
          enum status_t = {normal, recovering, state_transfer, view_change}
          ix.le = [[0, 0], [0, 1], [1, 1]]
          ix.lt = [[0, 1]]
          ix.next = [[0, 1]]
          ix.zero = 0
          member = [[0, 0], [1, 0]]
          primary = [[0, 0], [1, 1]]
          vw.le = [[0, 0], [1, 0], [1, 1]]
          vw.lt = [[1, 0]]
          vw.next = [[1, 0]]
          vw.zero = 1
        Pre-state:
          acks = [[[0, 0], 0], [[0, 0], 1], [[0, 1], 0], [[0, 1], 1], [[1, 0], 0], [[1, 0], 1], [[1, 1], 0], [[1, 1], 1]]
          catching_up = []
          chosen = [[0, 0], [0, 1]]
          chosen_best = []
          commit = [[0, 0], [1, 0]]
          cur_view = [[0, 0], [1, 0]]
          dvc_sent = []
          frag = [[[0, 1], 0], [[1, 1], 0]]
          last_normal = [[0, 0], [1, 0]]
          log = [[[0, 1], 0], [[1, 1], 0]]
          log_len = [[0, 1], [1, 1]]
          m_commit = [[0, 0], [0, 1], [1, 0]]
          m_dvc = [[0, 0], [0, 1], [1, 0], [1, 1]]
          m_get_state = [[[0, 0], 0], [[0, 0], 1], [[0, 1], 0], [[0, 1], 1], [[1, 0], 0], [[1, 0], 1], [[1, 1], 0], [[1, 1], 1]]
          m_new_state = [[[[0, 0], 0], 0], [[[0, 0], 1], 0], [[[0, 0], 1], 1], [[[0, 1], 1], 0], [[[0, 1], 1], 1], [[[1, 0], 0], 0], [[[1, 0], 1], 0], [[[1, 1], 1], 0]]
          m_prepare = []
          m_prepare_ok = [[[0, 0], 1], [[0, 1], 1], [[1, 0], 0], [[1, 1], 0]]
          m_recovery = [[[0, 0], 0], [[0, 0], 1], [[1, 0], 0], [[1, 0], 1]]
          m_rr = [[[0, 0], 0], [[0, 0], 1], [[0, 1], 0], [[0, 1], 1]]
          m_rr_state = [[[[[0, 0], 0], 0], 0], [[[[0, 0], 0], 1], 0], [[[[0, 0], 0], 1], 1], [[[[0, 0], 1], 0], 0], [[[[0, 0], 1], 1], 0], [[[[0, 1], 0], 0], 0], [[[[0, 1], 0], 1], 0], [[[[0, 1], 0], 1], 1], [[[[0, 1], 1], 0], 0], [[[[0, 1], 1], 1], 0]]
          m_start_view = [[[0, 0], 0]]
          m_svc = [[0, 0], [0, 1], [1, 0], [1, 1]]
          nonce_used = []
          rec_from = []
          rec_nonce = [[0, 0], [1, 0]]
          status = [[0, view_change], [1, view_change]]
          svc_from = []
          vote_commit = [[0, 0, 0], [0, 1, 0], [1, 0, 0], [1, 1, 0]]
          vote_len = [[0, 0, 0], [0, 1, 0], [1, 0, 0], [1, 1, 0]]
          vote_lnv = [[0, 0, 0], [0, 1, 1], [1, 0, 1], [1, 1, 1]]
          votes = [[0, 0], [0, 1], [1, 0], [1, 1]]
        Action: recv_start_view(k=0, n=0, r=0, v=0)
    acks_current ... ✅
    catching_up_not_primary ... ✅
    acks_hold ... ❌
      Counterexample (WP):
        Theory:
          enum status_t = {normal, recovering, state_transfer, view_change}
          ix.le = [[0, 0], [0, 1], [1, 1]]
          ix.lt = [[0, 1]]
          ix.next = [[0, 1]]
          ix.zero = 0
          member = [[0, 0], [1, 0]]
          primary = [[0, 0]]
          vw.le = [[0, 0]]
          vw.lt = []
          vw.next = []
          vw.zero = 0
        Pre-state:
          acks = [[[0, 0], 0], [[0, 0], 1], [[0, 1], 0], [[0, 1], 1], [[1, 0], 0], [[1, 0], 1], [[1, 1], 0], [[1, 1], 1]]
          catching_up = []
          chosen = [[0, 0], [0, 1]]
          chosen_best = []
          commit = [[0, 0], [1, 0]]
          cur_view = [[0, 0], [1, 0]]
          dvc_sent = []
          frag = [[[0, 1], 0]]
          last_normal = [[0, 0], [1, 0]]
          log = [[[0, 1], 0]]
          log_len = [[0, 1], [1, 0]]
          m_commit = [[0, 0]]
          m_dvc = [[0, 0], [0, 1]]
          m_get_state = [[[0, 0], 0], [[0, 0], 1], [[1, 0], 0], [[1, 0], 1]]
          m_new_state = [[[[0, 0], 0], 0], [[[0, 0], 1], 0], [[[0, 1], 1], 0]]
          m_prepare = []
          m_prepare_ok = [[[0, 1], 0]]
          m_recovery = [[[0, 0], 0], [[1, 0], 0]]
          m_rr = [[[0, 0], 0], [[0, 1], 0]]
          m_rr_state = []
          m_start_view = [[[0, 0], 0]]
          m_svc = [[0, 0], [0, 1]]
          nonce_used = []
          rec_from = []
          rec_nonce = [[0, 0], [1, 0]]
          status = [[0, view_change], [1, view_change]]
          svc_from = []
          vote_commit = [[0, 0, 0], [0, 1, 0]]
          vote_len = [[0, 0, 1], [0, 1, 0]]
          vote_lnv = [[0, 0, 0], [0, 1, 0]]
          votes = [[0, 0], [0, 1], [1, 0], [1, 1]]
        Action: recv_start_view(k=0, n=0, r=0, v=0)
    primary_longest_frag ... ❌
      Counterexample (WP):
        Theory:
          enum status_t = {normal, recovering, state_transfer, view_change}
          ix.le = [[0, 0], [0, 1], [1, 1]]
          ix.lt = [[0, 1]]
          ix.next = [[0, 1]]
          ix.zero = 0
          member = [[0, 0], [1, 0]]
          primary = [[0, 0]]
          vw.le = [[0, 0]]
          vw.lt = []
          vw.next = []
          vw.zero = 0
        Pre-state:
          acks = [[[0, 0], 0], [[0, 0], 1], [[0, 1], 0], [[0, 1], 1], [[1, 0], 0], [[1, 0], 1], [[1, 1], 0], [[1, 1], 1]]
          catching_up = []
          chosen = [[0, 0], [0, 1]]
          chosen_best = []
          commit = [[0, 0], [1, 0]]
          cur_view = [[0, 0], [1, 0]]
          dvc_sent = []
          frag = [[[0, 1], 0]]
          last_normal = [[0, 0], [1, 0]]
          log = [[[0, 1], 0]]
          log_len = [[0, 1], [1, 0]]
          m_commit = [[0, 0]]
          m_dvc = [[0, 0], [0, 1]]
          m_get_state = [[[0, 0], 0], [[0, 0], 1], [[1, 0], 0], [[1, 0], 1]]
          m_new_state = [[[[0, 0], 0], 0], [[[0, 0], 1], 0], [[[0, 1], 1], 0]]
          m_prepare = []
          m_prepare_ok = []
          m_recovery = [[[0, 0], 0], [[1, 0], 0]]
          m_rr = [[[0, 0], 0], [[0, 1], 0]]
          m_rr_state = []
          m_start_view = [[[0, 0], 0]]
          m_svc = [[0, 0], [0, 1]]
          nonce_used = []
          rec_from = []
          rec_nonce = [[0, 0], [1, 0]]
          status = [[0, view_change], [1, view_change]]
          svc_from = []
          vote_commit = [[0, 0, 0], [0, 1, 0]]
          vote_len = [[0, 0, 0], [0, 1, 0]]
          vote_lnv = [[0, 0, 0], [0, 1, 0]]
          votes = [[0, 0], [0, 1], [1, 0], [1, 1]]
        Action: recv_start_view(k=0, n=0, r=0, v=0)
    primary_longest_replica ... ❌
      Counterexample (WP):
        Theory:
          enum status_t = {normal, recovering, state_transfer, view_change}
          ix.le = [[0, 0], [0, 1], [1, 1]]
          ix.lt = [[0, 1]]
          ix.next = [[0, 1]]
          ix.zero = 0
          member = [[0, 0], [1, 0]]
          primary = [[0, 1]]
          vw.le = [[0, 0]]
          vw.lt = []
          vw.next = []
          vw.zero = 0
        Pre-state:
          acks = [[[0, 0], 0], [[0, 0], 1], [[0, 1], 0], [[0, 1], 1], [[1, 0], 0], [[1, 0], 1], [[1, 1], 0], [[1, 1], 1]]
          catching_up = []
          chosen = [[0, 0], [0, 1]]
          chosen_best = []
          commit = [[0, 0], [1, 0]]
          cur_view = [[0, 0], [1, 0]]
          dvc_sent = []
          frag = [[[0, 1], 0]]
          last_normal = [[0, 0], [1, 0]]
          log = [[[0, 1], 0]]
          log_len = [[0, 1], [1, 0]]
          m_commit = [[0, 0]]
          m_dvc = [[0, 0], [0, 1]]
          m_get_state = [[[0, 0], 0], [[0, 0], 1], [[1, 0], 0], [[1, 0], 1]]
          m_new_state = [[[[0, 0], 0], 0], [[[0, 0], 1], 0], [[[0, 1], 1], 0]]
          m_prepare = []
          m_prepare_ok = []
          m_recovery = [[[0, 0], 0], [[1, 0], 0]]
          m_rr = [[[0, 0], 0], [[0, 1], 0]]
          m_rr_state = []
          m_start_view = [[[0, 0], 0]]
          m_svc = [[0, 0], [0, 1]]
          nonce_used = []
          rec_from = []
          rec_nonce = [[0, 0], [1, 0]]
          status = [[0, view_change], [1, view_change]]
          svc_from = []
          vote_commit = [[0, 0, 0], [0, 1, 0]]
          vote_len = [[0, 0, 0], [0, 1, 0]]
          vote_lnv = [[0, 0, 0], [0, 1, 0]]
          votes = [[0, 0], [0, 1], [1, 0], [1, 1]]
        Action: recv_start_view(k=0, n=0, r=1, v=0)
    primary_longest_ack ... ❌
      Counterexample (WP):
        Theory:
          enum status_t = {normal, recovering, state_transfer, view_change}
          ix.le = [[0, 0], [0, 1], [1, 1]]
          ix.lt = [[0, 1]]
          ix.next = [[0, 1]]
          ix.zero = 0
          member = [[0, 0], [1, 0]]
          primary = [[0, 0]]
          vw.le = [[0, 0]]
          vw.lt = []
          vw.next = []
          vw.zero = 0
        Pre-state:
          acks = [[[0, 0], 0], [[0, 0], 1], [[0, 1], 0], [[0, 1], 1], [[1, 0], 0], [[1, 0], 1], [[1, 1], 0], [[1, 1], 1]]
          catching_up = []
          chosen = [[0, 0], [0, 1]]
          chosen_best = []
          commit = [[0, 0], [1, 0]]
          cur_view = [[0, 0], [1, 0]]
          dvc_sent = []
          frag = [[[0, 1], 0]]
          last_normal = [[0, 0], [1, 0]]
          log = [[[0, 1], 0]]
          log_len = [[0, 1], [1, 0]]
          m_commit = [[0, 0]]
          m_dvc = [[0, 0], [0, 1]]
          m_get_state = [[[0, 0], 0], [[0, 0], 1], [[1, 0], 0], [[1, 0], 1]]
          m_new_state = [[[[0, 0], 0], 0], [[[0, 0], 1], 0], [[[0, 1], 1], 0]]
          m_prepare = []
          m_prepare_ok = [[[0, 1], 0]]
          m_recovery = [[[0, 0], 0], [[1, 0], 0]]
          m_rr = [[[0, 0], 0], [[0, 1], 0]]
          m_rr_state = []
          m_start_view = [[[0, 0], 0]]
          m_svc = [[0, 0], [0, 1]]
          nonce_used = []
          rec_from = []
          rec_nonce = [[0, 0], [1, 0]]
          status = [[0, view_change], [1, view_change]]
          svc_from = []
          vote_commit = [[0, 0, 0], [0, 1, 0]]
          vote_len = [[0, 0, 1], [0, 1, 0]]
          vote_lnv = [[0, 0, 0], [0, 1, 0]]
          votes = [[0, 0], [0, 1], [1, 0], [1, 1]]
        Action: recv_start_view(k=0, n=0, r=0, v=0)
    primary_holds_view ... ❌
      Counterexample (WP):
        Theory:
          enum status_t = {normal, recovering, state_transfer, view_change}
          ix.le = [[0, 0], [0, 1], [1, 1]]
          ix.lt = [[0, 1]]
          ix.next = [[0, 1]]
          ix.zero = 0
          member = [[0, 0], [1, 0]]
          primary = [[0, 0]]
          vw.le = [[0, 0]]
          vw.lt = []
          vw.next = []
          vw.zero = 0
        Pre-state:
          acks = [[[0, 0], 0], [[0, 0], 1], [[0, 1], 0], [[0, 1], 1], [[1, 0], 0], [[1, 0], 1], [[1, 1], 0], [[1, 1], 1]]
          catching_up = []
          chosen = [[0, 0], [0, 1]]
          chosen_best = []
          commit = [[0, 0], [1, 0]]
          cur_view = [[0, 0], [1, 0]]
          dvc_sent = []
          frag = [[[0, 1], 0]]
          last_normal = [[0, 0], [1, 0]]
          log = []
          log_len = [[0, 0], [1, 0]]
          m_commit = [[0, 0]]
          m_dvc = [[0, 0], [0, 1]]
          m_get_state = [[[0, 0], 0], [[0, 0], 1], [[1, 0], 0], [[1, 0], 1]]
          m_new_state = [[[[0, 0], 0], 0], [[[0, 0], 1], 0], [[[0, 1], 1], 0]]
          m_prepare = []
          m_prepare_ok = []
          m_recovery = [[[0, 0], 0], [[1, 0], 0]]
          m_rr = [[[0, 0], 0], [[0, 1], 0]]
          m_rr_state = []
          m_start_view = [[[0, 0], 0]]
          m_svc = [[0, 0], [0, 1]]
          nonce_used = []
          rec_from = []
          rec_nonce = [[0, 0], [1, 0]]
          status = [[0, view_change], [1, view_change]]
          svc_from = []
          vote_commit = [[0, 0, 0], [0, 1, 0]]
          vote_len = [[0, 0, 0], [0, 1, 0]]
          vote_lnv = [[0, 0, 0], [0, 1, 0]]
          votes = [[0, 0], [0, 1], [1, 0], [1, 1]]
        Action: recv_start_view(k=0, n=0, r=0, v=0)
    votes_are_dvcs ... ✅
    chosen_are_dvcs ... ✅
    chosen_best_chosen ... ✅
    chosen_best_is_best ... ✅
    start_view_chosen ... ✅
    start_view_extends_best ... ✅
    chosen_votes_cover ... ❌
      Counterexample (WP):
        Theory:
          enum status_t = {normal, recovering, state_transfer, view_change}
          ix.le = [[0, 0], [1, 0], [1, 1]]
          ix.lt = [[1, 0]]
          ix.next = [[1, 0]]
          ix.zero = 1
          member = [[0, 0], [1, 0]]
          primary = [[0, 0]]
          vw.le = [[0, 0]]
          vw.lt = []
          vw.next = []
          vw.zero = 0
        Pre-state:
          acks = [[[0, 0], 0], [[0, 0], 1], [[0, 1], 0], [[0, 1], 1], [[1, 0], 0], [[1, 0], 1], [[1, 1], 0], [[1, 1], 1]]
          catching_up = []
          chosen = [[0, 0], [0, 1]]
          chosen_best = []
          commit = [[0, 1], [1, 1]]
          cur_view = [[0, 0], [1, 0]]
          dvc_sent = []
          frag = [[[0, 0], 0]]
          last_normal = [[0, 0], [1, 0]]
          log = []
          log_len = [[0, 1], [1, 1]]
          m_commit = [[0, 0], [0, 1]]
          m_dvc = [[0, 0], [0, 1]]
          m_get_state = [[[0, 0], 0], [[0, 0], 1], [[1, 0], 0], [[1, 0], 1]]
          m_new_state = [[[[0, 0], 0], 0], [[[0, 0], 0], 1], [[[0, 1], 0], 0], [[[0, 1], 0], 1], [[[0, 1], 1], 1]]
          m_prepare = []
          m_prepare_ok = [[[0, 0], 1]]
          m_recovery = [[[0, 0], 0], [[1, 0], 0]]
          m_rr = [[[0, 0], 0], [[0, 1], 0]]
          m_rr_state = []
          m_start_view = [[[0, 0], 0]]
          m_svc = [[0, 0], [0, 1]]
          nonce_used = []
          rec_from = []
          rec_nonce = [[0, 0], [1, 0]]
          status = [[0, view_change], [1, recovering]]
          svc_from = []
          vote_commit = [[0, 0, 1], [0, 1, 1]]
          vote_len = [[0, 0, 1], [0, 1, 0]]
          vote_lnv = [[0, 0, 0], [0, 1, 0]]
          votes = [[0, 0], [0, 1], [1, 0], [1, 1]]
        Action: recv_start_view(k=0, n=0, r=0, v=0)
    prepare_ok_below_view ... ✅
    svc_below_view ... ✅
    dvc_below_view ... ✅
    get_state_below_view ... ✅
    recovery_below_view ... ✅
    rr_below_view ... ✅
    recovery_covers_acks ... ✅
    started_views ... ✅
warning: Vsr/RunCheck.lean:658:0: Trusting SMT solver for 799 goals. `set_option veil.smt.trust false` to enable proof reconstruction.
info: Vsr/RunCheck.lean:658:0: Insert theorem stubs for undischarged verification conditions:

  [apply] #check_invariants
  
  @[veil]
  theorem recv_prepare_doesNotThrow (ρ : Type) (σ : Type) (replica : Type) [replica_dec_eq : DecidableEq.{1} replica]
      [replica_inhabited : Inhabited.{1} replica] (view : Type) [view_dec_eq : DecidableEq.{1} view]
      [view_inhabited : Inhabited.{1} view] (idx : Type) [idx_dec_eq : DecidableEq.{1} idx]
      [idx_inhabited : Inhabited.{1} idx] (entry : Type) [entry_dec_eq : DecidableEq.{1} entry]
      [entry_inhabited : Inhabited.{1} entry] (quorum : Type) [quorum_dec_eq : DecidableEq.{1} quorum]
      [quorum_inhabited : Inhabited.{1} quorum] (nonce : Type) [nonce_dec_eq : DecidableEq.{1} nonce]
      [nonce_inhabited : Inhabited.{1} nonce] [vw : TotalOrderWithMinimum view] [ix : TotalOrderWithMinimum idx]
      (status_t : Type) [status_t_dec_eq : DecidableEq.{1} status_t] [status_t_inhabited : Inhabited.{1} status_t]
      [status_t_Enum : @status_t_EnumClass status_t] (χ : State.Label → Type)
      [χ_rep :
        ∀ __veil_f,
          Veil.FieldRepresentation (State.Label.toDomain replica view idx entry quorum nonce status_t __veil_f)
            (State.Label.toCodomain replica view idx entry quorum nonce status_t __veil_f) (χ __veil_f)]
      [χ_rep_lawful :
        ∀ __veil_f,
          Veil.LawfulFieldRepresentation (State.Label.toDomain replica view idx entry quorum nonce status_t __veil_f)
            (State.Label.toCodomain replica view idx entry quorum nonce status_t __veil_f) (χ __veil_f) (χ_rep __veil_f)]
      [σ_sub : IsSubStateOf (@State χ) σ] [ρ_sub : IsSubReaderOf (@Theory replica view idx entry quorum nonce status_t) ρ]
      [recv_prepare_dec_0 :
        delta% @RunCheck.recv_prepare._veil_dec_type_0 replica view χ vw idx entry quorum nonce status_t χ_rep]
      [recv_prepare_dec_1 :
        delta% @RunCheck.recv_prepare._veil_dec_type_1 replica view χ vw idx entry quorum nonce status_t χ_rep]
      [recv_prepare_dec_2 :
        delta% @RunCheck.recv_prepare._veil_dec_type_2 replica idx χ ix view entry quorum nonce status_t χ_rep]
      [commit_up_to_dec_1 :
        delta% @RunCheck.commit_up_to._veil_dec_type_1 replica idx χ ix view entry quorum nonce status_t χ_rep]
      [commit_up_to_dec_0 :
        delta% @RunCheck.commit_up_to._veil_dec_type_0 replica idx χ ix view entry quorum nonce status_t χ_rep]
      [recv_prepare_dec_5 :
        delta% @RunCheck.recv_prepare._veil_dec_type_8 replica idx χ ix view entry quorum nonce status_t χ_rep] :
      ∀ (r : replica) (v : view) (n : idx) (e : entry) (k : idx) (__veil_ex : Int),
        Veil.VeilM.doesNotThrowAssuming_ex
          (@recv_prepare.ext ρ σ replica replica_dec_eq replica_inhabited view view_dec_eq view_inhabited idx idx_dec_eq
            idx_inhabited entry entry_dec_eq entry_inhabited quorum quorum_dec_eq quorum_inhabited nonce nonce_dec_eq
            nonce_inhabited vw ix status_t status_t_dec_eq status_t_inhabited status_t_Enum χ χ_rep χ_rep_lawful σ_sub
            ρ_sub recv_prepare_dec_0 recv_prepare_dec_1 recv_prepare_dec_2 commit_up_to_dec_1 commit_up_to_dec_0
            recv_prepare_dec_5 r v n e k)
          (@Assumptions ρ replica replica_dec_eq replica_inhabited view view_dec_eq view_inhabited idx idx_dec_eq
            idx_inhabited entry entry_dec_eq entry_inhabited quorum quorum_dec_eq quorum_inhabited nonce nonce_dec_eq
            nonce_inhabited vw ix status_t status_t_dec_eq status_t_inhabited status_t_Enum ρ_sub)
          (@Invariants ρ σ replica replica_dec_eq replica_inhabited view view_dec_eq view_inhabited idx idx_dec_eq
            idx_inhabited entry entry_dec_eq entry_inhabited quorum quorum_dec_eq quorum_inhabited nonce nonce_dec_eq
            nonce_inhabited vw ix status_t status_t_dec_eq status_t_inhabited status_t_Enum χ χ_rep χ_rep_lawful σ_sub
            ρ_sub)
          __veil_ex :=
    by
    unveil
    sorry
  
  @[veil]
  theorem commit_quorum_doesNotThrow (ρ : Type) (σ : Type) (replica : Type) [replica_dec_eq : DecidableEq.{1} replica]
      [replica_inhabited : Inhabited.{1} replica] (view : Type) [view_dec_eq : DecidableEq.{1} view]
      [view_inhabited : Inhabited.{1} view] (idx : Type) [idx_dec_eq : DecidableEq.{1} idx]
      [idx_inhabited : Inhabited.{1} idx] (entry : Type) [entry_dec_eq : DecidableEq.{1} entry]
      [entry_inhabited : Inhabited.{1} entry] (quorum : Type) [quorum_dec_eq : DecidableEq.{1} quorum]
      [quorum_inhabited : Inhabited.{1} quorum] (nonce : Type) [nonce_dec_eq : DecidableEq.{1} nonce]
      [nonce_inhabited : Inhabited.{1} nonce] [vw : TotalOrderWithMinimum view] [ix : TotalOrderWithMinimum idx]
      (status_t : Type) [status_t_dec_eq : DecidableEq.{1} status_t] [status_t_inhabited : Inhabited.{1} status_t]
      [status_t_Enum : @status_t_EnumClass status_t] (χ : State.Label → Type)
      [χ_rep :
        ∀ __veil_f,
          Veil.FieldRepresentation (State.Label.toDomain replica view idx entry quorum nonce status_t __veil_f)
            (State.Label.toCodomain replica view idx entry quorum nonce status_t __veil_f) (χ __veil_f)]
      [χ_rep_lawful :
        ∀ __veil_f,
          Veil.LawfulFieldRepresentation (State.Label.toDomain replica view idx entry quorum nonce status_t __veil_f)
            (State.Label.toCodomain replica view idx entry quorum nonce status_t __veil_f) (χ __veil_f) (χ_rep __veil_f)]
      [σ_sub : IsSubStateOf (@State χ) σ] [ρ_sub : IsSubReaderOf (@Theory replica view idx entry quorum nonce status_t) ρ]
      [commit_up_to_dec_0 :
        delta% @RunCheck.commit_up_to._veil_dec_type_0 replica idx χ ix view entry quorum nonce status_t χ_rep]
      [commit_quorum_dec_1 :
        delta% @RunCheck.commit_quorum._veil_dec_type_1 replica idx view entry quorum nonce status_t χ χ_rep]
      [commit_up_to_dec_1 :
        delta% @RunCheck.commit_up_to._veil_dec_type_1 replica idx χ ix view entry quorum nonce status_t χ_rep]
      [commit_quorum_dec_3 :
        delta% @RunCheck.commit_quorum._veil_dec_type_4 replica idx χ view entry quorum nonce status_t χ_rep ix] :
      ∀ (r : replica) (n : idx) (__veil_ex : Int),
        Veil.VeilM.doesNotThrowAssuming_ex
          (@commit_quorum.ext ρ σ replica replica_dec_eq replica_inhabited view view_dec_eq view_inhabited idx idx_dec_eq
            idx_inhabited entry entry_dec_eq entry_inhabited quorum quorum_dec_eq quorum_inhabited nonce nonce_dec_eq
            nonce_inhabited vw ix status_t status_t_dec_eq status_t_inhabited status_t_Enum χ χ_rep χ_rep_lawful σ_sub
            ρ_sub commit_up_to_dec_0 commit_quorum_dec_1 commit_up_to_dec_1 commit_quorum_dec_3 r n)
          (@Assumptions ρ replica replica_dec_eq replica_inhabited view view_dec_eq view_inhabited idx idx_dec_eq
            idx_inhabited entry entry_dec_eq entry_inhabited quorum quorum_dec_eq quorum_inhabited nonce nonce_dec_eq
            nonce_inhabited vw ix status_t status_t_dec_eq status_t_inhabited status_t_Enum ρ_sub)
          (@Invariants ρ σ replica replica_dec_eq replica_inhabited view view_dec_eq view_inhabited idx idx_dec_eq
            idx_inhabited entry entry_dec_eq entry_inhabited quorum quorum_dec_eq quorum_inhabited nonce nonce_dec_eq
            nonce_inhabited vw ix status_t status_t_dec_eq status_t_inhabited status_t_Enum χ χ_rep χ_rep_lawful σ_sub
            ρ_sub)
          __veil_ex :=
    by
    unveil
    sorry
  
  @[veil]
  theorem recv_commit_doesNotThrow (ρ : Type) (σ : Type) (replica : Type) [replica_dec_eq : DecidableEq.{1} replica]
      [replica_inhabited : Inhabited.{1} replica] (view : Type) [view_dec_eq : DecidableEq.{1} view]
      [view_inhabited : Inhabited.{1} view] (idx : Type) [idx_dec_eq : DecidableEq.{1} idx]
      [idx_inhabited : Inhabited.{1} idx] (entry : Type) [entry_dec_eq : DecidableEq.{1} entry]
      [entry_inhabited : Inhabited.{1} entry] (quorum : Type) [quorum_dec_eq : DecidableEq.{1} quorum]
      [quorum_inhabited : Inhabited.{1} quorum] (nonce : Type) [nonce_dec_eq : DecidableEq.{1} nonce]
      [nonce_inhabited : Inhabited.{1} nonce] [vw : TotalOrderWithMinimum view] [ix : TotalOrderWithMinimum idx]
      (status_t : Type) [status_t_dec_eq : DecidableEq.{1} status_t] [status_t_inhabited : Inhabited.{1} status_t]
      [status_t_Enum : @status_t_EnumClass status_t] (χ : State.Label → Type)
      [χ_rep :
        ∀ __veil_f,
          Veil.FieldRepresentation (State.Label.toDomain replica view idx entry quorum nonce status_t __veil_f)
            (State.Label.toCodomain replica view idx entry quorum nonce status_t __veil_f) (χ __veil_f)]
      [χ_rep_lawful :
        ∀ __veil_f,
          Veil.LawfulFieldRepresentation (State.Label.toDomain replica view idx entry quorum nonce status_t __veil_f)
            (State.Label.toCodomain replica view idx entry quorum nonce status_t __veil_f) (χ __veil_f) (χ_rep __veil_f)]
      [σ_sub : IsSubStateOf (@State χ) σ] [ρ_sub : IsSubReaderOf (@Theory replica view idx entry quorum nonce status_t) ρ]
      [recv_prepare_dec_0 :
        delta% @RunCheck.recv_prepare._veil_dec_type_0 replica view χ vw idx entry quorum nonce status_t χ_rep]
      [recv_prepare_dec_1 :
        delta% @RunCheck.recv_prepare._veil_dec_type_1 replica view χ vw idx entry quorum nonce status_t χ_rep]
      [recv_commit_dec_2 :
        delta% @RunCheck.recv_commit._veil_dec_type_2 replica idx χ ix view entry quorum nonce status_t χ_rep]
      [commit_up_to_dec_0 :
        delta% @RunCheck.commit_up_to._veil_dec_type_0 replica idx χ ix view entry quorum nonce status_t χ_rep]
      [commit_up_to_dec_1 :
        delta% @RunCheck.commit_up_to._veil_dec_type_1 replica idx χ ix view entry quorum nonce status_t χ_rep] :
      ∀ (r : replica) (v : view) (k : idx) (__veil_ex : Int),
        Veil.VeilM.doesNotThrowAssuming_ex
          (@recv_commit.ext ρ σ replica replica_dec_eq replica_inhabited view view_dec_eq view_inhabited idx idx_dec_eq
            idx_inhabited entry entry_dec_eq entry_inhabited quorum quorum_dec_eq quorum_inhabited nonce nonce_dec_eq
            nonce_inhabited vw ix status_t status_t_dec_eq status_t_inhabited status_t_Enum χ χ_rep χ_rep_lawful σ_sub
            ρ_sub recv_prepare_dec_0 recv_prepare_dec_1 recv_commit_dec_2 commit_up_to_dec_0 commit_up_to_dec_1 r v k)
          (@Assumptions ρ replica replica_dec_eq replica_inhabited view view_dec_eq view_inhabited idx idx_dec_eq
            idx_inhabited entry entry_dec_eq entry_inhabited quorum quorum_dec_eq quorum_inhabited nonce nonce_dec_eq
            nonce_inhabited vw ix status_t status_t_dec_eq status_t_inhabited status_t_Enum ρ_sub)
          (@Invariants ρ σ replica replica_dec_eq replica_inhabited view view_dec_eq view_inhabited idx idx_dec_eq
            idx_inhabited entry entry_dec_eq entry_inhabited quorum quorum_dec_eq quorum_inhabited nonce nonce_dec_eq
            nonce_inhabited vw ix status_t status_t_dec_eq status_t_inhabited status_t_Enum χ χ_rep χ_rep_lawful σ_sub
            ρ_sub)
          __veil_ex :=
    by
    unveil
    sorry
  
  @[veil]
  theorem recv_new_state_doesNotThrow (ρ : Type) (σ : Type) (replica : Type) [replica_dec_eq : DecidableEq.{1} replica]
      [replica_inhabited : Inhabited.{1} replica] (view : Type) [view_dec_eq : DecidableEq.{1} view]
      [view_inhabited : Inhabited.{1} view] (idx : Type) [idx_dec_eq : DecidableEq.{1} idx]
      [idx_inhabited : Inhabited.{1} idx] (entry : Type) [entry_dec_eq : DecidableEq.{1} entry]
      [entry_inhabited : Inhabited.{1} entry] (quorum : Type) [quorum_dec_eq : DecidableEq.{1} quorum]
      [quorum_inhabited : Inhabited.{1} quorum] (nonce : Type) [nonce_dec_eq : DecidableEq.{1} nonce]
      [nonce_inhabited : Inhabited.{1} nonce] [vw : TotalOrderWithMinimum view] [ix : TotalOrderWithMinimum idx]
      (status_t : Type) [status_t_dec_eq : DecidableEq.{1} status_t] [status_t_inhabited : Inhabited.{1} status_t]
      [status_t_Enum : @status_t_EnumClass status_t] (χ : State.Label → Type)
      [χ_rep :
        ∀ __veil_f,
          Veil.FieldRepresentation (State.Label.toDomain replica view idx entry quorum nonce status_t __veil_f)
            (State.Label.toCodomain replica view idx entry quorum nonce status_t __veil_f) (χ __veil_f)]
      [χ_rep_lawful :
        ∀ __veil_f,
          Veil.LawfulFieldRepresentation (State.Label.toDomain replica view idx entry quorum nonce status_t __veil_f)
            (State.Label.toCodomain replica view idx entry quorum nonce status_t __veil_f) (χ __veil_f) (χ_rep __veil_f)]
      [σ_sub : IsSubStateOf (@State χ) σ] [ρ_sub : IsSubReaderOf (@Theory replica view idx entry quorum nonce status_t) ρ]
      [recv_new_state_dec_0 :
        delta% @RunCheck.recv_new_state._veil_dec_type_0 replica idx χ ix view entry quorum nonce status_t χ_rep]
      [recv_new_state_dec_1 :
        delta% @RunCheck.recv_new_state._veil_dec_type_1 replica view idx χ entry quorum nonce status_t χ_rep ix]
      [commit_up_to_dec_0 :
        delta% @RunCheck.commit_up_to._veil_dec_type_0 replica idx χ ix view entry quorum nonce status_t χ_rep]
      [commit_up_to_dec_1 :
        delta% @RunCheck.commit_up_to._veil_dec_type_1 replica idx χ ix view entry quorum nonce status_t χ_rep]
      [install_log_dec_0 :
        delta% @RunCheck.install_log._veil_dec_type_0 replica idx χ ix view entry quorum nonce status_t χ_rep]
      [recv_new_state_dec_5 :
        delta% @RunCheck.recv_new_state._veil_dec_type_5 replica view idx χ entry quorum nonce status_t χ_rep ix] :
      ∀ (r : replica) (v : view) (a : idx) (b : idx) (k : idx) (__veil_ex : Int),
        Veil.VeilM.doesNotThrowAssuming_ex
          (@recv_new_state.ext ρ σ replica replica_dec_eq replica_inhabited view view_dec_eq view_inhabited idx idx_dec_eq
            idx_inhabited entry entry_dec_eq entry_inhabited quorum quorum_dec_eq quorum_inhabited nonce nonce_dec_eq
            nonce_inhabited vw ix status_t status_t_dec_eq status_t_inhabited status_t_Enum χ χ_rep χ_rep_lawful σ_sub
            ρ_sub recv_new_state_dec_0 recv_new_state_dec_1 commit_up_to_dec_0 commit_up_to_dec_1 install_log_dec_0
            recv_new_state_dec_5 r v a b k)
          (@Assumptions ρ replica replica_dec_eq replica_inhabited view view_dec_eq view_inhabited idx idx_dec_eq
            idx_inhabited entry entry_dec_eq entry_inhabited quorum quorum_dec_eq quorum_inhabited nonce nonce_dec_eq
            nonce_inhabited vw ix status_t status_t_dec_eq status_t_inhabited status_t_Enum ρ_sub)
          (@Invariants ρ σ replica replica_dec_eq replica_inhabited view view_dec_eq view_inhabited idx idx_dec_eq
            idx_inhabited entry entry_dec_eq entry_inhabited quorum quorum_dec_eq quorum_inhabited nonce nonce_dec_eq
            nonce_inhabited vw ix status_t status_t_dec_eq status_t_inhabited status_t_Enum χ χ_rep χ_rep_lawful σ_sub
            ρ_sub)
          __veil_ex :=
    by
    unveil
    sorry
  
  @[veil]
  theorem recv_start_view_doesNotThrow (ρ : Type) (σ : Type) (replica : Type) [replica_dec_eq : DecidableEq.{1} replica]
      [replica_inhabited : Inhabited.{1} replica] (view : Type) [view_dec_eq : DecidableEq.{1} view]
      [view_inhabited : Inhabited.{1} view] (idx : Type) [idx_dec_eq : DecidableEq.{1} idx]
      [idx_inhabited : Inhabited.{1} idx] (entry : Type) [entry_dec_eq : DecidableEq.{1} entry]
      [entry_inhabited : Inhabited.{1} entry] (quorum : Type) [quorum_dec_eq : DecidableEq.{1} quorum]
      [quorum_inhabited : Inhabited.{1} quorum] (nonce : Type) [nonce_dec_eq : DecidableEq.{1} nonce]
      [nonce_inhabited : Inhabited.{1} nonce] [vw : TotalOrderWithMinimum view] [ix : TotalOrderWithMinimum idx]
      (status_t : Type) [status_t_dec_eq : DecidableEq.{1} status_t] [status_t_inhabited : Inhabited.{1} status_t]
      [status_t_Enum : @status_t_EnumClass status_t] (χ : State.Label → Type)
      [χ_rep :
        ∀ __veil_f,
          Veil.FieldRepresentation (State.Label.toDomain replica view idx entry quorum nonce status_t __veil_f)
            (State.Label.toCodomain replica view idx entry quorum nonce status_t __veil_f) (χ __veil_f)]
      [χ_rep_lawful :
        ∀ __veil_f,
          Veil.LawfulFieldRepresentation (State.Label.toDomain replica view idx entry quorum nonce status_t __veil_f)
            (State.Label.toCodomain replica view idx entry quorum nonce status_t __veil_f) (χ __veil_f) (χ_rep __veil_f)]
      [σ_sub : IsSubStateOf (@State χ) σ] [ρ_sub : IsSubReaderOf (@Theory replica view idx entry quorum nonce status_t) ρ]
      [recv_start_view_dec_0 :
        delta%
          @RunCheck.recv_start_view._veil_dec_type_0 replica view χ vw idx entry quorum nonce status_t χ_rep
            status_t_Enum]
      [install_log_dec_0 :
        delta% @RunCheck.install_log._veil_dec_type_0 replica idx χ ix view entry quorum nonce status_t χ_rep]
      [install_log_dec_1 :
        delta% @RunCheck.install_log._veil_dec_type_1 view idx χ entry replica quorum nonce status_t χ_rep ix]
      [commit_up_to_dec_0 :
        delta% @RunCheck.commit_up_to._veil_dec_type_0 replica idx χ ix view entry quorum nonce status_t χ_rep]
      [commit_up_to_dec_1 :
        delta% @RunCheck.commit_up_to._veil_dec_type_1 replica idx χ ix view entry quorum nonce status_t χ_rep] :
      ∀ (r : replica) (v : view) (n : idx) (k : idx) (__veil_ex : Int),
        Veil.VeilM.doesNotThrowAssuming_ex
          (@recv_start_view.ext ρ σ replica replica_dec_eq replica_inhabited view view_dec_eq view_inhabited idx
            idx_dec_eq idx_inhabited entry entry_dec_eq entry_inhabited quorum quorum_dec_eq quorum_inhabited nonce
            nonce_dec_eq nonce_inhabited vw ix status_t status_t_dec_eq status_t_inhabited status_t_Enum χ χ_rep
            χ_rep_lawful σ_sub ρ_sub recv_start_view_dec_0 install_log_dec_0 install_log_dec_1 commit_up_to_dec_0
            commit_up_to_dec_1 r v n k)
          (@Assumptions ρ replica replica_dec_eq replica_inhabited view view_dec_eq view_inhabited idx idx_dec_eq
            idx_inhabited entry entry_dec_eq entry_inhabited quorum quorum_dec_eq quorum_inhabited nonce nonce_dec_eq
            nonce_inhabited vw ix status_t status_t_dec_eq status_t_inhabited status_t_Enum ρ_sub)
          (@Invariants ρ σ replica replica_dec_eq replica_inhabited view view_dec_eq view_inhabited idx idx_dec_eq
            idx_inhabited entry entry_dec_eq entry_inhabited quorum quorum_dec_eq quorum_inhabited nonce nonce_dec_eq
            nonce_inhabited vw ix status_t status_t_dec_eq status_t_inhabited status_t_Enum χ χ_rep χ_rep_lawful σ_sub
            ρ_sub)
          __veil_ex :=
    by
    unveil
    sorry
  
  @[veil]
  theorem finish_recovery_doesNotThrow (ρ : Type) (σ : Type) (replica : Type) [replica_dec_eq : DecidableEq.{1} replica]
      [replica_inhabited : Inhabited.{1} replica] (view : Type) [view_dec_eq : DecidableEq.{1} view]
      [view_inhabited : Inhabited.{1} view] (idx : Type) [idx_dec_eq : DecidableEq.{1} idx]
      [idx_inhabited : Inhabited.{1} idx] (entry : Type) [entry_dec_eq : DecidableEq.{1} entry]
      [entry_inhabited : Inhabited.{1} entry] (quorum : Type) [quorum_dec_eq : DecidableEq.{1} quorum]
      [quorum_inhabited : Inhabited.{1} quorum] (nonce : Type) [nonce_dec_eq : DecidableEq.{1} nonce]
      [nonce_inhabited : Inhabited.{1} nonce] [vw : TotalOrderWithMinimum view] [ix : TotalOrderWithMinimum idx]
      (status_t : Type) [status_t_dec_eq : DecidableEq.{1} status_t] [status_t_inhabited : Inhabited.{1} status_t]
      [status_t_Enum : @status_t_EnumClass status_t] (χ : State.Label → Type)
      [χ_rep :
        ∀ __veil_f,
          Veil.FieldRepresentation (State.Label.toDomain replica view idx entry quorum nonce status_t __veil_f)
            (State.Label.toCodomain replica view idx entry quorum nonce status_t __veil_f) (χ __veil_f)]
      [χ_rep_lawful :
        ∀ __veil_f,
          Veil.LawfulFieldRepresentation (State.Label.toDomain replica view idx entry quorum nonce status_t __veil_f)
            (State.Label.toCodomain replica view idx entry quorum nonce status_t __veil_f) (χ __veil_f) (χ_rep __veil_f)]
      [σ_sub : IsSubStateOf (@State χ) σ] [ρ_sub : IsSubReaderOf (@Theory replica view idx entry quorum nonce status_t) ρ]
      [finish_recovery_dec_0 :
        delta% @RunCheck.finish_recovery._veil_dec_type_0 replica view idx entry quorum nonce status_t χ χ_rep]
      [finish_recovery_dec_1 :
        delta% @RunCheck.finish_recovery._veil_dec_type_1 replica view χ idx entry quorum nonce status_t χ_rep]
      [finish_recovery_dec_2 :
        delta% @RunCheck.finish_recovery._veil_dec_type_2 replica view χ idx entry quorum nonce status_t χ_rep vw]
      [finish_recovery_dec_3 :
        delta% @RunCheck.finish_recovery._veil_dec_type_3 replica view χ vw idx entry quorum nonce status_t χ_rep]
      [install_log_dec_0 :
        delta% @RunCheck.install_log._veil_dec_type_0 replica idx χ ix view entry quorum nonce status_t χ_rep]
      [install_log_dec_1 :
        delta% @RunCheck.install_log._veil_dec_type_1 view idx χ entry replica quorum nonce status_t χ_rep ix]
      [commit_up_to_dec_0 :
        delta% @RunCheck.commit_up_to._veil_dec_type_0 replica idx χ ix view entry quorum nonce status_t χ_rep]
      [commit_up_to_dec_1 :
        delta% @RunCheck.commit_up_to._veil_dec_type_1 replica idx χ ix view entry quorum nonce status_t χ_rep] :
      ∀ (r : replica) (lv : view) (n : idx) (k : idx) (__veil_ex : Int),
        Veil.VeilM.doesNotThrowAssuming_ex
          (@finish_recovery.ext ρ σ replica replica_dec_eq replica_inhabited view view_dec_eq view_inhabited idx
            idx_dec_eq idx_inhabited entry entry_dec_eq entry_inhabited quorum quorum_dec_eq quorum_inhabited nonce
            nonce_dec_eq nonce_inhabited vw ix status_t status_t_dec_eq status_t_inhabited status_t_Enum χ χ_rep
            χ_rep_lawful σ_sub ρ_sub finish_recovery_dec_0 finish_recovery_dec_1 finish_recovery_dec_2
            finish_recovery_dec_3 install_log_dec_0 install_log_dec_1 commit_up_to_dec_0 commit_up_to_dec_1 r lv n k)
          (@Assumptions ρ replica replica_dec_eq replica_inhabited view view_dec_eq view_inhabited idx idx_dec_eq
            idx_inhabited entry entry_dec_eq entry_inhabited quorum quorum_dec_eq quorum_inhabited nonce nonce_dec_eq
            nonce_inhabited vw ix status_t status_t_dec_eq status_t_inhabited status_t_Enum ρ_sub)
          (@Invariants ρ σ replica replica_dec_eq replica_inhabited view view_dec_eq view_inhabited idx idx_dec_eq
            idx_inhabited entry entry_dec_eq entry_inhabited quorum quorum_dec_eq quorum_inhabited nonce nonce_dec_eq
            nonce_inhabited vw ix status_t status_t_dec_eq status_t_inhabited status_t_Enum χ χ_rep χ_rep_lawful σ_sub
            ρ_sub)
          __veil_ex :=
    by
    unveil
    sorry
  
  @[veil]
  theorem client_request_replica_backed (ρ : Type) (σ : Type) (replica : Type) [replica_dec_eq : DecidableEq.{1} replica]
      [replica_inhabited : Inhabited.{1} replica] (view : Type) [view_dec_eq : DecidableEq.{1} view]
      [view_inhabited : Inhabited.{1} view] (idx : Type) [idx_dec_eq : DecidableEq.{1} idx]
      [idx_inhabited : Inhabited.{1} idx] (entry : Type) [entry_dec_eq : DecidableEq.{1} entry]
      [entry_inhabited : Inhabited.{1} entry] (quorum : Type) [quorum_dec_eq : DecidableEq.{1} quorum]
      [quorum_inhabited : Inhabited.{1} quorum] (nonce : Type) [nonce_dec_eq : DecidableEq.{1} nonce]
      [nonce_inhabited : Inhabited.{1} nonce] [vw : TotalOrderWithMinimum view] [ix : TotalOrderWithMinimum idx]
      (status_t : Type) [status_t_dec_eq : DecidableEq.{1} status_t] [status_t_inhabited : Inhabited.{1} status_t]
      [status_t_Enum : @status_t_EnumClass status_t] (χ : State.Label → Type)
      [χ_rep :
        ∀ __veil_f,
          Veil.FieldRepresentation (State.Label.toDomain replica view idx entry quorum nonce status_t __veil_f)
            (State.Label.toCodomain replica view idx entry quorum nonce status_t __veil_f) (χ __veil_f)]
      [χ_rep_lawful :
        ∀ __veil_f,
          Veil.LawfulFieldRepresentation (State.Label.toDomain replica view idx entry quorum nonce status_t __veil_f)
            (State.Label.toCodomain replica view idx entry quorum nonce status_t __veil_f) (χ __veil_f) (χ_rep __veil_f)]
      [σ_sub : IsSubStateOf (@State χ) σ] [ρ_sub : IsSubReaderOf (@Theory replica view idx entry quorum nonce status_t) ρ]
      [client_request_dec_0 :
        delta% @RunCheck.client_request._veil_dec_type_0 replica χ idx ix view entry quorum nonce status_t χ_rep] :
      ∀ (r : replica) (e : entry),
        Veil.VeilM.meetsSpecificationIfSuccessfulAssuming
          (@client_request.ext ρ σ replica replica_dec_eq replica_inhabited view view_dec_eq view_inhabited idx idx_dec_eq
            idx_inhabited entry entry_dec_eq entry_inhabited quorum quorum_dec_eq quorum_inhabited nonce nonce_dec_eq
            nonce_inhabited vw ix status_t status_t_dec_eq status_t_inhabited status_t_Enum χ χ_rep χ_rep_lawful σ_sub
            ρ_sub client_request_dec_0 r e)
          (@Assumptions ρ replica replica_dec_eq replica_inhabited view view_dec_eq view_inhabited idx idx_dec_eq
            idx_inhabited entry entry_dec_eq entry_inhabited quorum quorum_dec_eq quorum_inhabited nonce nonce_dec_eq
            nonce_inhabited vw ix status_t status_t_dec_eq status_t_inhabited status_t_Enum ρ_sub)
          (@Invariants ρ σ replica replica_dec_eq replica_inhabited view view_dec_eq view_inhabited idx idx_dec_eq
            idx_inhabited entry entry_dec_eq entry_inhabited quorum quorum_dec_eq quorum_inhabited nonce nonce_dec_eq
            nonce_inhabited vw ix status_t status_t_dec_eq status_t_inhabited status_t_Enum χ χ_rep χ_rep_lawful σ_sub
            ρ_sub)
          (@replica_backed ρ σ replica replica_dec_eq replica_inhabited view view_dec_eq view_inhabited idx idx_dec_eq
            idx_inhabited entry entry_dec_eq entry_inhabited quorum quorum_dec_eq quorum_inhabited nonce nonce_dec_eq
            nonce_inhabited vw ix status_t status_t_dec_eq status_t_inhabited status_t_Enum χ χ_rep χ_rep_lawful σ_sub
            ρ_sub) :=
    by
    unveil
    sorry
  
  @[veil]
  theorem client_request_prepare_backed (ρ : Type) (σ : Type) (replica : Type) [replica_dec_eq : DecidableEq.{1} replica]
      [replica_inhabited : Inhabited.{1} replica] (view : Type) [view_dec_eq : DecidableEq.{1} view]
      [view_inhabited : Inhabited.{1} view] (idx : Type) [idx_dec_eq : DecidableEq.{1} idx]
      [idx_inhabited : Inhabited.{1} idx] (entry : Type) [entry_dec_eq : DecidableEq.{1} entry]
      [entry_inhabited : Inhabited.{1} entry] (quorum : Type) [quorum_dec_eq : DecidableEq.{1} quorum]
      [quorum_inhabited : Inhabited.{1} quorum] (nonce : Type) [nonce_dec_eq : DecidableEq.{1} nonce]
      [nonce_inhabited : Inhabited.{1} nonce] [vw : TotalOrderWithMinimum view] [ix : TotalOrderWithMinimum idx]
      (status_t : Type) [status_t_dec_eq : DecidableEq.{1} status_t] [status_t_inhabited : Inhabited.{1} status_t]
      [status_t_Enum : @status_t_EnumClass status_t] (χ : State.Label → Type)
      [χ_rep :
        ∀ __veil_f,
          Veil.FieldRepresentation (State.Label.toDomain replica view idx entry quorum nonce status_t __veil_f)
            (State.Label.toCodomain replica view idx entry quorum nonce status_t __veil_f) (χ __veil_f)]
      [χ_rep_lawful :
        ∀ __veil_f,
          Veil.LawfulFieldRepresentation (State.Label.toDomain replica view idx entry quorum nonce status_t __veil_f)
            (State.Label.toCodomain replica view idx entry quorum nonce status_t __veil_f) (χ __veil_f) (χ_rep __veil_f)]
      [σ_sub : IsSubStateOf (@State χ) σ] [ρ_sub : IsSubReaderOf (@Theory replica view idx entry quorum nonce status_t) ρ]
      [client_request_dec_0 :
        delta% @RunCheck.client_request._veil_dec_type_0 replica χ idx ix view entry quorum nonce status_t χ_rep] :
      ∀ (r : replica) (e : entry),
        Veil.VeilM.meetsSpecificationIfSuccessfulAssuming
          (@client_request.ext ρ σ replica replica_dec_eq replica_inhabited view view_dec_eq view_inhabited idx idx_dec_eq
            idx_inhabited entry entry_dec_eq entry_inhabited quorum quorum_dec_eq quorum_inhabited nonce nonce_dec_eq
            nonce_inhabited vw ix status_t status_t_dec_eq status_t_inhabited status_t_Enum χ χ_rep χ_rep_lawful σ_sub
            ρ_sub client_request_dec_0 r e)
          (@Assumptions ρ replica replica_dec_eq replica_inhabited view view_dec_eq view_inhabited idx idx_dec_eq
            idx_inhabited entry entry_dec_eq entry_inhabited quorum quorum_dec_eq quorum_inhabited nonce nonce_dec_eq
            nonce_inhabited vw ix status_t status_t_dec_eq status_t_inhabited status_t_Enum ρ_sub)
          (@Invariants ρ σ replica replica_dec_eq replica_inhabited view view_dec_eq view_inhabited idx idx_dec_eq
            idx_inhabited entry entry_dec_eq entry_inhabited quorum quorum_dec_eq quorum_inhabited nonce nonce_dec_eq
            nonce_inhabited vw ix status_t status_t_dec_eq status_t_inhabited status_t_Enum χ χ_rep χ_rep_lawful σ_sub
            ρ_sub)
          (@prepare_backed ρ σ replica replica_dec_eq replica_inhabited view view_dec_eq view_inhabited idx idx_dec_eq
            idx_inhabited entry entry_dec_eq entry_inhabited quorum quorum_dec_eq quorum_inhabited nonce nonce_dec_eq
            nonce_inhabited vw ix status_t status_t_dec_eq status_t_inhabited status_t_Enum χ χ_rep χ_rep_lawful σ_sub
            ρ_sub) :=
    by
    unveil
    sorry
  
  @[veil]
  theorem client_request_commit_backed (ρ : Type) (σ : Type) (replica : Type) [replica_dec_eq : DecidableEq.{1} replica]
      [replica_inhabited : Inhabited.{1} replica] (view : Type) [view_dec_eq : DecidableEq.{1} view]
      [view_inhabited : Inhabited.{1} view] (idx : Type) [idx_dec_eq : DecidableEq.{1} idx]
      [idx_inhabited : Inhabited.{1} idx] (entry : Type) [entry_dec_eq : DecidableEq.{1} entry]
      [entry_inhabited : Inhabited.{1} entry] (quorum : Type) [quorum_dec_eq : DecidableEq.{1} quorum]
      [quorum_inhabited : Inhabited.{1} quorum] (nonce : Type) [nonce_dec_eq : DecidableEq.{1} nonce]
      [nonce_inhabited : Inhabited.{1} nonce] [vw : TotalOrderWithMinimum view] [ix : TotalOrderWithMinimum idx]
      (status_t : Type) [status_t_dec_eq : DecidableEq.{1} status_t] [status_t_inhabited : Inhabited.{1} status_t]
      [status_t_Enum : @status_t_EnumClass status_t] (χ : State.Label → Type)
      [χ_rep :
        ∀ __veil_f,
          Veil.FieldRepresentation (State.Label.toDomain replica view idx entry quorum nonce status_t __veil_f)
            (State.Label.toCodomain replica view idx entry quorum nonce status_t __veil_f) (χ __veil_f)]
      [χ_rep_lawful :
        ∀ __veil_f,
          Veil.LawfulFieldRepresentation (State.Label.toDomain replica view idx entry quorum nonce status_t __veil_f)
            (State.Label.toCodomain replica view idx entry quorum nonce status_t __veil_f) (χ __veil_f) (χ_rep __veil_f)]
      [σ_sub : IsSubStateOf (@State χ) σ] [ρ_sub : IsSubReaderOf (@Theory replica view idx entry quorum nonce status_t) ρ]
      [client_request_dec_0 :
        delta% @RunCheck.client_request._veil_dec_type_0 replica χ idx ix view entry quorum nonce status_t χ_rep] :
      ∀ (r : replica) (e : entry),
        Veil.VeilM.meetsSpecificationIfSuccessfulAssuming
          (@client_request.ext ρ σ replica replica_dec_eq replica_inhabited view view_dec_eq view_inhabited idx idx_dec_eq
            idx_inhabited entry entry_dec_eq entry_inhabited quorum quorum_dec_eq quorum_inhabited nonce nonce_dec_eq
            nonce_inhabited vw ix status_t status_t_dec_eq status_t_inhabited status_t_Enum χ χ_rep χ_rep_lawful σ_sub
            ρ_sub client_request_dec_0 r e)
          (@Assumptions ρ replica replica_dec_eq replica_inhabited view view_dec_eq view_inhabited idx idx_dec_eq
            idx_inhabited entry entry_dec_eq entry_inhabited quorum quorum_dec_eq quorum_inhabited nonce nonce_dec_eq
            nonce_inhabited vw ix status_t status_t_dec_eq status_t_inhabited status_t_Enum ρ_sub)
          (@Invariants ρ σ replica replica_dec_eq replica_inhabited view view_dec_eq view_inhabited idx idx_dec_eq
            idx_inhabited entry entry_dec_eq entry_inhabited quorum quorum_dec_eq quorum_inhabited nonce nonce_dec_eq
            nonce_inhabited vw ix status_t status_t_dec_eq status_t_inhabited status_t_Enum χ χ_rep χ_rep_lawful σ_sub
            ρ_sub)
          (@commit_backed ρ σ replica replica_dec_eq replica_inhabited view view_dec_eq view_inhabited idx idx_dec_eq
            idx_inhabited entry entry_dec_eq entry_inhabited quorum quorum_dec_eq quorum_inhabited nonce nonce_dec_eq
            nonce_inhabited vw ix status_t status_t_dec_eq status_t_inhabited status_t_Enum χ χ_rep χ_rep_lawful σ_sub
            ρ_sub) :=
    by
    unveil
    sorry
  
  @[veil]
  theorem client_request_new_state_backed (ρ : Type) (σ : Type) (replica : Type)
      [replica_dec_eq : DecidableEq.{1} replica] [replica_inhabited : Inhabited.{1} replica] (view : Type)
      [view_dec_eq : DecidableEq.{1} view] [view_inhabited : Inhabited.{1} view] (idx : Type)
      [idx_dec_eq : DecidableEq.{1} idx] [idx_inhabited : Inhabited.{1} idx] (entry : Type)
      [entry_dec_eq : DecidableEq.{1} entry] [entry_inhabited : Inhabited.{1} entry] (quorum : Type)
      [quorum_dec_eq : DecidableEq.{1} quorum] [quorum_inhabited : Inhabited.{1} quorum] (nonce : Type)
      [nonce_dec_eq : DecidableEq.{1} nonce] [nonce_inhabited : Inhabited.{1} nonce] [vw : TotalOrderWithMinimum view]
      [ix : TotalOrderWithMinimum idx] (status_t : Type) [status_t_dec_eq : DecidableEq.{1} status_t]
      [status_t_inhabited : Inhabited.{1} status_t] [status_t_Enum : @status_t_EnumClass status_t]
      (χ : State.Label → Type)
      [χ_rep :
        ∀ __veil_f,
          Veil.FieldRepresentation (State.Label.toDomain replica view idx entry quorum nonce status_t __veil_f)
            (State.Label.toCodomain replica view idx entry quorum nonce status_t __veil_f) (χ __veil_f)]
      [χ_rep_lawful :
        ∀ __veil_f,
          Veil.LawfulFieldRepresentation (State.Label.toDomain replica view idx entry quorum nonce status_t __veil_f)
            (State.Label.toCodomain replica view idx entry quorum nonce status_t __veil_f) (χ __veil_f) (χ_rep __veil_f)]
      [σ_sub : IsSubStateOf (@State χ) σ] [ρ_sub : IsSubReaderOf (@Theory replica view idx entry quorum nonce status_t) ρ]
      [client_request_dec_0 :
        delta% @RunCheck.client_request._veil_dec_type_0 replica χ idx ix view entry quorum nonce status_t χ_rep] :
      ∀ (r : replica) (e : entry),
        Veil.VeilM.meetsSpecificationIfSuccessfulAssuming
          (@client_request.ext ρ σ replica replica_dec_eq replica_inhabited view view_dec_eq view_inhabited idx idx_dec_eq
            idx_inhabited entry entry_dec_eq entry_inhabited quorum quorum_dec_eq quorum_inhabited nonce nonce_dec_eq
            nonce_inhabited vw ix status_t status_t_dec_eq status_t_inhabited status_t_Enum χ χ_rep χ_rep_lawful σ_sub
            ρ_sub client_request_dec_0 r e)
          (@Assumptions ρ replica replica_dec_eq replica_inhabited view view_dec_eq view_inhabited idx idx_dec_eq
            idx_inhabited entry entry_dec_eq entry_inhabited quorum quorum_dec_eq quorum_inhabited nonce nonce_dec_eq
            nonce_inhabited vw ix status_t status_t_dec_eq status_t_inhabited status_t_Enum ρ_sub)
          (@Invariants ρ σ replica replica_dec_eq replica_inhabited view view_dec_eq view_inhabited idx idx_dec_eq
            idx_inhabited entry entry_dec_eq entry_inhabited quorum quorum_dec_eq quorum_inhabited nonce nonce_dec_eq
            nonce_inhabited vw ix status_t status_t_dec_eq status_t_inhabited status_t_Enum χ χ_rep χ_rep_lawful σ_sub
            ρ_sub)
          (@new_state_backed ρ σ replica replica_dec_eq replica_inhabited view view_dec_eq view_inhabited idx idx_dec_eq
            idx_inhabited entry entry_dec_eq entry_inhabited quorum quorum_dec_eq quorum_inhabited nonce nonce_dec_eq
            nonce_inhabited vw ix status_t status_t_dec_eq status_t_inhabited status_t_Enum χ χ_rep χ_rep_lawful σ_sub
            ρ_sub) :=
    by
    unveil
    sorry
  
  @[veil]
  theorem client_request_rr_backed (ρ : Type) (σ : Type) (replica : Type) [replica_dec_eq : DecidableEq.{1} replica]
      [replica_inhabited : Inhabited.{1} replica] (view : Type) [view_dec_eq : DecidableEq.{1} view]
      [view_inhabited : Inhabited.{1} view] (idx : Type) [idx_dec_eq : DecidableEq.{1} idx]
      [idx_inhabited : Inhabited.{1} idx] (entry : Type) [entry_dec_eq : DecidableEq.{1} entry]
      [entry_inhabited : Inhabited.{1} entry] (quorum : Type) [quorum_dec_eq : DecidableEq.{1} quorum]
      [quorum_inhabited : Inhabited.{1} quorum] (nonce : Type) [nonce_dec_eq : DecidableEq.{1} nonce]
      [nonce_inhabited : Inhabited.{1} nonce] [vw : TotalOrderWithMinimum view] [ix : TotalOrderWithMinimum idx]
      (status_t : Type) [status_t_dec_eq : DecidableEq.{1} status_t] [status_t_inhabited : Inhabited.{1} status_t]
      [status_t_Enum : @status_t_EnumClass status_t] (χ : State.Label → Type)
      [χ_rep :
        ∀ __veil_f,
          Veil.FieldRepresentation (State.Label.toDomain replica view idx entry quorum nonce status_t __veil_f)
            (State.Label.toCodomain replica view idx entry quorum nonce status_t __veil_f) (χ __veil_f)]
      [χ_rep_lawful :
        ∀ __veil_f,
          Veil.LawfulFieldRepresentation (State.Label.toDomain replica view idx entry quorum nonce status_t __veil_f)
            (State.Label.toCodomain replica view idx entry quorum nonce status_t __veil_f) (χ __veil_f) (χ_rep __veil_f)]
      [σ_sub : IsSubStateOf (@State χ) σ] [ρ_sub : IsSubReaderOf (@Theory replica view idx entry quorum nonce status_t) ρ]
      [client_request_dec_0 :
        delta% @RunCheck.client_request._veil_dec_type_0 replica χ idx ix view entry quorum nonce status_t χ_rep] :
      ∀ (r : replica) (e : entry),
        Veil.VeilM.meetsSpecificationIfSuccessfulAssuming
          (@client_request.ext ρ σ replica replica_dec_eq replica_inhabited view view_dec_eq view_inhabited idx idx_dec_eq
            idx_inhabited entry entry_dec_eq entry_inhabited quorum quorum_dec_eq quorum_inhabited nonce nonce_dec_eq
            nonce_inhabited vw ix status_t status_t_dec_eq status_t_inhabited status_t_Enum χ χ_rep χ_rep_lawful σ_sub
            ρ_sub client_request_dec_0 r e)
          (@Assumptions ρ replica replica_dec_eq replica_inhabited view view_dec_eq view_inhabited idx idx_dec_eq
            idx_inhabited entry entry_dec_eq entry_inhabited quorum quorum_dec_eq quorum_inhabited nonce nonce_dec_eq
            nonce_inhabited vw ix status_t status_t_dec_eq status_t_inhabited status_t_Enum ρ_sub)
          (@Invariants ρ σ replica replica_dec_eq replica_inhabited view view_dec_eq view_inhabited idx idx_dec_eq
            idx_inhabited entry entry_dec_eq entry_inhabited quorum quorum_dec_eq quorum_inhabited nonce nonce_dec_eq
            nonce_inhabited vw ix status_t status_t_dec_eq status_t_inhabited status_t_Enum χ χ_rep χ_rep_lawful σ_sub
            ρ_sub)
          (@rr_backed ρ σ replica replica_dec_eq replica_inhabited view view_dec_eq view_inhabited idx idx_dec_eq
            idx_inhabited entry entry_dec_eq entry_inhabited quorum quorum_dec_eq quorum_inhabited nonce nonce_dec_eq
            nonce_inhabited vw ix status_t status_t_dec_eq status_t_inhabited status_t_Enum χ χ_rep χ_rep_lawful σ_sub
            ρ_sub) :=
    by
    unveil
    sorry
  
  @[veil]
  theorem client_request_survives_start_view (ρ : Type) (σ : Type) (replica : Type)
      [replica_dec_eq : DecidableEq.{1} replica] [replica_inhabited : Inhabited.{1} replica] (view : Type)
      [view_dec_eq : DecidableEq.{1} view] [view_inhabited : Inhabited.{1} view] (idx : Type)
      [idx_dec_eq : DecidableEq.{1} idx] [idx_inhabited : Inhabited.{1} idx] (entry : Type)
      [entry_dec_eq : DecidableEq.{1} entry] [entry_inhabited : Inhabited.{1} entry] (quorum : Type)
      [quorum_dec_eq : DecidableEq.{1} quorum] [quorum_inhabited : Inhabited.{1} quorum] (nonce : Type)
      [nonce_dec_eq : DecidableEq.{1} nonce] [nonce_inhabited : Inhabited.{1} nonce] [vw : TotalOrderWithMinimum view]
      [ix : TotalOrderWithMinimum idx] (status_t : Type) [status_t_dec_eq : DecidableEq.{1} status_t]
      [status_t_inhabited : Inhabited.{1} status_t] [status_t_Enum : @status_t_EnumClass status_t]
      (χ : State.Label → Type)
      [χ_rep :
        ∀ __veil_f,
          Veil.FieldRepresentation (State.Label.toDomain replica view idx entry quorum nonce status_t __veil_f)
            (State.Label.toCodomain replica view idx entry quorum nonce status_t __veil_f) (χ __veil_f)]
      [χ_rep_lawful :
        ∀ __veil_f,
          Veil.LawfulFieldRepresentation (State.Label.toDomain replica view idx entry quorum nonce status_t __veil_f)
            (State.Label.toCodomain replica view idx entry quorum nonce status_t __veil_f) (χ __veil_f) (χ_rep __veil_f)]
      [σ_sub : IsSubStateOf (@State χ) σ] [ρ_sub : IsSubReaderOf (@Theory replica view idx entry quorum nonce status_t) ρ]
      [client_request_dec_0 :
        delta% @RunCheck.client_request._veil_dec_type_0 replica χ idx ix view entry quorum nonce status_t χ_rep] :
      ∀ (r : replica) (e : entry),
        Veil.VeilM.meetsSpecificationIfSuccessfulAssuming
          (@client_request.ext ρ σ replica replica_dec_eq replica_inhabited view view_dec_eq view_inhabited idx idx_dec_eq
            idx_inhabited entry entry_dec_eq entry_inhabited quorum quorum_dec_eq quorum_inhabited nonce nonce_dec_eq
            nonce_inhabited vw ix status_t status_t_dec_eq status_t_inhabited status_t_Enum χ χ_rep χ_rep_lawful σ_sub
            ρ_sub client_request_dec_0 r e)
          (@Assumptions ρ replica replica_dec_eq replica_inhabited view view_dec_eq view_inhabited idx idx_dec_eq
            idx_inhabited entry entry_dec_eq entry_inhabited quorum quorum_dec_eq quorum_inhabited nonce nonce_dec_eq
            nonce_inhabited vw ix status_t status_t_dec_eq status_t_inhabited status_t_Enum ρ_sub)
          (@Invariants ρ σ replica replica_dec_eq replica_inhabited view view_dec_eq view_inhabited idx idx_dec_eq
            idx_inhabited entry entry_dec_eq entry_inhabited quorum quorum_dec_eq quorum_inhabited nonce nonce_dec_eq
            nonce_inhabited vw ix status_t status_t_dec_eq status_t_inhabited status_t_Enum χ χ_rep χ_rep_lawful σ_sub
            ρ_sub)
          (@survives_start_view ρ σ replica replica_dec_eq replica_inhabited view view_dec_eq view_inhabited idx
            idx_dec_eq idx_inhabited entry entry_dec_eq entry_inhabited quorum quorum_dec_eq quorum_inhabited nonce
            nonce_dec_eq nonce_inhabited vw ix status_t status_t_dec_eq status_t_inhabited status_t_Enum χ χ_rep
            χ_rep_lawful σ_sub ρ_sub) :=
    by
    unveil
    sorry
  
  @[veil]
  theorem client_request_survives_vote (ρ : Type) (σ : Type) (replica : Type) [replica_dec_eq : DecidableEq.{1} replica]
      [replica_inhabited : Inhabited.{1} replica] (view : Type) [view_dec_eq : DecidableEq.{1} view]
      [view_inhabited : Inhabited.{1} view] (idx : Type) [idx_dec_eq : DecidableEq.{1} idx]
      [idx_inhabited : Inhabited.{1} idx] (entry : Type) [entry_dec_eq : DecidableEq.{1} entry]
      [entry_inhabited : Inhabited.{1} entry] (quorum : Type) [quorum_dec_eq : DecidableEq.{1} quorum]
      [quorum_inhabited : Inhabited.{1} quorum] (nonce : Type) [nonce_dec_eq : DecidableEq.{1} nonce]
      [nonce_inhabited : Inhabited.{1} nonce] [vw : TotalOrderWithMinimum view] [ix : TotalOrderWithMinimum idx]
      (status_t : Type) [status_t_dec_eq : DecidableEq.{1} status_t] [status_t_inhabited : Inhabited.{1} status_t]
      [status_t_Enum : @status_t_EnumClass status_t] (χ : State.Label → Type)
      [χ_rep :
        ∀ __veil_f,
          Veil.FieldRepresentation (State.Label.toDomain replica view idx entry quorum nonce status_t __veil_f)
            (State.Label.toCodomain replica view idx entry quorum nonce status_t __veil_f) (χ __veil_f)]
      [χ_rep_lawful :
        ∀ __veil_f,
          Veil.LawfulFieldRepresentation (State.Label.toDomain replica view idx entry quorum nonce status_t __veil_f)
            (State.Label.toCodomain replica view idx entry quorum nonce status_t __veil_f) (χ __veil_f) (χ_rep __veil_f)]
      [σ_sub : IsSubStateOf (@State χ) σ] [ρ_sub : IsSubReaderOf (@Theory replica view idx entry quorum nonce status_t) ρ]
      [client_request_dec_0 :
        delta% @RunCheck.client_request._veil_dec_type_0 replica χ idx ix view entry quorum nonce status_t χ_rep] :
      ∀ (r : replica) (e : entry),
        Veil.VeilM.meetsSpecificationIfSuccessfulAssuming
          (@client_request.ext ρ σ replica replica_dec_eq replica_inhabited view view_dec_eq view_inhabited idx idx_dec_eq
            idx_inhabited entry entry_dec_eq entry_inhabited quorum quorum_dec_eq quorum_inhabited nonce nonce_dec_eq
            nonce_inhabited vw ix status_t status_t_dec_eq status_t_inhabited status_t_Enum χ χ_rep χ_rep_lawful σ_sub
            ρ_sub client_request_dec_0 r e)
          (@Assumptions ρ replica replica_dec_eq replica_inhabited view view_dec_eq view_inhabited idx idx_dec_eq
            idx_inhabited entry entry_dec_eq entry_inhabited quorum quorum_dec_eq quorum_inhabited nonce nonce_dec_eq
            nonce_inhabited vw ix status_t status_t_dec_eq status_t_inhabited status_t_Enum ρ_sub)
          (@Invariants ρ σ replica replica_dec_eq replica_inhabited view view_dec_eq view_inhabited idx idx_dec_eq
            idx_inhabited entry entry_dec_eq entry_inhabited quorum quorum_dec_eq quorum_inhabited nonce nonce_dec_eq
            nonce_inhabited vw ix status_t status_t_dec_eq status_t_inhabited status_t_Enum χ χ_rep χ_rep_lawful σ_sub
            ρ_sub)
          (@survives_vote ρ σ replica replica_dec_eq replica_inhabited view view_dec_eq view_inhabited idx idx_dec_eq
            idx_inhabited entry entry_dec_eq entry_inhabited quorum quorum_dec_eq quorum_inhabited nonce nonce_dec_eq
            nonce_inhabited vw ix status_t status_t_dec_eq status_t_inhabited status_t_Enum χ χ_rep χ_rep_lawful σ_sub
            ρ_sub) :=
    by
    unveil
    sorry
  
  @[veil]
  theorem client_request_survives_rr (ρ : Type) (σ : Type) (replica : Type) [replica_dec_eq : DecidableEq.{1} replica]
      [replica_inhabited : Inhabited.{1} replica] (view : Type) [view_dec_eq : DecidableEq.{1} view]
      [view_inhabited : Inhabited.{1} view] (idx : Type) [idx_dec_eq : DecidableEq.{1} idx]
      [idx_inhabited : Inhabited.{1} idx] (entry : Type) [entry_dec_eq : DecidableEq.{1} entry]
      [entry_inhabited : Inhabited.{1} entry] (quorum : Type) [quorum_dec_eq : DecidableEq.{1} quorum]
      [quorum_inhabited : Inhabited.{1} quorum] (nonce : Type) [nonce_dec_eq : DecidableEq.{1} nonce]
      [nonce_inhabited : Inhabited.{1} nonce] [vw : TotalOrderWithMinimum view] [ix : TotalOrderWithMinimum idx]
      (status_t : Type) [status_t_dec_eq : DecidableEq.{1} status_t] [status_t_inhabited : Inhabited.{1} status_t]
      [status_t_Enum : @status_t_EnumClass status_t] (χ : State.Label → Type)
      [χ_rep :
        ∀ __veil_f,
          Veil.FieldRepresentation (State.Label.toDomain replica view idx entry quorum nonce status_t __veil_f)
            (State.Label.toCodomain replica view idx entry quorum nonce status_t __veil_f) (χ __veil_f)]
      [χ_rep_lawful :
        ∀ __veil_f,
          Veil.LawfulFieldRepresentation (State.Label.toDomain replica view idx entry quorum nonce status_t __veil_f)
            (State.Label.toCodomain replica view idx entry quorum nonce status_t __veil_f) (χ __veil_f) (χ_rep __veil_f)]
      [σ_sub : IsSubStateOf (@State χ) σ] [ρ_sub : IsSubReaderOf (@Theory replica view idx entry quorum nonce status_t) ρ]
      [client_request_dec_0 :
        delta% @RunCheck.client_request._veil_dec_type_0 replica χ idx ix view entry quorum nonce status_t χ_rep] :
      ∀ (r : replica) (e : entry),
        Veil.VeilM.meetsSpecificationIfSuccessfulAssuming
          (@client_request.ext ρ σ replica replica_dec_eq replica_inhabited view view_dec_eq view_inhabited idx idx_dec_eq
            idx_inhabited entry entry_dec_eq entry_inhabited quorum quorum_dec_eq quorum_inhabited nonce nonce_dec_eq
            nonce_inhabited vw ix status_t status_t_dec_eq status_t_inhabited status_t_Enum χ χ_rep χ_rep_lawful σ_sub
            ρ_sub client_request_dec_0 r e)
          (@Assumptions ρ replica replica_dec_eq replica_inhabited view view_dec_eq view_inhabited idx idx_dec_eq
            idx_inhabited entry entry_dec_eq entry_inhabited quorum quorum_dec_eq quorum_inhabited nonce nonce_dec_eq
            nonce_inhabited vw ix status_t status_t_dec_eq status_t_inhabited status_t_Enum ρ_sub)
          (@Invariants ρ σ replica replica_dec_eq replica_inhabited view view_dec_eq view_inhabited idx idx_dec_eq
            idx_inhabited entry entry_dec_eq entry_inhabited quorum quorum_dec_eq quorum_inhabited nonce nonce_dec_eq
            nonce_inhabited vw ix status_t status_t_dec_eq status_t_inhabited status_t_Enum χ χ_rep χ_rep_lawful σ_sub
            ρ_sub)
          (@survives_rr ρ σ replica replica_dec_eq replica_inhabited view view_dec_eq view_inhabited idx idx_dec_eq
            idx_inhabited entry entry_dec_eq entry_inhabited quorum quorum_dec_eq quorum_inhabited nonce nonce_dec_eq
            nonce_inhabited vw ix status_t status_t_dec_eq status_t_inhabited status_t_Enum χ χ_rep χ_rep_lawful σ_sub
            ρ_sub) :=
    by
    unveil
    sorry
  
  @[veil]
  theorem recv_prepare_prefix_agreement (ρ : Type) (σ : Type) (replica : Type) [replica_dec_eq : DecidableEq.{1} replica]
      [replica_inhabited : Inhabited.{1} replica] (view : Type) [view_dec_eq : DecidableEq.{1} view]
      [view_inhabited : Inhabited.{1} view] (idx : Type) [idx_dec_eq : DecidableEq.{1} idx]
      [idx_inhabited : Inhabited.{1} idx] (entry : Type) [entry_dec_eq : DecidableEq.{1} entry]
      [entry_inhabited : Inhabited.{1} entry] (quorum : Type) [quorum_dec_eq : DecidableEq.{1} quorum]
      [quorum_inhabited : Inhabited.{1} quorum] (nonce : Type) [nonce_dec_eq : DecidableEq.{1} nonce]
      [nonce_inhabited : Inhabited.{1} nonce] [vw : TotalOrderWithMinimum view] [ix : TotalOrderWithMinimum idx]
      (status_t : Type) [status_t_dec_eq : DecidableEq.{1} status_t] [status_t_inhabited : Inhabited.{1} status_t]
      [status_t_Enum : @status_t_EnumClass status_t] (χ : State.Label → Type)
      [χ_rep :
        ∀ __veil_f,
          Veil.FieldRepresentation (State.Label.toDomain replica view idx entry quorum nonce status_t __veil_f)
            (State.Label.toCodomain replica view idx entry quorum nonce status_t __veil_f) (χ __veil_f)]
      [χ_rep_lawful :
        ∀ __veil_f,
          Veil.LawfulFieldRepresentation (State.Label.toDomain replica view idx entry quorum nonce status_t __veil_f)
            (State.Label.toCodomain replica view idx entry quorum nonce status_t __veil_f) (χ __veil_f) (χ_rep __veil_f)]
      [σ_sub : IsSubStateOf (@State χ) σ] [ρ_sub : IsSubReaderOf (@Theory replica view idx entry quorum nonce status_t) ρ]
      [recv_prepare_dec_0 :
        delta% @RunCheck.recv_prepare._veil_dec_type_0 replica view χ vw idx entry quorum nonce status_t χ_rep]
      [recv_prepare_dec_1 :
        delta% @RunCheck.recv_prepare._veil_dec_type_1 replica view χ vw idx entry quorum nonce status_t χ_rep]
      [recv_prepare_dec_2 :
        delta% @RunCheck.recv_prepare._veil_dec_type_2 replica idx χ ix view entry quorum nonce status_t χ_rep]
      [commit_up_to_dec_1 :
        delta% @RunCheck.commit_up_to._veil_dec_type_1 replica idx χ ix view entry quorum nonce status_t χ_rep]
      [commit_up_to_dec_0 :
        delta% @RunCheck.commit_up_to._veil_dec_type_0 replica idx χ ix view entry quorum nonce status_t χ_rep]
      [recv_prepare_dec_5 :
        delta% @RunCheck.recv_prepare._veil_dec_type_8 replica idx χ ix view entry quorum nonce status_t χ_rep] :
      ∀ (r : replica) (v : view) (n : idx) (e : entry) (k : idx),
        Veil.VeilM.meetsSpecificationIfSuccessfulAssuming
          (@recv_prepare.ext ρ σ replica replica_dec_eq replica_inhabited view view_dec_eq view_inhabited idx idx_dec_eq
            idx_inhabited entry entry_dec_eq entry_inhabited quorum quorum_dec_eq quorum_inhabited nonce nonce_dec_eq
            nonce_inhabited vw ix status_t status_t_dec_eq status_t_inhabited status_t_Enum χ χ_rep χ_rep_lawful σ_sub
            ρ_sub recv_prepare_dec_0 recv_prepare_dec_1 recv_prepare_dec_2 commit_up_to_dec_1 commit_up_to_dec_0
            recv_prepare_dec_5 r v n e k)
          (@Assumptions ρ replica replica_dec_eq replica_inhabited view view_dec_eq view_inhabited idx idx_dec_eq
            idx_inhabited entry entry_dec_eq entry_inhabited quorum quorum_dec_eq quorum_inhabited nonce nonce_dec_eq
            nonce_inhabited vw ix status_t status_t_dec_eq status_t_inhabited status_t_Enum ρ_sub)
          (@Invariants ρ σ replica replica_dec_eq replica_inhabited view view_dec_eq view_inhabited idx idx_dec_eq
            idx_inhabited entry entry_dec_eq entry_inhabited quorum quorum_dec_eq quorum_inhabited nonce nonce_dec_eq
            nonce_inhabited vw ix status_t status_t_dec_eq status_t_inhabited status_t_Enum χ χ_rep χ_rep_lawful σ_sub
            ρ_sub)
          (@prefix_agreement ρ σ replica replica_dec_eq replica_inhabited view view_dec_eq view_inhabited idx idx_dec_eq
            idx_inhabited entry entry_dec_eq entry_inhabited quorum quorum_dec_eq quorum_inhabited nonce nonce_dec_eq
            nonce_inhabited vw ix status_t status_t_dec_eq status_t_inhabited status_t_Enum χ χ_rep χ_rep_lawful σ_sub
            ρ_sub) :=
    by
    unveil
    sorry
  
  @[veil]
  theorem recv_prepare_replica_backed (ρ : Type) (σ : Type) (replica : Type) [replica_dec_eq : DecidableEq.{1} replica]
      [replica_inhabited : Inhabited.{1} replica] (view : Type) [view_dec_eq : DecidableEq.{1} view]
      [view_inhabited : Inhabited.{1} view] (idx : Type) [idx_dec_eq : DecidableEq.{1} idx]
      [idx_inhabited : Inhabited.{1} idx] (entry : Type) [entry_dec_eq : DecidableEq.{1} entry]
      [entry_inhabited : Inhabited.{1} entry] (quorum : Type) [quorum_dec_eq : DecidableEq.{1} quorum]
      [quorum_inhabited : Inhabited.{1} quorum] (nonce : Type) [nonce_dec_eq : DecidableEq.{1} nonce]
      [nonce_inhabited : Inhabited.{1} nonce] [vw : TotalOrderWithMinimum view] [ix : TotalOrderWithMinimum idx]
      (status_t : Type) [status_t_dec_eq : DecidableEq.{1} status_t] [status_t_inhabited : Inhabited.{1} status_t]
      [status_t_Enum : @status_t_EnumClass status_t] (χ : State.Label → Type)
      [χ_rep :
        ∀ __veil_f,
          Veil.FieldRepresentation (State.Label.toDomain replica view idx entry quorum nonce status_t __veil_f)
            (State.Label.toCodomain replica view idx entry quorum nonce status_t __veil_f) (χ __veil_f)]
      [χ_rep_lawful :
        ∀ __veil_f,
          Veil.LawfulFieldRepresentation (State.Label.toDomain replica view idx entry quorum nonce status_t __veil_f)
            (State.Label.toCodomain replica view idx entry quorum nonce status_t __veil_f) (χ __veil_f) (χ_rep __veil_f)]
      [σ_sub : IsSubStateOf (@State χ) σ] [ρ_sub : IsSubReaderOf (@Theory replica view idx entry quorum nonce status_t) ρ]
      [recv_prepare_dec_0 :
        delta% @RunCheck.recv_prepare._veil_dec_type_0 replica view χ vw idx entry quorum nonce status_t χ_rep]
      [recv_prepare_dec_1 :
        delta% @RunCheck.recv_prepare._veil_dec_type_1 replica view χ vw idx entry quorum nonce status_t χ_rep]
      [recv_prepare_dec_2 :
        delta% @RunCheck.recv_prepare._veil_dec_type_2 replica idx χ ix view entry quorum nonce status_t χ_rep]
      [commit_up_to_dec_1 :
        delta% @RunCheck.commit_up_to._veil_dec_type_1 replica idx χ ix view entry quorum nonce status_t χ_rep]
      [commit_up_to_dec_0 :
        delta% @RunCheck.commit_up_to._veil_dec_type_0 replica idx χ ix view entry quorum nonce status_t χ_rep]
      [recv_prepare_dec_5 :
        delta% @RunCheck.recv_prepare._veil_dec_type_8 replica idx χ ix view entry quorum nonce status_t χ_rep] :
      ∀ (r : replica) (v : view) (n : idx) (e : entry) (k : idx),
        Veil.VeilM.meetsSpecificationIfSuccessfulAssuming
          (@recv_prepare.ext ρ σ replica replica_dec_eq replica_inhabited view view_dec_eq view_inhabited idx idx_dec_eq
            idx_inhabited entry entry_dec_eq entry_inhabited quorum quorum_dec_eq quorum_inhabited nonce nonce_dec_eq
            nonce_inhabited vw ix status_t status_t_dec_eq status_t_inhabited status_t_Enum χ χ_rep χ_rep_lawful σ_sub
            ρ_sub recv_prepare_dec_0 recv_prepare_dec_1 recv_prepare_dec_2 commit_up_to_dec_1 commit_up_to_dec_0
            recv_prepare_dec_5 r v n e k)
          (@Assumptions ρ replica replica_dec_eq replica_inhabited view view_dec_eq view_inhabited idx idx_dec_eq
            idx_inhabited entry entry_dec_eq entry_inhabited quorum quorum_dec_eq quorum_inhabited nonce nonce_dec_eq
            nonce_inhabited vw ix status_t status_t_dec_eq status_t_inhabited status_t_Enum ρ_sub)
          (@Invariants ρ σ replica replica_dec_eq replica_inhabited view view_dec_eq view_inhabited idx idx_dec_eq
            idx_inhabited entry entry_dec_eq entry_inhabited quorum quorum_dec_eq quorum_inhabited nonce nonce_dec_eq
            nonce_inhabited vw ix status_t status_t_dec_eq status_t_inhabited status_t_Enum χ χ_rep χ_rep_lawful σ_sub
            ρ_sub)
          (@replica_backed ρ σ replica replica_dec_eq replica_inhabited view view_dec_eq view_inhabited idx idx_dec_eq
            idx_inhabited entry entry_dec_eq entry_inhabited quorum quorum_dec_eq quorum_inhabited nonce nonce_dec_eq
            nonce_inhabited vw ix status_t status_t_dec_eq status_t_inhabited status_t_Enum χ χ_rep χ_rep_lawful σ_sub
            ρ_sub) :=
    by
    unveil
    sorry
  
  @[veil]
  theorem recv_prepare_prepare_backed (ρ : Type) (σ : Type) (replica : Type) [replica_dec_eq : DecidableEq.{1} replica]
      [replica_inhabited : Inhabited.{1} replica] (view : Type) [view_dec_eq : DecidableEq.{1} view]
      [view_inhabited : Inhabited.{1} view] (idx : Type) [idx_dec_eq : DecidableEq.{1} idx]
      [idx_inhabited : Inhabited.{1} idx] (entry : Type) [entry_dec_eq : DecidableEq.{1} entry]
      [entry_inhabited : Inhabited.{1} entry] (quorum : Type) [quorum_dec_eq : DecidableEq.{1} quorum]
      [quorum_inhabited : Inhabited.{1} quorum] (nonce : Type) [nonce_dec_eq : DecidableEq.{1} nonce]
      [nonce_inhabited : Inhabited.{1} nonce] [vw : TotalOrderWithMinimum view] [ix : TotalOrderWithMinimum idx]
      (status_t : Type) [status_t_dec_eq : DecidableEq.{1} status_t] [status_t_inhabited : Inhabited.{1} status_t]
      [status_t_Enum : @status_t_EnumClass status_t] (χ : State.Label → Type)
      [χ_rep :
        ∀ __veil_f,
          Veil.FieldRepresentation (State.Label.toDomain replica view idx entry quorum nonce status_t __veil_f)
            (State.Label.toCodomain replica view idx entry quorum nonce status_t __veil_f) (χ __veil_f)]
      [χ_rep_lawful :
        ∀ __veil_f,
          Veil.LawfulFieldRepresentation (State.Label.toDomain replica view idx entry quorum nonce status_t __veil_f)
            (State.Label.toCodomain replica view idx entry quorum nonce status_t __veil_f) (χ __veil_f) (χ_rep __veil_f)]
      [σ_sub : IsSubStateOf (@State χ) σ] [ρ_sub : IsSubReaderOf (@Theory replica view idx entry quorum nonce status_t) ρ]
      [recv_prepare_dec_0 :
        delta% @RunCheck.recv_prepare._veil_dec_type_0 replica view χ vw idx entry quorum nonce status_t χ_rep]
      [recv_prepare_dec_1 :
        delta% @RunCheck.recv_prepare._veil_dec_type_1 replica view χ vw idx entry quorum nonce status_t χ_rep]
      [recv_prepare_dec_2 :
        delta% @RunCheck.recv_prepare._veil_dec_type_2 replica idx χ ix view entry quorum nonce status_t χ_rep]
      [commit_up_to_dec_1 :
        delta% @RunCheck.commit_up_to._veil_dec_type_1 replica idx χ ix view entry quorum nonce status_t χ_rep]
      [commit_up_to_dec_0 :
        delta% @RunCheck.commit_up_to._veil_dec_type_0 replica idx χ ix view entry quorum nonce status_t χ_rep]
      [recv_prepare_dec_5 :
        delta% @RunCheck.recv_prepare._veil_dec_type_8 replica idx χ ix view entry quorum nonce status_t χ_rep] :
      ∀ (r : replica) (v : view) (n : idx) (e : entry) (k : idx),
        Veil.VeilM.meetsSpecificationIfSuccessfulAssuming
          (@recv_prepare.ext ρ σ replica replica_dec_eq replica_inhabited view view_dec_eq view_inhabited idx idx_dec_eq
            idx_inhabited entry entry_dec_eq entry_inhabited quorum quorum_dec_eq quorum_inhabited nonce nonce_dec_eq
            nonce_inhabited vw ix status_t status_t_dec_eq status_t_inhabited status_t_Enum χ χ_rep χ_rep_lawful σ_sub
            ρ_sub recv_prepare_dec_0 recv_prepare_dec_1 recv_prepare_dec_2 commit_up_to_dec_1 commit_up_to_dec_0
            recv_prepare_dec_5 r v n e k)
          (@Assumptions ρ replica replica_dec_eq replica_inhabited view view_dec_eq view_inhabited idx idx_dec_eq
            idx_inhabited entry entry_dec_eq entry_inhabited quorum quorum_dec_eq quorum_inhabited nonce nonce_dec_eq
            nonce_inhabited vw ix status_t status_t_dec_eq status_t_inhabited status_t_Enum ρ_sub)
          (@Invariants ρ σ replica replica_dec_eq replica_inhabited view view_dec_eq view_inhabited idx idx_dec_eq
            idx_inhabited entry entry_dec_eq entry_inhabited quorum quorum_dec_eq quorum_inhabited nonce nonce_dec_eq
            nonce_inhabited vw ix status_t status_t_dec_eq status_t_inhabited status_t_Enum χ χ_rep χ_rep_lawful σ_sub
            ρ_sub)
          (@prepare_backed ρ σ replica replica_dec_eq replica_inhabited view view_dec_eq view_inhabited idx idx_dec_eq
            idx_inhabited entry entry_dec_eq entry_inhabited quorum quorum_dec_eq quorum_inhabited nonce nonce_dec_eq
            nonce_inhabited vw ix status_t status_t_dec_eq status_t_inhabited status_t_Enum χ χ_rep χ_rep_lawful σ_sub
            ρ_sub) :=
    by
    unveil
    sorry
  
  @[veil]
  theorem recv_prepare_commit_backed (ρ : Type) (σ : Type) (replica : Type) [replica_dec_eq : DecidableEq.{1} replica]
      [replica_inhabited : Inhabited.{1} replica] (view : Type) [view_dec_eq : DecidableEq.{1} view]
      [view_inhabited : Inhabited.{1} view] (idx : Type) [idx_dec_eq : DecidableEq.{1} idx]
      [idx_inhabited : Inhabited.{1} idx] (entry : Type) [entry_dec_eq : DecidableEq.{1} entry]
      [entry_inhabited : Inhabited.{1} entry] (quorum : Type) [quorum_dec_eq : DecidableEq.{1} quorum]
      [quorum_inhabited : Inhabited.{1} quorum] (nonce : Type) [nonce_dec_eq : DecidableEq.{1} nonce]
      [nonce_inhabited : Inhabited.{1} nonce] [vw : TotalOrderWithMinimum view] [ix : TotalOrderWithMinimum idx]
      (status_t : Type) [status_t_dec_eq : DecidableEq.{1} status_t] [status_t_inhabited : Inhabited.{1} status_t]
      [status_t_Enum : @status_t_EnumClass status_t] (χ : State.Label → Type)
      [χ_rep :
        ∀ __veil_f,
          Veil.FieldRepresentation (State.Label.toDomain replica view idx entry quorum nonce status_t __veil_f)
            (State.Label.toCodomain replica view idx entry quorum nonce status_t __veil_f) (χ __veil_f)]
      [χ_rep_lawful :
        ∀ __veil_f,
          Veil.LawfulFieldRepresentation (State.Label.toDomain replica view idx entry quorum nonce status_t __veil_f)
            (State.Label.toCodomain replica view idx entry quorum nonce status_t __veil_f) (χ __veil_f) (χ_rep __veil_f)]
      [σ_sub : IsSubStateOf (@State χ) σ] [ρ_sub : IsSubReaderOf (@Theory replica view idx entry quorum nonce status_t) ρ]
      [recv_prepare_dec_0 :
        delta% @RunCheck.recv_prepare._veil_dec_type_0 replica view χ vw idx entry quorum nonce status_t χ_rep]
      [recv_prepare_dec_1 :
        delta% @RunCheck.recv_prepare._veil_dec_type_1 replica view χ vw idx entry quorum nonce status_t χ_rep]
      [recv_prepare_dec_2 :
        delta% @RunCheck.recv_prepare._veil_dec_type_2 replica idx χ ix view entry quorum nonce status_t χ_rep]
      [commit_up_to_dec_1 :
        delta% @RunCheck.commit_up_to._veil_dec_type_1 replica idx χ ix view entry quorum nonce status_t χ_rep]
      [commit_up_to_dec_0 :
        delta% @RunCheck.commit_up_to._veil_dec_type_0 replica idx χ ix view entry quorum nonce status_t χ_rep]
      [recv_prepare_dec_5 :
        delta% @RunCheck.recv_prepare._veil_dec_type_8 replica idx χ ix view entry quorum nonce status_t χ_rep] :
      ∀ (r : replica) (v : view) (n : idx) (e : entry) (k : idx),
        Veil.VeilM.meetsSpecificationIfSuccessfulAssuming
          (@recv_prepare.ext ρ σ replica replica_dec_eq replica_inhabited view view_dec_eq view_inhabited idx idx_dec_eq
            idx_inhabited entry entry_dec_eq entry_inhabited quorum quorum_dec_eq quorum_inhabited nonce nonce_dec_eq
            nonce_inhabited vw ix status_t status_t_dec_eq status_t_inhabited status_t_Enum χ χ_rep χ_rep_lawful σ_sub
            ρ_sub recv_prepare_dec_0 recv_prepare_dec_1 recv_prepare_dec_2 commit_up_to_dec_1 commit_up_to_dec_0
            recv_prepare_dec_5 r v n e k)
          (@Assumptions ρ replica replica_dec_eq replica_inhabited view view_dec_eq view_inhabited idx idx_dec_eq
            idx_inhabited entry entry_dec_eq entry_inhabited quorum quorum_dec_eq quorum_inhabited nonce nonce_dec_eq
            nonce_inhabited vw ix status_t status_t_dec_eq status_t_inhabited status_t_Enum ρ_sub)
          (@Invariants ρ σ replica replica_dec_eq replica_inhabited view view_dec_eq view_inhabited idx idx_dec_eq
            idx_inhabited entry entry_dec_eq entry_inhabited quorum quorum_dec_eq quorum_inhabited nonce nonce_dec_eq
            nonce_inhabited vw ix status_t status_t_dec_eq status_t_inhabited status_t_Enum χ χ_rep χ_rep_lawful σ_sub
            ρ_sub)
          (@commit_backed ρ σ replica replica_dec_eq replica_inhabited view view_dec_eq view_inhabited idx idx_dec_eq
            idx_inhabited entry entry_dec_eq entry_inhabited quorum quorum_dec_eq quorum_inhabited nonce nonce_dec_eq
            nonce_inhabited vw ix status_t status_t_dec_eq status_t_inhabited status_t_Enum χ χ_rep χ_rep_lawful σ_sub
            ρ_sub) :=
    by
    unveil
    sorry
  
  @[veil]
  theorem recv_prepare_new_state_backed (ρ : Type) (σ : Type) (replica : Type) [replica_dec_eq : DecidableEq.{1} replica]
      [replica_inhabited : Inhabited.{1} replica] (view : Type) [view_dec_eq : DecidableEq.{1} view]
      [view_inhabited : Inhabited.{1} view] (idx : Type) [idx_dec_eq : DecidableEq.{1} idx]
      [idx_inhabited : Inhabited.{1} idx] (entry : Type) [entry_dec_eq : DecidableEq.{1} entry]
      [entry_inhabited : Inhabited.{1} entry] (quorum : Type) [quorum_dec_eq : DecidableEq.{1} quorum]
      [quorum_inhabited : Inhabited.{1} quorum] (nonce : Type) [nonce_dec_eq : DecidableEq.{1} nonce]
      [nonce_inhabited : Inhabited.{1} nonce] [vw : TotalOrderWithMinimum view] [ix : TotalOrderWithMinimum idx]
      (status_t : Type) [status_t_dec_eq : DecidableEq.{1} status_t] [status_t_inhabited : Inhabited.{1} status_t]
      [status_t_Enum : @status_t_EnumClass status_t] (χ : State.Label → Type)
      [χ_rep :
        ∀ __veil_f,
          Veil.FieldRepresentation (State.Label.toDomain replica view idx entry quorum nonce status_t __veil_f)
            (State.Label.toCodomain replica view idx entry quorum nonce status_t __veil_f) (χ __veil_f)]
      [χ_rep_lawful :
        ∀ __veil_f,
          Veil.LawfulFieldRepresentation (State.Label.toDomain replica view idx entry quorum nonce status_t __veil_f)
            (State.Label.toCodomain replica view idx entry quorum nonce status_t __veil_f) (χ __veil_f) (χ_rep __veil_f)]
      [σ_sub : IsSubStateOf (@State χ) σ] [ρ_sub : IsSubReaderOf (@Theory replica view idx entry quorum nonce status_t) ρ]
      [recv_prepare_dec_0 :
        delta% @RunCheck.recv_prepare._veil_dec_type_0 replica view χ vw idx entry quorum nonce status_t χ_rep]
      [recv_prepare_dec_1 :
        delta% @RunCheck.recv_prepare._veil_dec_type_1 replica view χ vw idx entry quorum nonce status_t χ_rep]
      [recv_prepare_dec_2 :
        delta% @RunCheck.recv_prepare._veil_dec_type_2 replica idx χ ix view entry quorum nonce status_t χ_rep]
      [commit_up_to_dec_1 :
        delta% @RunCheck.commit_up_to._veil_dec_type_1 replica idx χ ix view entry quorum nonce status_t χ_rep]
      [commit_up_to_dec_0 :
        delta% @RunCheck.commit_up_to._veil_dec_type_0 replica idx χ ix view entry quorum nonce status_t χ_rep]
      [recv_prepare_dec_5 :
        delta% @RunCheck.recv_prepare._veil_dec_type_8 replica idx χ ix view entry quorum nonce status_t χ_rep] :
      ∀ (r : replica) (v : view) (n : idx) (e : entry) (k : idx),
        Veil.VeilM.meetsSpecificationIfSuccessfulAssuming
          (@recv_prepare.ext ρ σ replica replica_dec_eq replica_inhabited view view_dec_eq view_inhabited idx idx_dec_eq
            idx_inhabited entry entry_dec_eq entry_inhabited quorum quorum_dec_eq quorum_inhabited nonce nonce_dec_eq
            nonce_inhabited vw ix status_t status_t_dec_eq status_t_inhabited status_t_Enum χ χ_rep χ_rep_lawful σ_sub
            ρ_sub recv_prepare_dec_0 recv_prepare_dec_1 recv_prepare_dec_2 commit_up_to_dec_1 commit_up_to_dec_0
            recv_prepare_dec_5 r v n e k)
          (@Assumptions ρ replica replica_dec_eq replica_inhabited view view_dec_eq view_inhabited idx idx_dec_eq
            idx_inhabited entry entry_dec_eq entry_inhabited quorum quorum_dec_eq quorum_inhabited nonce nonce_dec_eq
            nonce_inhabited vw ix status_t status_t_dec_eq status_t_inhabited status_t_Enum ρ_sub)
          (@Invariants ρ σ replica replica_dec_eq replica_inhabited view view_dec_eq view_inhabited idx idx_dec_eq
            idx_inhabited entry entry_dec_eq entry_inhabited quorum quorum_dec_eq quorum_inhabited nonce nonce_dec_eq
            nonce_inhabited vw ix status_t status_t_dec_eq status_t_inhabited status_t_Enum χ χ_rep χ_rep_lawful σ_sub
            ρ_sub)
          (@new_state_backed ρ σ replica replica_dec_eq replica_inhabited view view_dec_eq view_inhabited idx idx_dec_eq
            idx_inhabited entry entry_dec_eq entry_inhabited quorum quorum_dec_eq quorum_inhabited nonce nonce_dec_eq
            nonce_inhabited vw ix status_t status_t_dec_eq status_t_inhabited status_t_Enum χ χ_rep χ_rep_lawful σ_sub
            ρ_sub) :=
    by
    unveil
    sorry
  
  @[veil]
  theorem recv_prepare_start_view_backed (ρ : Type) (σ : Type) (replica : Type) [replica_dec_eq : DecidableEq.{1} replica]
      [replica_inhabited : Inhabited.{1} replica] (view : Type) [view_dec_eq : DecidableEq.{1} view]
      [view_inhabited : Inhabited.{1} view] (idx : Type) [idx_dec_eq : DecidableEq.{1} idx]
      [idx_inhabited : Inhabited.{1} idx] (entry : Type) [entry_dec_eq : DecidableEq.{1} entry]
      [entry_inhabited : Inhabited.{1} entry] (quorum : Type) [quorum_dec_eq : DecidableEq.{1} quorum]
      [quorum_inhabited : Inhabited.{1} quorum] (nonce : Type) [nonce_dec_eq : DecidableEq.{1} nonce]
      [nonce_inhabited : Inhabited.{1} nonce] [vw : TotalOrderWithMinimum view] [ix : TotalOrderWithMinimum idx]
      (status_t : Type) [status_t_dec_eq : DecidableEq.{1} status_t] [status_t_inhabited : Inhabited.{1} status_t]
      [status_t_Enum : @status_t_EnumClass status_t] (χ : State.Label → Type)
      [χ_rep :
        ∀ __veil_f,
          Veil.FieldRepresentation (State.Label.toDomain replica view idx entry quorum nonce status_t __veil_f)
            (State.Label.toCodomain replica view idx entry quorum nonce status_t __veil_f) (χ __veil_f)]
      [χ_rep_lawful :
        ∀ __veil_f,
          Veil.LawfulFieldRepresentation (State.Label.toDomain replica view idx entry quorum nonce status_t __veil_f)
            (State.Label.toCodomain replica view idx entry quorum nonce status_t __veil_f) (χ __veil_f) (χ_rep __veil_f)]
      [σ_sub : IsSubStateOf (@State χ) σ] [ρ_sub : IsSubReaderOf (@Theory replica view idx entry quorum nonce status_t) ρ]
      [recv_prepare_dec_0 :
        delta% @RunCheck.recv_prepare._veil_dec_type_0 replica view χ vw idx entry quorum nonce status_t χ_rep]
      [recv_prepare_dec_1 :
        delta% @RunCheck.recv_prepare._veil_dec_type_1 replica view χ vw idx entry quorum nonce status_t χ_rep]
      [recv_prepare_dec_2 :
        delta% @RunCheck.recv_prepare._veil_dec_type_2 replica idx χ ix view entry quorum nonce status_t χ_rep]
      [commit_up_to_dec_1 :
        delta% @RunCheck.commit_up_to._veil_dec_type_1 replica idx χ ix view entry quorum nonce status_t χ_rep]
      [commit_up_to_dec_0 :
        delta% @RunCheck.commit_up_to._veil_dec_type_0 replica idx χ ix view entry quorum nonce status_t χ_rep]
      [recv_prepare_dec_5 :
        delta% @RunCheck.recv_prepare._veil_dec_type_8 replica idx χ ix view entry quorum nonce status_t χ_rep] :
      ∀ (r : replica) (v : view) (n : idx) (e : entry) (k : idx),
        Veil.VeilM.meetsSpecificationIfSuccessfulAssuming
          (@recv_prepare.ext ρ σ replica replica_dec_eq replica_inhabited view view_dec_eq view_inhabited idx idx_dec_eq
            idx_inhabited entry entry_dec_eq entry_inhabited quorum quorum_dec_eq quorum_inhabited nonce nonce_dec_eq
            nonce_inhabited vw ix status_t status_t_dec_eq status_t_inhabited status_t_Enum χ χ_rep χ_rep_lawful σ_sub
            ρ_sub recv_prepare_dec_0 recv_prepare_dec_1 recv_prepare_dec_2 commit_up_to_dec_1 commit_up_to_dec_0
            recv_prepare_dec_5 r v n e k)
          (@Assumptions ρ replica replica_dec_eq replica_inhabited view view_dec_eq view_inhabited idx idx_dec_eq
            idx_inhabited entry entry_dec_eq entry_inhabited quorum quorum_dec_eq quorum_inhabited nonce nonce_dec_eq
            nonce_inhabited vw ix status_t status_t_dec_eq status_t_inhabited status_t_Enum ρ_sub)
          (@Invariants ρ σ replica replica_dec_eq replica_inhabited view view_dec_eq view_inhabited idx idx_dec_eq
            idx_inhabited entry entry_dec_eq entry_inhabited quorum quorum_dec_eq quorum_inhabited nonce nonce_dec_eq
            nonce_inhabited vw ix status_t status_t_dec_eq status_t_inhabited status_t_Enum χ χ_rep χ_rep_lawful σ_sub
            ρ_sub)
          (@start_view_backed ρ σ replica replica_dec_eq replica_inhabited view view_dec_eq view_inhabited idx idx_dec_eq
            idx_inhabited entry entry_dec_eq entry_inhabited quorum quorum_dec_eq quorum_inhabited nonce nonce_dec_eq
            nonce_inhabited vw ix status_t status_t_dec_eq status_t_inhabited status_t_Enum χ χ_rep χ_rep_lawful σ_sub
            ρ_sub) :=
    by
    unveil
    sorry
  
  @[veil]
  theorem recv_prepare_dvc_backed (ρ : Type) (σ : Type) (replica : Type) [replica_dec_eq : DecidableEq.{1} replica]
      [replica_inhabited : Inhabited.{1} replica] (view : Type) [view_dec_eq : DecidableEq.{1} view]
      [view_inhabited : Inhabited.{1} view] (idx : Type) [idx_dec_eq : DecidableEq.{1} idx]
      [idx_inhabited : Inhabited.{1} idx] (entry : Type) [entry_dec_eq : DecidableEq.{1} entry]
      [entry_inhabited : Inhabited.{1} entry] (quorum : Type) [quorum_dec_eq : DecidableEq.{1} quorum]
      [quorum_inhabited : Inhabited.{1} quorum] (nonce : Type) [nonce_dec_eq : DecidableEq.{1} nonce]
      [nonce_inhabited : Inhabited.{1} nonce] [vw : TotalOrderWithMinimum view] [ix : TotalOrderWithMinimum idx]
      (status_t : Type) [status_t_dec_eq : DecidableEq.{1} status_t] [status_t_inhabited : Inhabited.{1} status_t]
      [status_t_Enum : @status_t_EnumClass status_t] (χ : State.Label → Type)
      [χ_rep :
        ∀ __veil_f,
          Veil.FieldRepresentation (State.Label.toDomain replica view idx entry quorum nonce status_t __veil_f)
            (State.Label.toCodomain replica view idx entry quorum nonce status_t __veil_f) (χ __veil_f)]
      [χ_rep_lawful :
        ∀ __veil_f,
          Veil.LawfulFieldRepresentation (State.Label.toDomain replica view idx entry quorum nonce status_t __veil_f)
            (State.Label.toCodomain replica view idx entry quorum nonce status_t __veil_f) (χ __veil_f) (χ_rep __veil_f)]
      [σ_sub : IsSubStateOf (@State χ) σ] [ρ_sub : IsSubReaderOf (@Theory replica view idx entry quorum nonce status_t) ρ]
      [recv_prepare_dec_0 :
        delta% @RunCheck.recv_prepare._veil_dec_type_0 replica view χ vw idx entry quorum nonce status_t χ_rep]
      [recv_prepare_dec_1 :
        delta% @RunCheck.recv_prepare._veil_dec_type_1 replica view χ vw idx entry quorum nonce status_t χ_rep]
      [recv_prepare_dec_2 :
        delta% @RunCheck.recv_prepare._veil_dec_type_2 replica idx χ ix view entry quorum nonce status_t χ_rep]
      [commit_up_to_dec_1 :
        delta% @RunCheck.commit_up_to._veil_dec_type_1 replica idx χ ix view entry quorum nonce status_t χ_rep]
      [commit_up_to_dec_0 :
        delta% @RunCheck.commit_up_to._veil_dec_type_0 replica idx χ ix view entry quorum nonce status_t χ_rep]
      [recv_prepare_dec_5 :
        delta% @RunCheck.recv_prepare._veil_dec_type_8 replica idx χ ix view entry quorum nonce status_t χ_rep] :
      ∀ (r : replica) (v : view) (n : idx) (e : entry) (k : idx),
        Veil.VeilM.meetsSpecificationIfSuccessfulAssuming
          (@recv_prepare.ext ρ σ replica replica_dec_eq replica_inhabited view view_dec_eq view_inhabited idx idx_dec_eq
            idx_inhabited entry entry_dec_eq entry_inhabited quorum quorum_dec_eq quorum_inhabited nonce nonce_dec_eq
            nonce_inhabited vw ix status_t status_t_dec_eq status_t_inhabited status_t_Enum χ χ_rep χ_rep_lawful σ_sub
            ρ_sub recv_prepare_dec_0 recv_prepare_dec_1 recv_prepare_dec_2 commit_up_to_dec_1 commit_up_to_dec_0
            recv_prepare_dec_5 r v n e k)
          (@Assumptions ρ replica replica_dec_eq replica_inhabited view view_dec_eq view_inhabited idx idx_dec_eq
            idx_inhabited entry entry_dec_eq entry_inhabited quorum quorum_dec_eq quorum_inhabited nonce nonce_dec_eq
            nonce_inhabited vw ix status_t status_t_dec_eq status_t_inhabited status_t_Enum ρ_sub)
          (@Invariants ρ σ replica replica_dec_eq replica_inhabited view view_dec_eq view_inhabited idx idx_dec_eq
            idx_inhabited entry entry_dec_eq entry_inhabited quorum quorum_dec_eq quorum_inhabited nonce nonce_dec_eq
            nonce_inhabited vw ix status_t status_t_dec_eq status_t_inhabited status_t_Enum χ χ_rep χ_rep_lawful σ_sub
            ρ_sub)
          (@dvc_backed ρ σ replica replica_dec_eq replica_inhabited view view_dec_eq view_inhabited idx idx_dec_eq
            idx_inhabited entry entry_dec_eq entry_inhabited quorum quorum_dec_eq quorum_inhabited nonce nonce_dec_eq
            nonce_inhabited vw ix status_t status_t_dec_eq status_t_inhabited status_t_Enum χ χ_rep χ_rep_lawful σ_sub
            ρ_sub) :=
    by
    unveil
    sorry
  
  @[veil]
  theorem recv_prepare_rr_backed (ρ : Type) (σ : Type) (replica : Type) [replica_dec_eq : DecidableEq.{1} replica]
      [replica_inhabited : Inhabited.{1} replica] (view : Type) [view_dec_eq : DecidableEq.{1} view]
      [view_inhabited : Inhabited.{1} view] (idx : Type) [idx_dec_eq : DecidableEq.{1} idx]
      [idx_inhabited : Inhabited.{1} idx] (entry : Type) [entry_dec_eq : DecidableEq.{1} entry]
      [entry_inhabited : Inhabited.{1} entry] (quorum : Type) [quorum_dec_eq : DecidableEq.{1} quorum]
      [quorum_inhabited : Inhabited.{1} quorum] (nonce : Type) [nonce_dec_eq : DecidableEq.{1} nonce]
      [nonce_inhabited : Inhabited.{1} nonce] [vw : TotalOrderWithMinimum view] [ix : TotalOrderWithMinimum idx]
      (status_t : Type) [status_t_dec_eq : DecidableEq.{1} status_t] [status_t_inhabited : Inhabited.{1} status_t]
      [status_t_Enum : @status_t_EnumClass status_t] (χ : State.Label → Type)
      [χ_rep :
        ∀ __veil_f,
          Veil.FieldRepresentation (State.Label.toDomain replica view idx entry quorum nonce status_t __veil_f)
            (State.Label.toCodomain replica view idx entry quorum nonce status_t __veil_f) (χ __veil_f)]
      [χ_rep_lawful :
        ∀ __veil_f,
          Veil.LawfulFieldRepresentation (State.Label.toDomain replica view idx entry quorum nonce status_t __veil_f)
            (State.Label.toCodomain replica view idx entry quorum nonce status_t __veil_f) (χ __veil_f) (χ_rep __veil_f)]
      [σ_sub : IsSubStateOf (@State χ) σ] [ρ_sub : IsSubReaderOf (@Theory replica view idx entry quorum nonce status_t) ρ]
      [recv_prepare_dec_0 :
        delta% @RunCheck.recv_prepare._veil_dec_type_0 replica view χ vw idx entry quorum nonce status_t χ_rep]
      [recv_prepare_dec_1 :
        delta% @RunCheck.recv_prepare._veil_dec_type_1 replica view χ vw idx entry quorum nonce status_t χ_rep]
      [recv_prepare_dec_2 :
        delta% @RunCheck.recv_prepare._veil_dec_type_2 replica idx χ ix view entry quorum nonce status_t χ_rep]
      [commit_up_to_dec_1 :
        delta% @RunCheck.commit_up_to._veil_dec_type_1 replica idx χ ix view entry quorum nonce status_t χ_rep]
      [commit_up_to_dec_0 :
        delta% @RunCheck.commit_up_to._veil_dec_type_0 replica idx χ ix view entry quorum nonce status_t χ_rep]
      [recv_prepare_dec_5 :
        delta% @RunCheck.recv_prepare._veil_dec_type_8 replica idx χ ix view entry quorum nonce status_t χ_rep] :
      ∀ (r : replica) (v : view) (n : idx) (e : entry) (k : idx),
        Veil.VeilM.meetsSpecificationIfSuccessfulAssuming
          (@recv_prepare.ext ρ σ replica replica_dec_eq replica_inhabited view view_dec_eq view_inhabited idx idx_dec_eq
            idx_inhabited entry entry_dec_eq entry_inhabited quorum quorum_dec_eq quorum_inhabited nonce nonce_dec_eq
            nonce_inhabited vw ix status_t status_t_dec_eq status_t_inhabited status_t_Enum χ χ_rep χ_rep_lawful σ_sub
            ρ_sub recv_prepare_dec_0 recv_prepare_dec_1 recv_prepare_dec_2 commit_up_to_dec_1 commit_up_to_dec_0
            recv_prepare_dec_5 r v n e k)
          (@Assumptions ρ replica replica_dec_eq replica_inhabited view view_dec_eq view_inhabited idx idx_dec_eq
            idx_inhabited entry entry_dec_eq entry_inhabited quorum quorum_dec_eq quorum_inhabited nonce nonce_dec_eq
            nonce_inhabited vw ix status_t status_t_dec_eq status_t_inhabited status_t_Enum ρ_sub)
          (@Invariants ρ σ replica replica_dec_eq replica_inhabited view view_dec_eq view_inhabited idx idx_dec_eq
            idx_inhabited entry entry_dec_eq entry_inhabited quorum quorum_dec_eq quorum_inhabited nonce nonce_dec_eq
            nonce_inhabited vw ix status_t status_t_dec_eq status_t_inhabited status_t_Enum χ χ_rep χ_rep_lawful σ_sub
            ρ_sub)
          (@rr_backed ρ σ replica replica_dec_eq replica_inhabited view view_dec_eq view_inhabited idx idx_dec_eq
            idx_inhabited entry entry_dec_eq entry_inhabited quorum quorum_dec_eq quorum_inhabited nonce nonce_dec_eq
            nonce_inhabited vw ix status_t status_t_dec_eq status_t_inhabited status_t_Enum χ χ_rep χ_rep_lawful σ_sub
            ρ_sub) :=
    by
    unveil
    sorry
  
  @[veil]
  theorem recv_prepare_survives_frag (ρ : Type) (σ : Type) (replica : Type) [replica_dec_eq : DecidableEq.{1} replica]
      [replica_inhabited : Inhabited.{1} replica] (view : Type) [view_dec_eq : DecidableEq.{1} view]
      [view_inhabited : Inhabited.{1} view] (idx : Type) [idx_dec_eq : DecidableEq.{1} idx]
      [idx_inhabited : Inhabited.{1} idx] (entry : Type) [entry_dec_eq : DecidableEq.{1} entry]
      [entry_inhabited : Inhabited.{1} entry] (quorum : Type) [quorum_dec_eq : DecidableEq.{1} quorum]
      [quorum_inhabited : Inhabited.{1} quorum] (nonce : Type) [nonce_dec_eq : DecidableEq.{1} nonce]
      [nonce_inhabited : Inhabited.{1} nonce] [vw : TotalOrderWithMinimum view] [ix : TotalOrderWithMinimum idx]
      (status_t : Type) [status_t_dec_eq : DecidableEq.{1} status_t] [status_t_inhabited : Inhabited.{1} status_t]
      [status_t_Enum : @status_t_EnumClass status_t] (χ : State.Label → Type)
      [χ_rep :
        ∀ __veil_f,
          Veil.FieldRepresentation (State.Label.toDomain replica view idx entry quorum nonce status_t __veil_f)
            (State.Label.toCodomain replica view idx entry quorum nonce status_t __veil_f) (χ __veil_f)]
      [χ_rep_lawful :
        ∀ __veil_f,
          Veil.LawfulFieldRepresentation (State.Label.toDomain replica view idx entry quorum nonce status_t __veil_f)
            (State.Label.toCodomain replica view idx entry quorum nonce status_t __veil_f) (χ __veil_f) (χ_rep __veil_f)]
      [σ_sub : IsSubStateOf (@State χ) σ] [ρ_sub : IsSubReaderOf (@Theory replica view idx entry quorum nonce status_t) ρ]
      [recv_prepare_dec_0 :
        delta% @RunCheck.recv_prepare._veil_dec_type_0 replica view χ vw idx entry quorum nonce status_t χ_rep]
      [recv_prepare_dec_1 :
        delta% @RunCheck.recv_prepare._veil_dec_type_1 replica view χ vw idx entry quorum nonce status_t χ_rep]
      [recv_prepare_dec_2 :
        delta% @RunCheck.recv_prepare._veil_dec_type_2 replica idx χ ix view entry quorum nonce status_t χ_rep]
      [commit_up_to_dec_1 :
        delta% @RunCheck.commit_up_to._veil_dec_type_1 replica idx χ ix view entry quorum nonce status_t χ_rep]
      [commit_up_to_dec_0 :
        delta% @RunCheck.commit_up_to._veil_dec_type_0 replica idx χ ix view entry quorum nonce status_t χ_rep]
      [recv_prepare_dec_5 :
        delta% @RunCheck.recv_prepare._veil_dec_type_8 replica idx χ ix view entry quorum nonce status_t χ_rep] :
      ∀ (r : replica) (v : view) (n : idx) (e : entry) (k : idx),
        Veil.VeilM.meetsSpecificationIfSuccessfulAssuming
          (@recv_prepare.ext ρ σ replica replica_dec_eq replica_inhabited view view_dec_eq view_inhabited idx idx_dec_eq
            idx_inhabited entry entry_dec_eq entry_inhabited quorum quorum_dec_eq quorum_inhabited nonce nonce_dec_eq
            nonce_inhabited vw ix status_t status_t_dec_eq status_t_inhabited status_t_Enum χ χ_rep χ_rep_lawful σ_sub
            ρ_sub recv_prepare_dec_0 recv_prepare_dec_1 recv_prepare_dec_2 commit_up_to_dec_1 commit_up_to_dec_0
            recv_prepare_dec_5 r v n e k)
          (@Assumptions ρ replica replica_dec_eq replica_inhabited view view_dec_eq view_inhabited idx idx_dec_eq
            idx_inhabited entry entry_dec_eq entry_inhabited quorum quorum_dec_eq quorum_inhabited nonce nonce_dec_eq
            nonce_inhabited vw ix status_t status_t_dec_eq status_t_inhabited status_t_Enum ρ_sub)
          (@Invariants ρ σ replica replica_dec_eq replica_inhabited view view_dec_eq view_inhabited idx idx_dec_eq
            idx_inhabited entry entry_dec_eq entry_inhabited quorum quorum_dec_eq quorum_inhabited nonce nonce_dec_eq
            nonce_inhabited vw ix status_t status_t_dec_eq status_t_inhabited status_t_Enum χ χ_rep χ_rep_lawful σ_sub
            ρ_sub)
          (@survives_frag ρ σ replica replica_dec_eq replica_inhabited view view_dec_eq view_inhabited idx idx_dec_eq
            idx_inhabited entry entry_dec_eq entry_inhabited quorum quorum_dec_eq quorum_inhabited nonce nonce_dec_eq
            nonce_inhabited vw ix status_t status_t_dec_eq status_t_inhabited status_t_Enum χ χ_rep χ_rep_lawful σ_sub
            ρ_sub) :=
    by
    unveil
    sorry
  
  @[veil]
  theorem recv_prepare_survives_start_view (ρ : Type) (σ : Type) (replica : Type)
      [replica_dec_eq : DecidableEq.{1} replica] [replica_inhabited : Inhabited.{1} replica] (view : Type)
      [view_dec_eq : DecidableEq.{1} view] [view_inhabited : Inhabited.{1} view] (idx : Type)
      [idx_dec_eq : DecidableEq.{1} idx] [idx_inhabited : Inhabited.{1} idx] (entry : Type)
      [entry_dec_eq : DecidableEq.{1} entry] [entry_inhabited : Inhabited.{1} entry] (quorum : Type)
      [quorum_dec_eq : DecidableEq.{1} quorum] [quorum_inhabited : Inhabited.{1} quorum] (nonce : Type)
      [nonce_dec_eq : DecidableEq.{1} nonce] [nonce_inhabited : Inhabited.{1} nonce] [vw : TotalOrderWithMinimum view]
      [ix : TotalOrderWithMinimum idx] (status_t : Type) [status_t_dec_eq : DecidableEq.{1} status_t]
      [status_t_inhabited : Inhabited.{1} status_t] [status_t_Enum : @status_t_EnumClass status_t]
      (χ : State.Label → Type)
      [χ_rep :
        ∀ __veil_f,
          Veil.FieldRepresentation (State.Label.toDomain replica view idx entry quorum nonce status_t __veil_f)
            (State.Label.toCodomain replica view idx entry quorum nonce status_t __veil_f) (χ __veil_f)]
      [χ_rep_lawful :
        ∀ __veil_f,
          Veil.LawfulFieldRepresentation (State.Label.toDomain replica view idx entry quorum nonce status_t __veil_f)
            (State.Label.toCodomain replica view idx entry quorum nonce status_t __veil_f) (χ __veil_f) (χ_rep __veil_f)]
      [σ_sub : IsSubStateOf (@State χ) σ] [ρ_sub : IsSubReaderOf (@Theory replica view idx entry quorum nonce status_t) ρ]
      [recv_prepare_dec_0 :
        delta% @RunCheck.recv_prepare._veil_dec_type_0 replica view χ vw idx entry quorum nonce status_t χ_rep]
      [recv_prepare_dec_1 :
        delta% @RunCheck.recv_prepare._veil_dec_type_1 replica view χ vw idx entry quorum nonce status_t χ_rep]
      [recv_prepare_dec_2 :
        delta% @RunCheck.recv_prepare._veil_dec_type_2 replica idx χ ix view entry quorum nonce status_t χ_rep]
      [commit_up_to_dec_1 :
        delta% @RunCheck.commit_up_to._veil_dec_type_1 replica idx χ ix view entry quorum nonce status_t χ_rep]
      [commit_up_to_dec_0 :
        delta% @RunCheck.commit_up_to._veil_dec_type_0 replica idx χ ix view entry quorum nonce status_t χ_rep]
      [recv_prepare_dec_5 :
        delta% @RunCheck.recv_prepare._veil_dec_type_8 replica idx χ ix view entry quorum nonce status_t χ_rep] :
      ∀ (r : replica) (v : view) (n : idx) (e : entry) (k : idx),
        Veil.VeilM.meetsSpecificationIfSuccessfulAssuming
          (@recv_prepare.ext ρ σ replica replica_dec_eq replica_inhabited view view_dec_eq view_inhabited idx idx_dec_eq
            idx_inhabited entry entry_dec_eq entry_inhabited quorum quorum_dec_eq quorum_inhabited nonce nonce_dec_eq
            nonce_inhabited vw ix status_t status_t_dec_eq status_t_inhabited status_t_Enum χ χ_rep χ_rep_lawful σ_sub
            ρ_sub recv_prepare_dec_0 recv_prepare_dec_1 recv_prepare_dec_2 commit_up_to_dec_1 commit_up_to_dec_0
            recv_prepare_dec_5 r v n e k)
          (@Assumptions ρ replica replica_dec_eq replica_inhabited view view_dec_eq view_inhabited idx idx_dec_eq
            idx_inhabited entry entry_dec_eq entry_inhabited quorum quorum_dec_eq quorum_inhabited nonce nonce_dec_eq
            nonce_inhabited vw ix status_t status_t_dec_eq status_t_inhabited status_t_Enum ρ_sub)
          (@Invariants ρ σ replica replica_dec_eq replica_inhabited view view_dec_eq view_inhabited idx idx_dec_eq
            idx_inhabited entry entry_dec_eq entry_inhabited quorum quorum_dec_eq quorum_inhabited nonce nonce_dec_eq
            nonce_inhabited vw ix status_t status_t_dec_eq status_t_inhabited status_t_Enum χ χ_rep χ_rep_lawful σ_sub
            ρ_sub)
          (@survives_start_view ρ σ replica replica_dec_eq replica_inhabited view view_dec_eq view_inhabited idx
            idx_dec_eq idx_inhabited entry entry_dec_eq entry_inhabited quorum quorum_dec_eq quorum_inhabited nonce
            nonce_dec_eq nonce_inhabited vw ix status_t status_t_dec_eq status_t_inhabited status_t_Enum χ χ_rep
            χ_rep_lawful σ_sub ρ_sub) :=
    by
    unveil
    sorry
  
  @[veil]
  theorem recv_prepare_ok_new_state_backed (ρ : Type) (σ : Type) (replica : Type)
      [replica_dec_eq : DecidableEq.{1} replica] [replica_inhabited : Inhabited.{1} replica] (view : Type)
      [view_dec_eq : DecidableEq.{1} view] [view_inhabited : Inhabited.{1} view] (idx : Type)
      [idx_dec_eq : DecidableEq.{1} idx] [idx_inhabited : Inhabited.{1} idx] (entry : Type)
      [entry_dec_eq : DecidableEq.{1} entry] [entry_inhabited : Inhabited.{1} entry] (quorum : Type)
      [quorum_dec_eq : DecidableEq.{1} quorum] [quorum_inhabited : Inhabited.{1} quorum] (nonce : Type)
      [nonce_dec_eq : DecidableEq.{1} nonce] [nonce_inhabited : Inhabited.{1} nonce] [vw : TotalOrderWithMinimum view]
      [ix : TotalOrderWithMinimum idx] (status_t : Type) [status_t_dec_eq : DecidableEq.{1} status_t]
      [status_t_inhabited : Inhabited.{1} status_t] [status_t_Enum : @status_t_EnumClass status_t]
      (χ : State.Label → Type)
      [χ_rep :
        ∀ __veil_f,
          Veil.FieldRepresentation (State.Label.toDomain replica view idx entry quorum nonce status_t __veil_f)
            (State.Label.toCodomain replica view idx entry quorum nonce status_t __veil_f) (χ __veil_f)]
      [χ_rep_lawful :
        ∀ __veil_f,
          Veil.LawfulFieldRepresentation (State.Label.toDomain replica view idx entry quorum nonce status_t __veil_f)
            (State.Label.toCodomain replica view idx entry quorum nonce status_t __veil_f) (χ __veil_f) (χ_rep __veil_f)]
      [σ_sub : IsSubStateOf (@State χ) σ] [ρ_sub : IsSubReaderOf (@Theory replica view idx entry quorum nonce status_t) ρ]
      [commit_up_to_dec_0 :
        delta% @RunCheck.commit_up_to._veil_dec_type_0 replica idx χ ix view entry quorum nonce status_t χ_rep]
      [recv_prepare_ok_dec_1 :
        delta% @RunCheck.recv_prepare_ok._veil_dec_type_1 replica idx χ view entry quorum nonce status_t χ_rep] :
      ∀ (r : replica) (v : view) (n : idx) (q : replica),
        Veil.VeilM.meetsSpecificationIfSuccessfulAssuming
          (@recv_prepare_ok.ext ρ σ replica replica_dec_eq replica_inhabited view view_dec_eq view_inhabited idx
            idx_dec_eq idx_inhabited entry entry_dec_eq entry_inhabited quorum quorum_dec_eq quorum_inhabited nonce
            nonce_dec_eq nonce_inhabited vw ix status_t status_t_dec_eq status_t_inhabited status_t_Enum χ χ_rep
            χ_rep_lawful σ_sub ρ_sub commit_up_to_dec_0 recv_prepare_ok_dec_1 r v n q)
          (@Assumptions ρ replica replica_dec_eq replica_inhabited view view_dec_eq view_inhabited idx idx_dec_eq
            idx_inhabited entry entry_dec_eq entry_inhabited quorum quorum_dec_eq quorum_inhabited nonce nonce_dec_eq
            nonce_inhabited vw ix status_t status_t_dec_eq status_t_inhabited status_t_Enum ρ_sub)
          (@Invariants ρ σ replica replica_dec_eq replica_inhabited view view_dec_eq view_inhabited idx idx_dec_eq
            idx_inhabited entry entry_dec_eq entry_inhabited quorum quorum_dec_eq quorum_inhabited nonce nonce_dec_eq
            nonce_inhabited vw ix status_t status_t_dec_eq status_t_inhabited status_t_Enum χ χ_rep χ_rep_lawful σ_sub
            ρ_sub)
          (@new_state_backed ρ σ replica replica_dec_eq replica_inhabited view view_dec_eq view_inhabited idx idx_dec_eq
            idx_inhabited entry entry_dec_eq entry_inhabited quorum quorum_dec_eq quorum_inhabited nonce nonce_dec_eq
            nonce_inhabited vw ix status_t status_t_dec_eq status_t_inhabited status_t_Enum χ χ_rep χ_rep_lawful σ_sub
            ρ_sub) :=
    by
    unveil
    sorry
  
  @[veil]
  theorem recv_prepare_ok_survives_rr (ρ : Type) (σ : Type) (replica : Type) [replica_dec_eq : DecidableEq.{1} replica]
      [replica_inhabited : Inhabited.{1} replica] (view : Type) [view_dec_eq : DecidableEq.{1} view]
      [view_inhabited : Inhabited.{1} view] (idx : Type) [idx_dec_eq : DecidableEq.{1} idx]
      [idx_inhabited : Inhabited.{1} idx] (entry : Type) [entry_dec_eq : DecidableEq.{1} entry]
      [entry_inhabited : Inhabited.{1} entry] (quorum : Type) [quorum_dec_eq : DecidableEq.{1} quorum]
      [quorum_inhabited : Inhabited.{1} quorum] (nonce : Type) [nonce_dec_eq : DecidableEq.{1} nonce]
      [nonce_inhabited : Inhabited.{1} nonce] [vw : TotalOrderWithMinimum view] [ix : TotalOrderWithMinimum idx]
      (status_t : Type) [status_t_dec_eq : DecidableEq.{1} status_t] [status_t_inhabited : Inhabited.{1} status_t]
      [status_t_Enum : @status_t_EnumClass status_t] (χ : State.Label → Type)
      [χ_rep :
        ∀ __veil_f,
          Veil.FieldRepresentation (State.Label.toDomain replica view idx entry quorum nonce status_t __veil_f)
            (State.Label.toCodomain replica view idx entry quorum nonce status_t __veil_f) (χ __veil_f)]
      [χ_rep_lawful :
        ∀ __veil_f,
          Veil.LawfulFieldRepresentation (State.Label.toDomain replica view idx entry quorum nonce status_t __veil_f)
            (State.Label.toCodomain replica view idx entry quorum nonce status_t __veil_f) (χ __veil_f) (χ_rep __veil_f)]
      [σ_sub : IsSubStateOf (@State χ) σ] [ρ_sub : IsSubReaderOf (@Theory replica view idx entry quorum nonce status_t) ρ]
      [commit_up_to_dec_0 :
        delta% @RunCheck.commit_up_to._veil_dec_type_0 replica idx χ ix view entry quorum nonce status_t χ_rep]
      [recv_prepare_ok_dec_1 :
        delta% @RunCheck.recv_prepare_ok._veil_dec_type_1 replica idx χ view entry quorum nonce status_t χ_rep] :
      ∀ (r : replica) (v : view) (n : idx) (q : replica),
        Veil.VeilM.meetsSpecificationIfSuccessfulAssuming
          (@recv_prepare_ok.ext ρ σ replica replica_dec_eq replica_inhabited view view_dec_eq view_inhabited idx
            idx_dec_eq idx_inhabited entry entry_dec_eq entry_inhabited quorum quorum_dec_eq quorum_inhabited nonce
            nonce_dec_eq nonce_inhabited vw ix status_t status_t_dec_eq status_t_inhabited status_t_Enum χ χ_rep
            χ_rep_lawful σ_sub ρ_sub commit_up_to_dec_0 recv_prepare_ok_dec_1 r v n q)
          (@Assumptions ρ replica replica_dec_eq replica_inhabited view view_dec_eq view_inhabited idx idx_dec_eq
            idx_inhabited entry entry_dec_eq entry_inhabited quorum quorum_dec_eq quorum_inhabited nonce nonce_dec_eq
            nonce_inhabited vw ix status_t status_t_dec_eq status_t_inhabited status_t_Enum ρ_sub)
          (@Invariants ρ σ replica replica_dec_eq replica_inhabited view view_dec_eq view_inhabited idx idx_dec_eq
            idx_inhabited entry entry_dec_eq entry_inhabited quorum quorum_dec_eq quorum_inhabited nonce nonce_dec_eq
            nonce_inhabited vw ix status_t status_t_dec_eq status_t_inhabited status_t_Enum χ χ_rep χ_rep_lawful σ_sub
            ρ_sub)
          (@survives_rr ρ σ replica replica_dec_eq replica_inhabited view view_dec_eq view_inhabited idx idx_dec_eq
            idx_inhabited entry entry_dec_eq entry_inhabited quorum quorum_dec_eq quorum_inhabited nonce nonce_dec_eq
            nonce_inhabited vw ix status_t status_t_dec_eq status_t_inhabited status_t_Enum χ χ_rep χ_rep_lawful σ_sub
            ρ_sub) :=
    by
    unveil
    sorry
  
  @[veil]
  theorem commit_quorum_prefix_agreement (ρ : Type) (σ : Type) (replica : Type) [replica_dec_eq : DecidableEq.{1} replica]
      [replica_inhabited : Inhabited.{1} replica] (view : Type) [view_dec_eq : DecidableEq.{1} view]
      [view_inhabited : Inhabited.{1} view] (idx : Type) [idx_dec_eq : DecidableEq.{1} idx]
      [idx_inhabited : Inhabited.{1} idx] (entry : Type) [entry_dec_eq : DecidableEq.{1} entry]
      [entry_inhabited : Inhabited.{1} entry] (quorum : Type) [quorum_dec_eq : DecidableEq.{1} quorum]
      [quorum_inhabited : Inhabited.{1} quorum] (nonce : Type) [nonce_dec_eq : DecidableEq.{1} nonce]
      [nonce_inhabited : Inhabited.{1} nonce] [vw : TotalOrderWithMinimum view] [ix : TotalOrderWithMinimum idx]
      (status_t : Type) [status_t_dec_eq : DecidableEq.{1} status_t] [status_t_inhabited : Inhabited.{1} status_t]
      [status_t_Enum : @status_t_EnumClass status_t] (χ : State.Label → Type)
      [χ_rep :
        ∀ __veil_f,
          Veil.FieldRepresentation (State.Label.toDomain replica view idx entry quorum nonce status_t __veil_f)
            (State.Label.toCodomain replica view idx entry quorum nonce status_t __veil_f) (χ __veil_f)]
      [χ_rep_lawful :
        ∀ __veil_f,
          Veil.LawfulFieldRepresentation (State.Label.toDomain replica view idx entry quorum nonce status_t __veil_f)
            (State.Label.toCodomain replica view idx entry quorum nonce status_t __veil_f) (χ __veil_f) (χ_rep __veil_f)]
      [σ_sub : IsSubStateOf (@State χ) σ] [ρ_sub : IsSubReaderOf (@Theory replica view idx entry quorum nonce status_t) ρ]
      [commit_up_to_dec_0 :
        delta% @RunCheck.commit_up_to._veil_dec_type_0 replica idx χ ix view entry quorum nonce status_t χ_rep]
      [commit_quorum_dec_1 :
        delta% @RunCheck.commit_quorum._veil_dec_type_1 replica idx view entry quorum nonce status_t χ χ_rep]
      [commit_up_to_dec_1 :
        delta% @RunCheck.commit_up_to._veil_dec_type_1 replica idx χ ix view entry quorum nonce status_t χ_rep]
      [commit_quorum_dec_3 :
        delta% @RunCheck.commit_quorum._veil_dec_type_4 replica idx χ view entry quorum nonce status_t χ_rep ix] :
      ∀ (r : replica) (n : idx),
        Veil.VeilM.meetsSpecificationIfSuccessfulAssuming
          (@commit_quorum.ext ρ σ replica replica_dec_eq replica_inhabited view view_dec_eq view_inhabited idx idx_dec_eq
            idx_inhabited entry entry_dec_eq entry_inhabited quorum quorum_dec_eq quorum_inhabited nonce nonce_dec_eq
            nonce_inhabited vw ix status_t status_t_dec_eq status_t_inhabited status_t_Enum χ χ_rep χ_rep_lawful σ_sub
            ρ_sub commit_up_to_dec_0 commit_quorum_dec_1 commit_up_to_dec_1 commit_quorum_dec_3 r n)
          (@Assumptions ρ replica replica_dec_eq replica_inhabited view view_dec_eq view_inhabited idx idx_dec_eq
            idx_inhabited entry entry_dec_eq entry_inhabited quorum quorum_dec_eq quorum_inhabited nonce nonce_dec_eq
            nonce_inhabited vw ix status_t status_t_dec_eq status_t_inhabited status_t_Enum ρ_sub)
          (@Invariants ρ σ replica replica_dec_eq replica_inhabited view view_dec_eq view_inhabited idx idx_dec_eq
            idx_inhabited entry entry_dec_eq entry_inhabited quorum quorum_dec_eq quorum_inhabited nonce nonce_dec_eq
            nonce_inhabited vw ix status_t status_t_dec_eq status_t_inhabited status_t_Enum χ χ_rep χ_rep_lawful σ_sub
            ρ_sub)
          (@prefix_agreement ρ σ replica replica_dec_eq replica_inhabited view view_dec_eq view_inhabited idx idx_dec_eq
            idx_inhabited entry entry_dec_eq entry_inhabited quorum quorum_dec_eq quorum_inhabited nonce nonce_dec_eq
            nonce_inhabited vw ix status_t status_t_dec_eq status_t_inhabited status_t_Enum χ χ_rep χ_rep_lawful σ_sub
            ρ_sub) :=
    by
    unveil
    sorry
  
  @[veil]
  theorem recv_commit_prefix_agreement (ρ : Type) (σ : Type) (replica : Type) [replica_dec_eq : DecidableEq.{1} replica]
      [replica_inhabited : Inhabited.{1} replica] (view : Type) [view_dec_eq : DecidableEq.{1} view]
      [view_inhabited : Inhabited.{1} view] (idx : Type) [idx_dec_eq : DecidableEq.{1} idx]
      [idx_inhabited : Inhabited.{1} idx] (entry : Type) [entry_dec_eq : DecidableEq.{1} entry]
      [entry_inhabited : Inhabited.{1} entry] (quorum : Type) [quorum_dec_eq : DecidableEq.{1} quorum]
      [quorum_inhabited : Inhabited.{1} quorum] (nonce : Type) [nonce_dec_eq : DecidableEq.{1} nonce]
      [nonce_inhabited : Inhabited.{1} nonce] [vw : TotalOrderWithMinimum view] [ix : TotalOrderWithMinimum idx]
      (status_t : Type) [status_t_dec_eq : DecidableEq.{1} status_t] [status_t_inhabited : Inhabited.{1} status_t]
      [status_t_Enum : @status_t_EnumClass status_t] (χ : State.Label → Type)
      [χ_rep :
        ∀ __veil_f,
          Veil.FieldRepresentation (State.Label.toDomain replica view idx entry quorum nonce status_t __veil_f)
            (State.Label.toCodomain replica view idx entry quorum nonce status_t __veil_f) (χ __veil_f)]
      [χ_rep_lawful :
        ∀ __veil_f,
          Veil.LawfulFieldRepresentation (State.Label.toDomain replica view idx entry quorum nonce status_t __veil_f)
            (State.Label.toCodomain replica view idx entry quorum nonce status_t __veil_f) (χ __veil_f) (χ_rep __veil_f)]
      [σ_sub : IsSubStateOf (@State χ) σ] [ρ_sub : IsSubReaderOf (@Theory replica view idx entry quorum nonce status_t) ρ]
      [recv_prepare_dec_0 :
        delta% @RunCheck.recv_prepare._veil_dec_type_0 replica view χ vw idx entry quorum nonce status_t χ_rep]
      [recv_prepare_dec_1 :
        delta% @RunCheck.recv_prepare._veil_dec_type_1 replica view χ vw idx entry quorum nonce status_t χ_rep]
      [recv_commit_dec_2 :
        delta% @RunCheck.recv_commit._veil_dec_type_2 replica idx χ ix view entry quorum nonce status_t χ_rep]
      [commit_up_to_dec_0 :
        delta% @RunCheck.commit_up_to._veil_dec_type_0 replica idx χ ix view entry quorum nonce status_t χ_rep]
      [commit_up_to_dec_1 :
        delta% @RunCheck.commit_up_to._veil_dec_type_1 replica idx χ ix view entry quorum nonce status_t χ_rep] :
      ∀ (r : replica) (v : view) (k : idx),
        Veil.VeilM.meetsSpecificationIfSuccessfulAssuming
          (@recv_commit.ext ρ σ replica replica_dec_eq replica_inhabited view view_dec_eq view_inhabited idx idx_dec_eq
            idx_inhabited entry entry_dec_eq entry_inhabited quorum quorum_dec_eq quorum_inhabited nonce nonce_dec_eq
            nonce_inhabited vw ix status_t status_t_dec_eq status_t_inhabited status_t_Enum χ χ_rep χ_rep_lawful σ_sub
            ρ_sub recv_prepare_dec_0 recv_prepare_dec_1 recv_commit_dec_2 commit_up_to_dec_0 commit_up_to_dec_1 r v k)
          (@Assumptions ρ replica replica_dec_eq replica_inhabited view view_dec_eq view_inhabited idx idx_dec_eq
            idx_inhabited entry entry_dec_eq entry_inhabited quorum quorum_dec_eq quorum_inhabited nonce nonce_dec_eq
            nonce_inhabited vw ix status_t status_t_dec_eq status_t_inhabited status_t_Enum ρ_sub)
          (@Invariants ρ σ replica replica_dec_eq replica_inhabited view view_dec_eq view_inhabited idx idx_dec_eq
            idx_inhabited entry entry_dec_eq entry_inhabited quorum quorum_dec_eq quorum_inhabited nonce nonce_dec_eq
            nonce_inhabited vw ix status_t status_t_dec_eq status_t_inhabited status_t_Enum χ χ_rep χ_rep_lawful σ_sub
            ρ_sub)
          (@prefix_agreement ρ σ replica replica_dec_eq replica_inhabited view view_dec_eq view_inhabited idx idx_dec_eq
            idx_inhabited entry entry_dec_eq entry_inhabited quorum quorum_dec_eq quorum_inhabited nonce nonce_dec_eq
            nonce_inhabited vw ix status_t status_t_dec_eq status_t_inhabited status_t_Enum χ χ_rep χ_rep_lawful σ_sub
            ρ_sub) :=
    by
    unveil
    sorry
  
  @[veil]
  theorem recv_commit_survives_replica (ρ : Type) (σ : Type) (replica : Type) [replica_dec_eq : DecidableEq.{1} replica]
      [replica_inhabited : Inhabited.{1} replica] (view : Type) [view_dec_eq : DecidableEq.{1} view]
      [view_inhabited : Inhabited.{1} view] (idx : Type) [idx_dec_eq : DecidableEq.{1} idx]
      [idx_inhabited : Inhabited.{1} idx] (entry : Type) [entry_dec_eq : DecidableEq.{1} entry]
      [entry_inhabited : Inhabited.{1} entry] (quorum : Type) [quorum_dec_eq : DecidableEq.{1} quorum]
      [quorum_inhabited : Inhabited.{1} quorum] (nonce : Type) [nonce_dec_eq : DecidableEq.{1} nonce]
      [nonce_inhabited : Inhabited.{1} nonce] [vw : TotalOrderWithMinimum view] [ix : TotalOrderWithMinimum idx]
      (status_t : Type) [status_t_dec_eq : DecidableEq.{1} status_t] [status_t_inhabited : Inhabited.{1} status_t]
      [status_t_Enum : @status_t_EnumClass status_t] (χ : State.Label → Type)
      [χ_rep :
        ∀ __veil_f,
          Veil.FieldRepresentation (State.Label.toDomain replica view idx entry quorum nonce status_t __veil_f)
            (State.Label.toCodomain replica view idx entry quorum nonce status_t __veil_f) (χ __veil_f)]
      [χ_rep_lawful :
        ∀ __veil_f,
          Veil.LawfulFieldRepresentation (State.Label.toDomain replica view idx entry quorum nonce status_t __veil_f)
            (State.Label.toCodomain replica view idx entry quorum nonce status_t __veil_f) (χ __veil_f) (χ_rep __veil_f)]
      [σ_sub : IsSubStateOf (@State χ) σ] [ρ_sub : IsSubReaderOf (@Theory replica view idx entry quorum nonce status_t) ρ]
      [recv_prepare_dec_0 :
        delta% @RunCheck.recv_prepare._veil_dec_type_0 replica view χ vw idx entry quorum nonce status_t χ_rep]
      [recv_prepare_dec_1 :
        delta% @RunCheck.recv_prepare._veil_dec_type_1 replica view χ vw idx entry quorum nonce status_t χ_rep]
      [recv_commit_dec_2 :
        delta% @RunCheck.recv_commit._veil_dec_type_2 replica idx χ ix view entry quorum nonce status_t χ_rep]
      [commit_up_to_dec_0 :
        delta% @RunCheck.commit_up_to._veil_dec_type_0 replica idx χ ix view entry quorum nonce status_t χ_rep]
      [commit_up_to_dec_1 :
        delta% @RunCheck.commit_up_to._veil_dec_type_1 replica idx χ ix view entry quorum nonce status_t χ_rep] :
      ∀ (r : replica) (v : view) (k : idx),
        Veil.VeilM.meetsSpecificationIfSuccessfulAssuming
          (@recv_commit.ext ρ σ replica replica_dec_eq replica_inhabited view view_dec_eq view_inhabited idx idx_dec_eq
            idx_inhabited entry entry_dec_eq entry_inhabited quorum quorum_dec_eq quorum_inhabited nonce nonce_dec_eq
            nonce_inhabited vw ix status_t status_t_dec_eq status_t_inhabited status_t_Enum χ χ_rep χ_rep_lawful σ_sub
            ρ_sub recv_prepare_dec_0 recv_prepare_dec_1 recv_commit_dec_2 commit_up_to_dec_0 commit_up_to_dec_1 r v k)
          (@Assumptions ρ replica replica_dec_eq replica_inhabited view view_dec_eq view_inhabited idx idx_dec_eq
            idx_inhabited entry entry_dec_eq entry_inhabited quorum quorum_dec_eq quorum_inhabited nonce nonce_dec_eq
            nonce_inhabited vw ix status_t status_t_dec_eq status_t_inhabited status_t_Enum ρ_sub)
          (@Invariants ρ σ replica replica_dec_eq replica_inhabited view view_dec_eq view_inhabited idx idx_dec_eq
            idx_inhabited entry entry_dec_eq entry_inhabited quorum quorum_dec_eq quorum_inhabited nonce nonce_dec_eq
            nonce_inhabited vw ix status_t status_t_dec_eq status_t_inhabited status_t_Enum χ χ_rep χ_rep_lawful σ_sub
            ρ_sub)
          (@survives_replica ρ σ replica replica_dec_eq replica_inhabited view view_dec_eq view_inhabited idx idx_dec_eq
            idx_inhabited entry entry_dec_eq entry_inhabited quorum quorum_dec_eq quorum_inhabited nonce nonce_dec_eq
            nonce_inhabited vw ix status_t status_t_dec_eq status_t_inhabited status_t_Enum χ χ_rep χ_rep_lawful σ_sub
            ρ_sub) :=
    by
    unveil
    sorry
  
  @[veil]
  theorem recv_get_state_new_state_backed (ρ : Type) (σ : Type) (replica : Type)
      [replica_dec_eq : DecidableEq.{1} replica] [replica_inhabited : Inhabited.{1} replica] (view : Type)
      [view_dec_eq : DecidableEq.{1} view] [view_inhabited : Inhabited.{1} view] (idx : Type)
      [idx_dec_eq : DecidableEq.{1} idx] [idx_inhabited : Inhabited.{1} idx] (entry : Type)
      [entry_dec_eq : DecidableEq.{1} entry] [entry_inhabited : Inhabited.{1} entry] (quorum : Type)
      [quorum_dec_eq : DecidableEq.{1} quorum] [quorum_inhabited : Inhabited.{1} quorum] (nonce : Type)
      [nonce_dec_eq : DecidableEq.{1} nonce] [nonce_inhabited : Inhabited.{1} nonce] [vw : TotalOrderWithMinimum view]
      [ix : TotalOrderWithMinimum idx] (status_t : Type) [status_t_dec_eq : DecidableEq.{1} status_t]
      [status_t_inhabited : Inhabited.{1} status_t] [status_t_Enum : @status_t_EnumClass status_t]
      (χ : State.Label → Type)
      [χ_rep :
        ∀ __veil_f,
          Veil.FieldRepresentation (State.Label.toDomain replica view idx entry quorum nonce status_t __veil_f)
            (State.Label.toCodomain replica view idx entry quorum nonce status_t __veil_f) (χ __veil_f)]
      [χ_rep_lawful :
        ∀ __veil_f,
          Veil.LawfulFieldRepresentation (State.Label.toDomain replica view idx entry quorum nonce status_t __veil_f)
            (State.Label.toCodomain replica view idx entry quorum nonce status_t __veil_f) (χ __veil_f) (χ_rep __veil_f)]
      [σ_sub : IsSubStateOf (@State χ) σ] [ρ_sub : IsSubReaderOf (@Theory replica view idx entry quorum nonce status_t) ρ]
      [recv_get_state_dec_0 :
        delta%
          @RunCheck.recv_get_state._veil_dec_type_0 replica view idx χ status_t entry quorum nonce χ_rep status_t_Enum
            ix] :
      ∀ (r : replica) (q : replica) (v : view) (n : idx),
        Veil.VeilM.meetsSpecificationIfSuccessfulAssuming
          (@recv_get_state.ext ρ σ replica replica_dec_eq replica_inhabited view view_dec_eq view_inhabited idx idx_dec_eq
            idx_inhabited entry entry_dec_eq entry_inhabited quorum quorum_dec_eq quorum_inhabited nonce nonce_dec_eq
            nonce_inhabited vw ix status_t status_t_dec_eq status_t_inhabited status_t_Enum χ χ_rep χ_rep_lawful σ_sub
            ρ_sub recv_get_state_dec_0 r q v n)
          (@Assumptions ρ replica replica_dec_eq replica_inhabited view view_dec_eq view_inhabited idx idx_dec_eq
            idx_inhabited entry entry_dec_eq entry_inhabited quorum quorum_dec_eq quorum_inhabited nonce nonce_dec_eq
            nonce_inhabited vw ix status_t status_t_dec_eq status_t_inhabited status_t_Enum ρ_sub)
          (@Invariants ρ σ replica replica_dec_eq replica_inhabited view view_dec_eq view_inhabited idx idx_dec_eq
            idx_inhabited entry entry_dec_eq entry_inhabited quorum quorum_dec_eq quorum_inhabited nonce nonce_dec_eq
            nonce_inhabited vw ix status_t status_t_dec_eq status_t_inhabited status_t_Enum χ χ_rep χ_rep_lawful σ_sub
            ρ_sub)
          (@new_state_backed ρ σ replica replica_dec_eq replica_inhabited view view_dec_eq view_inhabited idx idx_dec_eq
            idx_inhabited entry entry_dec_eq entry_inhabited quorum quorum_dec_eq quorum_inhabited nonce nonce_dec_eq
            nonce_inhabited vw ix status_t status_t_dec_eq status_t_inhabited status_t_Enum χ χ_rep χ_rep_lawful σ_sub
            ρ_sub) :=
    by
    unveil
    sorry
  
  @[veil]
  theorem recv_get_state_rr_backed (ρ : Type) (σ : Type) (replica : Type) [replica_dec_eq : DecidableEq.{1} replica]
      [replica_inhabited : Inhabited.{1} replica] (view : Type) [view_dec_eq : DecidableEq.{1} view]
      [view_inhabited : Inhabited.{1} view] (idx : Type) [idx_dec_eq : DecidableEq.{1} idx]
      [idx_inhabited : Inhabited.{1} idx] (entry : Type) [entry_dec_eq : DecidableEq.{1} entry]
      [entry_inhabited : Inhabited.{1} entry] (quorum : Type) [quorum_dec_eq : DecidableEq.{1} quorum]
      [quorum_inhabited : Inhabited.{1} quorum] (nonce : Type) [nonce_dec_eq : DecidableEq.{1} nonce]
      [nonce_inhabited : Inhabited.{1} nonce] [vw : TotalOrderWithMinimum view] [ix : TotalOrderWithMinimum idx]
      (status_t : Type) [status_t_dec_eq : DecidableEq.{1} status_t] [status_t_inhabited : Inhabited.{1} status_t]
      [status_t_Enum : @status_t_EnumClass status_t] (χ : State.Label → Type)
      [χ_rep :
        ∀ __veil_f,
          Veil.FieldRepresentation (State.Label.toDomain replica view idx entry quorum nonce status_t __veil_f)
            (State.Label.toCodomain replica view idx entry quorum nonce status_t __veil_f) (χ __veil_f)]
      [χ_rep_lawful :
        ∀ __veil_f,
          Veil.LawfulFieldRepresentation (State.Label.toDomain replica view idx entry quorum nonce status_t __veil_f)
            (State.Label.toCodomain replica view idx entry quorum nonce status_t __veil_f) (χ __veil_f) (χ_rep __veil_f)]
      [σ_sub : IsSubStateOf (@State χ) σ] [ρ_sub : IsSubReaderOf (@Theory replica view idx entry quorum nonce status_t) ρ]
      [recv_get_state_dec_0 :
        delta%
          @RunCheck.recv_get_state._veil_dec_type_0 replica view idx χ status_t entry quorum nonce χ_rep status_t_Enum
            ix] :
      ∀ (r : replica) (q : replica) (v : view) (n : idx),
        Veil.VeilM.meetsSpecificationIfSuccessfulAssuming
          (@recv_get_state.ext ρ σ replica replica_dec_eq replica_inhabited view view_dec_eq view_inhabited idx idx_dec_eq
            idx_inhabited entry entry_dec_eq entry_inhabited quorum quorum_dec_eq quorum_inhabited nonce nonce_dec_eq
            nonce_inhabited vw ix status_t status_t_dec_eq status_t_inhabited status_t_Enum χ χ_rep χ_rep_lawful σ_sub
            ρ_sub recv_get_state_dec_0 r q v n)
          (@Assumptions ρ replica replica_dec_eq replica_inhabited view view_dec_eq view_inhabited idx idx_dec_eq
            idx_inhabited entry entry_dec_eq entry_inhabited quorum quorum_dec_eq quorum_inhabited nonce nonce_dec_eq
            nonce_inhabited vw ix status_t status_t_dec_eq status_t_inhabited status_t_Enum ρ_sub)
          (@Invariants ρ σ replica replica_dec_eq replica_inhabited view view_dec_eq view_inhabited idx idx_dec_eq
            idx_inhabited entry entry_dec_eq entry_inhabited quorum quorum_dec_eq quorum_inhabited nonce nonce_dec_eq
            nonce_inhabited vw ix status_t status_t_dec_eq status_t_inhabited status_t_Enum χ χ_rep χ_rep_lawful σ_sub
            ρ_sub)
          (@rr_backed ρ σ replica replica_dec_eq replica_inhabited view view_dec_eq view_inhabited idx idx_dec_eq
            idx_inhabited entry entry_dec_eq entry_inhabited quorum quorum_dec_eq quorum_inhabited nonce nonce_dec_eq
            nonce_inhabited vw ix status_t status_t_dec_eq status_t_inhabited status_t_Enum χ χ_rep χ_rep_lawful σ_sub
            ρ_sub) :=
    by
    unveil
    sorry
  
  @[veil]
  theorem recv_new_state_prefix_agreement (ρ : Type) (σ : Type) (replica : Type)
      [replica_dec_eq : DecidableEq.{1} replica] [replica_inhabited : Inhabited.{1} replica] (view : Type)
      [view_dec_eq : DecidableEq.{1} view] [view_inhabited : Inhabited.{1} view] (idx : Type)
      [idx_dec_eq : DecidableEq.{1} idx] [idx_inhabited : Inhabited.{1} idx] (entry : Type)
      [entry_dec_eq : DecidableEq.{1} entry] [entry_inhabited : Inhabited.{1} entry] (quorum : Type)
      [quorum_dec_eq : DecidableEq.{1} quorum] [quorum_inhabited : Inhabited.{1} quorum] (nonce : Type)
      [nonce_dec_eq : DecidableEq.{1} nonce] [nonce_inhabited : Inhabited.{1} nonce] [vw : TotalOrderWithMinimum view]
      [ix : TotalOrderWithMinimum idx] (status_t : Type) [status_t_dec_eq : DecidableEq.{1} status_t]
      [status_t_inhabited : Inhabited.{1} status_t] [status_t_Enum : @status_t_EnumClass status_t]
      (χ : State.Label → Type)
      [χ_rep :
        ∀ __veil_f,
          Veil.FieldRepresentation (State.Label.toDomain replica view idx entry quorum nonce status_t __veil_f)
            (State.Label.toCodomain replica view idx entry quorum nonce status_t __veil_f) (χ __veil_f)]
      [χ_rep_lawful :
        ∀ __veil_f,
          Veil.LawfulFieldRepresentation (State.Label.toDomain replica view idx entry quorum nonce status_t __veil_f)
            (State.Label.toCodomain replica view idx entry quorum nonce status_t __veil_f) (χ __veil_f) (χ_rep __veil_f)]
      [σ_sub : IsSubStateOf (@State χ) σ] [ρ_sub : IsSubReaderOf (@Theory replica view idx entry quorum nonce status_t) ρ]
      [recv_new_state_dec_0 :
        delta% @RunCheck.recv_new_state._veil_dec_type_0 replica idx χ ix view entry quorum nonce status_t χ_rep]
      [recv_new_state_dec_1 :
        delta% @RunCheck.recv_new_state._veil_dec_type_1 replica view idx χ entry quorum nonce status_t χ_rep ix]
      [commit_up_to_dec_0 :
        delta% @RunCheck.commit_up_to._veil_dec_type_0 replica idx χ ix view entry quorum nonce status_t χ_rep]
      [commit_up_to_dec_1 :
        delta% @RunCheck.commit_up_to._veil_dec_type_1 replica idx χ ix view entry quorum nonce status_t χ_rep]
      [install_log_dec_0 :
        delta% @RunCheck.install_log._veil_dec_type_0 replica idx χ ix view entry quorum nonce status_t χ_rep]
      [recv_new_state_dec_5 :
        delta% @RunCheck.recv_new_state._veil_dec_type_5 replica view idx χ entry quorum nonce status_t χ_rep ix] :
      ∀ (r : replica) (v : view) (a : idx) (b : idx) (k : idx),
        Veil.VeilM.meetsSpecificationIfSuccessfulAssuming
          (@recv_new_state.ext ρ σ replica replica_dec_eq replica_inhabited view view_dec_eq view_inhabited idx idx_dec_eq
            idx_inhabited entry entry_dec_eq entry_inhabited quorum quorum_dec_eq quorum_inhabited nonce nonce_dec_eq
            nonce_inhabited vw ix status_t status_t_dec_eq status_t_inhabited status_t_Enum χ χ_rep χ_rep_lawful σ_sub
            ρ_sub recv_new_state_dec_0 recv_new_state_dec_1 commit_up_to_dec_0 commit_up_to_dec_1 install_log_dec_0
            recv_new_state_dec_5 r v a b k)
          (@Assumptions ρ replica replica_dec_eq replica_inhabited view view_dec_eq view_inhabited idx idx_dec_eq
            idx_inhabited entry entry_dec_eq entry_inhabited quorum quorum_dec_eq quorum_inhabited nonce nonce_dec_eq
            nonce_inhabited vw ix status_t status_t_dec_eq status_t_inhabited status_t_Enum ρ_sub)
          (@Invariants ρ σ replica replica_dec_eq replica_inhabited view view_dec_eq view_inhabited idx idx_dec_eq
            idx_inhabited entry entry_dec_eq entry_inhabited quorum quorum_dec_eq quorum_inhabited nonce nonce_dec_eq
            nonce_inhabited vw ix status_t status_t_dec_eq status_t_inhabited status_t_Enum χ χ_rep χ_rep_lawful σ_sub
            ρ_sub)
          (@prefix_agreement ρ σ replica replica_dec_eq replica_inhabited view view_dec_eq view_inhabited idx idx_dec_eq
            idx_inhabited entry entry_dec_eq entry_inhabited quorum quorum_dec_eq quorum_inhabited nonce nonce_dec_eq
            nonce_inhabited vw ix status_t status_t_dec_eq status_t_inhabited status_t_Enum χ χ_rep χ_rep_lawful σ_sub
            ρ_sub) :=
    by
    unveil
    sorry
  
  @[veil]
  theorem recv_new_state_replica_backed (ρ : Type) (σ : Type) (replica : Type) [replica_dec_eq : DecidableEq.{1} replica]
      [replica_inhabited : Inhabited.{1} replica] (view : Type) [view_dec_eq : DecidableEq.{1} view]
      [view_inhabited : Inhabited.{1} view] (idx : Type) [idx_dec_eq : DecidableEq.{1} idx]
      [idx_inhabited : Inhabited.{1} idx] (entry : Type) [entry_dec_eq : DecidableEq.{1} entry]
      [entry_inhabited : Inhabited.{1} entry] (quorum : Type) [quorum_dec_eq : DecidableEq.{1} quorum]
      [quorum_inhabited : Inhabited.{1} quorum] (nonce : Type) [nonce_dec_eq : DecidableEq.{1} nonce]
      [nonce_inhabited : Inhabited.{1} nonce] [vw : TotalOrderWithMinimum view] [ix : TotalOrderWithMinimum idx]
      (status_t : Type) [status_t_dec_eq : DecidableEq.{1} status_t] [status_t_inhabited : Inhabited.{1} status_t]
      [status_t_Enum : @status_t_EnumClass status_t] (χ : State.Label → Type)
      [χ_rep :
        ∀ __veil_f,
          Veil.FieldRepresentation (State.Label.toDomain replica view idx entry quorum nonce status_t __veil_f)
            (State.Label.toCodomain replica view idx entry quorum nonce status_t __veil_f) (χ __veil_f)]
      [χ_rep_lawful :
        ∀ __veil_f,
          Veil.LawfulFieldRepresentation (State.Label.toDomain replica view idx entry quorum nonce status_t __veil_f)
            (State.Label.toCodomain replica view idx entry quorum nonce status_t __veil_f) (χ __veil_f) (χ_rep __veil_f)]
      [σ_sub : IsSubStateOf (@State χ) σ] [ρ_sub : IsSubReaderOf (@Theory replica view idx entry quorum nonce status_t) ρ]
      [recv_new_state_dec_0 :
        delta% @RunCheck.recv_new_state._veil_dec_type_0 replica idx χ ix view entry quorum nonce status_t χ_rep]
      [recv_new_state_dec_1 :
        delta% @RunCheck.recv_new_state._veil_dec_type_1 replica view idx χ entry quorum nonce status_t χ_rep ix]
      [commit_up_to_dec_0 :
        delta% @RunCheck.commit_up_to._veil_dec_type_0 replica idx χ ix view entry quorum nonce status_t χ_rep]
      [commit_up_to_dec_1 :
        delta% @RunCheck.commit_up_to._veil_dec_type_1 replica idx χ ix view entry quorum nonce status_t χ_rep]
      [install_log_dec_0 :
        delta% @RunCheck.install_log._veil_dec_type_0 replica idx χ ix view entry quorum nonce status_t χ_rep]
      [recv_new_state_dec_5 :
        delta% @RunCheck.recv_new_state._veil_dec_type_5 replica view idx χ entry quorum nonce status_t χ_rep ix] :
      ∀ (r : replica) (v : view) (a : idx) (b : idx) (k : idx),
        Veil.VeilM.meetsSpecificationIfSuccessfulAssuming
          (@recv_new_state.ext ρ σ replica replica_dec_eq replica_inhabited view view_dec_eq view_inhabited idx idx_dec_eq
            idx_inhabited entry entry_dec_eq entry_inhabited quorum quorum_dec_eq quorum_inhabited nonce nonce_dec_eq
            nonce_inhabited vw ix status_t status_t_dec_eq status_t_inhabited status_t_Enum χ χ_rep χ_rep_lawful σ_sub
            ρ_sub recv_new_state_dec_0 recv_new_state_dec_1 commit_up_to_dec_0 commit_up_to_dec_1 install_log_dec_0
            recv_new_state_dec_5 r v a b k)
          (@Assumptions ρ replica replica_dec_eq replica_inhabited view view_dec_eq view_inhabited idx idx_dec_eq
            idx_inhabited entry entry_dec_eq entry_inhabited quorum quorum_dec_eq quorum_inhabited nonce nonce_dec_eq
            nonce_inhabited vw ix status_t status_t_dec_eq status_t_inhabited status_t_Enum ρ_sub)
          (@Invariants ρ σ replica replica_dec_eq replica_inhabited view view_dec_eq view_inhabited idx idx_dec_eq
            idx_inhabited entry entry_dec_eq entry_inhabited quorum quorum_dec_eq quorum_inhabited nonce nonce_dec_eq
            nonce_inhabited vw ix status_t status_t_dec_eq status_t_inhabited status_t_Enum χ χ_rep χ_rep_lawful σ_sub
            ρ_sub)
          (@replica_backed ρ σ replica replica_dec_eq replica_inhabited view view_dec_eq view_inhabited idx idx_dec_eq
            idx_inhabited entry entry_dec_eq entry_inhabited quorum quorum_dec_eq quorum_inhabited nonce nonce_dec_eq
            nonce_inhabited vw ix status_t status_t_dec_eq status_t_inhabited status_t_Enum χ χ_rep χ_rep_lawful σ_sub
            ρ_sub) :=
    by
    unveil
    sorry
  
  @[veil]
  theorem recv_new_state_prepare_backed (ρ : Type) (σ : Type) (replica : Type) [replica_dec_eq : DecidableEq.{1} replica]
      [replica_inhabited : Inhabited.{1} replica] (view : Type) [view_dec_eq : DecidableEq.{1} view]
      [view_inhabited : Inhabited.{1} view] (idx : Type) [idx_dec_eq : DecidableEq.{1} idx]
      [idx_inhabited : Inhabited.{1} idx] (entry : Type) [entry_dec_eq : DecidableEq.{1} entry]
      [entry_inhabited : Inhabited.{1} entry] (quorum : Type) [quorum_dec_eq : DecidableEq.{1} quorum]
      [quorum_inhabited : Inhabited.{1} quorum] (nonce : Type) [nonce_dec_eq : DecidableEq.{1} nonce]
      [nonce_inhabited : Inhabited.{1} nonce] [vw : TotalOrderWithMinimum view] [ix : TotalOrderWithMinimum idx]
      (status_t : Type) [status_t_dec_eq : DecidableEq.{1} status_t] [status_t_inhabited : Inhabited.{1} status_t]
      [status_t_Enum : @status_t_EnumClass status_t] (χ : State.Label → Type)
      [χ_rep :
        ∀ __veil_f,
          Veil.FieldRepresentation (State.Label.toDomain replica view idx entry quorum nonce status_t __veil_f)
            (State.Label.toCodomain replica view idx entry quorum nonce status_t __veil_f) (χ __veil_f)]
      [χ_rep_lawful :
        ∀ __veil_f,
          Veil.LawfulFieldRepresentation (State.Label.toDomain replica view idx entry quorum nonce status_t __veil_f)
            (State.Label.toCodomain replica view idx entry quorum nonce status_t __veil_f) (χ __veil_f) (χ_rep __veil_f)]
      [σ_sub : IsSubStateOf (@State χ) σ] [ρ_sub : IsSubReaderOf (@Theory replica view idx entry quorum nonce status_t) ρ]
      [recv_new_state_dec_0 :
        delta% @RunCheck.recv_new_state._veil_dec_type_0 replica idx χ ix view entry quorum nonce status_t χ_rep]
      [recv_new_state_dec_1 :
        delta% @RunCheck.recv_new_state._veil_dec_type_1 replica view idx χ entry quorum nonce status_t χ_rep ix]
      [commit_up_to_dec_0 :
        delta% @RunCheck.commit_up_to._veil_dec_type_0 replica idx χ ix view entry quorum nonce status_t χ_rep]
      [commit_up_to_dec_1 :
        delta% @RunCheck.commit_up_to._veil_dec_type_1 replica idx χ ix view entry quorum nonce status_t χ_rep]
      [install_log_dec_0 :
        delta% @RunCheck.install_log._veil_dec_type_0 replica idx χ ix view entry quorum nonce status_t χ_rep]
      [recv_new_state_dec_5 :
        delta% @RunCheck.recv_new_state._veil_dec_type_5 replica view idx χ entry quorum nonce status_t χ_rep ix] :
      ∀ (r : replica) (v : view) (a : idx) (b : idx) (k : idx),
        Veil.VeilM.meetsSpecificationIfSuccessfulAssuming
          (@recv_new_state.ext ρ σ replica replica_dec_eq replica_inhabited view view_dec_eq view_inhabited idx idx_dec_eq
            idx_inhabited entry entry_dec_eq entry_inhabited quorum quorum_dec_eq quorum_inhabited nonce nonce_dec_eq
            nonce_inhabited vw ix status_t status_t_dec_eq status_t_inhabited status_t_Enum χ χ_rep χ_rep_lawful σ_sub
            ρ_sub recv_new_state_dec_0 recv_new_state_dec_1 commit_up_to_dec_0 commit_up_to_dec_1 install_log_dec_0
            recv_new_state_dec_5 r v a b k)
          (@Assumptions ρ replica replica_dec_eq replica_inhabited view view_dec_eq view_inhabited idx idx_dec_eq
            idx_inhabited entry entry_dec_eq entry_inhabited quorum quorum_dec_eq quorum_inhabited nonce nonce_dec_eq
            nonce_inhabited vw ix status_t status_t_dec_eq status_t_inhabited status_t_Enum ρ_sub)
          (@Invariants ρ σ replica replica_dec_eq replica_inhabited view view_dec_eq view_inhabited idx idx_dec_eq
            idx_inhabited entry entry_dec_eq entry_inhabited quorum quorum_dec_eq quorum_inhabited nonce nonce_dec_eq
            nonce_inhabited vw ix status_t status_t_dec_eq status_t_inhabited status_t_Enum χ χ_rep χ_rep_lawful σ_sub
            ρ_sub)
          (@prepare_backed ρ σ replica replica_dec_eq replica_inhabited view view_dec_eq view_inhabited idx idx_dec_eq
            idx_inhabited entry entry_dec_eq entry_inhabited quorum quorum_dec_eq quorum_inhabited nonce nonce_dec_eq
            nonce_inhabited vw ix status_t status_t_dec_eq status_t_inhabited status_t_Enum χ χ_rep χ_rep_lawful σ_sub
            ρ_sub) :=
    by
    unveil
    sorry
  
  @[veil]
  theorem recv_new_state_commit_backed (ρ : Type) (σ : Type) (replica : Type) [replica_dec_eq : DecidableEq.{1} replica]
      [replica_inhabited : Inhabited.{1} replica] (view : Type) [view_dec_eq : DecidableEq.{1} view]
      [view_inhabited : Inhabited.{1} view] (idx : Type) [idx_dec_eq : DecidableEq.{1} idx]
      [idx_inhabited : Inhabited.{1} idx] (entry : Type) [entry_dec_eq : DecidableEq.{1} entry]
      [entry_inhabited : Inhabited.{1} entry] (quorum : Type) [quorum_dec_eq : DecidableEq.{1} quorum]
      [quorum_inhabited : Inhabited.{1} quorum] (nonce : Type) [nonce_dec_eq : DecidableEq.{1} nonce]
      [nonce_inhabited : Inhabited.{1} nonce] [vw : TotalOrderWithMinimum view] [ix : TotalOrderWithMinimum idx]
      (status_t : Type) [status_t_dec_eq : DecidableEq.{1} status_t] [status_t_inhabited : Inhabited.{1} status_t]
      [status_t_Enum : @status_t_EnumClass status_t] (χ : State.Label → Type)
      [χ_rep :
        ∀ __veil_f,
          Veil.FieldRepresentation (State.Label.toDomain replica view idx entry quorum nonce status_t __veil_f)
            (State.Label.toCodomain replica view idx entry quorum nonce status_t __veil_f) (χ __veil_f)]
      [χ_rep_lawful :
        ∀ __veil_f,
          Veil.LawfulFieldRepresentation (State.Label.toDomain replica view idx entry quorum nonce status_t __veil_f)
            (State.Label.toCodomain replica view idx entry quorum nonce status_t __veil_f) (χ __veil_f) (χ_rep __veil_f)]
      [σ_sub : IsSubStateOf (@State χ) σ] [ρ_sub : IsSubReaderOf (@Theory replica view idx entry quorum nonce status_t) ρ]
      [recv_new_state_dec_0 :
        delta% @RunCheck.recv_new_state._veil_dec_type_0 replica idx χ ix view entry quorum nonce status_t χ_rep]
      [recv_new_state_dec_1 :
        delta% @RunCheck.recv_new_state._veil_dec_type_1 replica view idx χ entry quorum nonce status_t χ_rep ix]
      [commit_up_to_dec_0 :
        delta% @RunCheck.commit_up_to._veil_dec_type_0 replica idx χ ix view entry quorum nonce status_t χ_rep]
      [commit_up_to_dec_1 :
        delta% @RunCheck.commit_up_to._veil_dec_type_1 replica idx χ ix view entry quorum nonce status_t χ_rep]
      [install_log_dec_0 :
        delta% @RunCheck.install_log._veil_dec_type_0 replica idx χ ix view entry quorum nonce status_t χ_rep]
      [recv_new_state_dec_5 :
        delta% @RunCheck.recv_new_state._veil_dec_type_5 replica view idx χ entry quorum nonce status_t χ_rep ix] :
      ∀ (r : replica) (v : view) (a : idx) (b : idx) (k : idx),
        Veil.VeilM.meetsSpecificationIfSuccessfulAssuming
          (@recv_new_state.ext ρ σ replica replica_dec_eq replica_inhabited view view_dec_eq view_inhabited idx idx_dec_eq
            idx_inhabited entry entry_dec_eq entry_inhabited quorum quorum_dec_eq quorum_inhabited nonce nonce_dec_eq
            nonce_inhabited vw ix status_t status_t_dec_eq status_t_inhabited status_t_Enum χ χ_rep χ_rep_lawful σ_sub
            ρ_sub recv_new_state_dec_0 recv_new_state_dec_1 commit_up_to_dec_0 commit_up_to_dec_1 install_log_dec_0
            recv_new_state_dec_5 r v a b k)
          (@Assumptions ρ replica replica_dec_eq replica_inhabited view view_dec_eq view_inhabited idx idx_dec_eq
            idx_inhabited entry entry_dec_eq entry_inhabited quorum quorum_dec_eq quorum_inhabited nonce nonce_dec_eq
            nonce_inhabited vw ix status_t status_t_dec_eq status_t_inhabited status_t_Enum ρ_sub)
          (@Invariants ρ σ replica replica_dec_eq replica_inhabited view view_dec_eq view_inhabited idx idx_dec_eq
            idx_inhabited entry entry_dec_eq entry_inhabited quorum quorum_dec_eq quorum_inhabited nonce nonce_dec_eq
            nonce_inhabited vw ix status_t status_t_dec_eq status_t_inhabited status_t_Enum χ χ_rep χ_rep_lawful σ_sub
            ρ_sub)
          (@commit_backed ρ σ replica replica_dec_eq replica_inhabited view view_dec_eq view_inhabited idx idx_dec_eq
            idx_inhabited entry entry_dec_eq entry_inhabited quorum quorum_dec_eq quorum_inhabited nonce nonce_dec_eq
            nonce_inhabited vw ix status_t status_t_dec_eq status_t_inhabited status_t_Enum χ χ_rep χ_rep_lawful σ_sub
            ρ_sub) :=
    by
    unveil
    sorry
  
  @[veil]
  theorem recv_new_state_new_state_backed (ρ : Type) (σ : Type) (replica : Type)
      [replica_dec_eq : DecidableEq.{1} replica] [replica_inhabited : Inhabited.{1} replica] (view : Type)
      [view_dec_eq : DecidableEq.{1} view] [view_inhabited : Inhabited.{1} view] (idx : Type)
      [idx_dec_eq : DecidableEq.{1} idx] [idx_inhabited : Inhabited.{1} idx] (entry : Type)
      [entry_dec_eq : DecidableEq.{1} entry] [entry_inhabited : Inhabited.{1} entry] (quorum : Type)
      [quorum_dec_eq : DecidableEq.{1} quorum] [quorum_inhabited : Inhabited.{1} quorum] (nonce : Type)
      [nonce_dec_eq : DecidableEq.{1} nonce] [nonce_inhabited : Inhabited.{1} nonce] [vw : TotalOrderWithMinimum view]
      [ix : TotalOrderWithMinimum idx] (status_t : Type) [status_t_dec_eq : DecidableEq.{1} status_t]
      [status_t_inhabited : Inhabited.{1} status_t] [status_t_Enum : @status_t_EnumClass status_t]
      (χ : State.Label → Type)
      [χ_rep :
        ∀ __veil_f,
          Veil.FieldRepresentation (State.Label.toDomain replica view idx entry quorum nonce status_t __veil_f)
            (State.Label.toCodomain replica view idx entry quorum nonce status_t __veil_f) (χ __veil_f)]
      [χ_rep_lawful :
        ∀ __veil_f,
          Veil.LawfulFieldRepresentation (State.Label.toDomain replica view idx entry quorum nonce status_t __veil_f)
            (State.Label.toCodomain replica view idx entry quorum nonce status_t __veil_f) (χ __veil_f) (χ_rep __veil_f)]
      [σ_sub : IsSubStateOf (@State χ) σ] [ρ_sub : IsSubReaderOf (@Theory replica view idx entry quorum nonce status_t) ρ]
      [recv_new_state_dec_0 :
        delta% @RunCheck.recv_new_state._veil_dec_type_0 replica idx χ ix view entry quorum nonce status_t χ_rep]
      [recv_new_state_dec_1 :
        delta% @RunCheck.recv_new_state._veil_dec_type_1 replica view idx χ entry quorum nonce status_t χ_rep ix]
      [commit_up_to_dec_0 :
        delta% @RunCheck.commit_up_to._veil_dec_type_0 replica idx χ ix view entry quorum nonce status_t χ_rep]
      [commit_up_to_dec_1 :
        delta% @RunCheck.commit_up_to._veil_dec_type_1 replica idx χ ix view entry quorum nonce status_t χ_rep]
      [install_log_dec_0 :
        delta% @RunCheck.install_log._veil_dec_type_0 replica idx χ ix view entry quorum nonce status_t χ_rep]
      [recv_new_state_dec_5 :
        delta% @RunCheck.recv_new_state._veil_dec_type_5 replica view idx χ entry quorum nonce status_t χ_rep ix] :
      ∀ (r : replica) (v : view) (a : idx) (b : idx) (k : idx),
        Veil.VeilM.meetsSpecificationIfSuccessfulAssuming
          (@recv_new_state.ext ρ σ replica replica_dec_eq replica_inhabited view view_dec_eq view_inhabited idx idx_dec_eq
            idx_inhabited entry entry_dec_eq entry_inhabited quorum quorum_dec_eq quorum_inhabited nonce nonce_dec_eq
            nonce_inhabited vw ix status_t status_t_dec_eq status_t_inhabited status_t_Enum χ χ_rep χ_rep_lawful σ_sub
            ρ_sub recv_new_state_dec_0 recv_new_state_dec_1 commit_up_to_dec_0 commit_up_to_dec_1 install_log_dec_0
            recv_new_state_dec_5 r v a b k)
          (@Assumptions ρ replica replica_dec_eq replica_inhabited view view_dec_eq view_inhabited idx idx_dec_eq
            idx_inhabited entry entry_dec_eq entry_inhabited quorum quorum_dec_eq quorum_inhabited nonce nonce_dec_eq
            nonce_inhabited vw ix status_t status_t_dec_eq status_t_inhabited status_t_Enum ρ_sub)
          (@Invariants ρ σ replica replica_dec_eq replica_inhabited view view_dec_eq view_inhabited idx idx_dec_eq
            idx_inhabited entry entry_dec_eq entry_inhabited quorum quorum_dec_eq quorum_inhabited nonce nonce_dec_eq
            nonce_inhabited vw ix status_t status_t_dec_eq status_t_inhabited status_t_Enum χ χ_rep χ_rep_lawful σ_sub
            ρ_sub)
          (@new_state_backed ρ σ replica replica_dec_eq replica_inhabited view view_dec_eq view_inhabited idx idx_dec_eq
            idx_inhabited entry entry_dec_eq entry_inhabited quorum quorum_dec_eq quorum_inhabited nonce nonce_dec_eq
            nonce_inhabited vw ix status_t status_t_dec_eq status_t_inhabited status_t_Enum χ χ_rep χ_rep_lawful σ_sub
            ρ_sub) :=
    by
    unveil
    sorry
  
  @[veil]
  theorem recv_new_state_start_view_backed (ρ : Type) (σ : Type) (replica : Type)
      [replica_dec_eq : DecidableEq.{1} replica] [replica_inhabited : Inhabited.{1} replica] (view : Type)
      [view_dec_eq : DecidableEq.{1} view] [view_inhabited : Inhabited.{1} view] (idx : Type)
      [idx_dec_eq : DecidableEq.{1} idx] [idx_inhabited : Inhabited.{1} idx] (entry : Type)
      [entry_dec_eq : DecidableEq.{1} entry] [entry_inhabited : Inhabited.{1} entry] (quorum : Type)
      [quorum_dec_eq : DecidableEq.{1} quorum] [quorum_inhabited : Inhabited.{1} quorum] (nonce : Type)
      [nonce_dec_eq : DecidableEq.{1} nonce] [nonce_inhabited : Inhabited.{1} nonce] [vw : TotalOrderWithMinimum view]
      [ix : TotalOrderWithMinimum idx] (status_t : Type) [status_t_dec_eq : DecidableEq.{1} status_t]
      [status_t_inhabited : Inhabited.{1} status_t] [status_t_Enum : @status_t_EnumClass status_t]
      (χ : State.Label → Type)
      [χ_rep :
        ∀ __veil_f,
          Veil.FieldRepresentation (State.Label.toDomain replica view idx entry quorum nonce status_t __veil_f)
            (State.Label.toCodomain replica view idx entry quorum nonce status_t __veil_f) (χ __veil_f)]
      [χ_rep_lawful :
        ∀ __veil_f,
          Veil.LawfulFieldRepresentation (State.Label.toDomain replica view idx entry quorum nonce status_t __veil_f)
            (State.Label.toCodomain replica view idx entry quorum nonce status_t __veil_f) (χ __veil_f) (χ_rep __veil_f)]
      [σ_sub : IsSubStateOf (@State χ) σ] [ρ_sub : IsSubReaderOf (@Theory replica view idx entry quorum nonce status_t) ρ]
      [recv_new_state_dec_0 :
        delta% @RunCheck.recv_new_state._veil_dec_type_0 replica idx χ ix view entry quorum nonce status_t χ_rep]
      [recv_new_state_dec_1 :
        delta% @RunCheck.recv_new_state._veil_dec_type_1 replica view idx χ entry quorum nonce status_t χ_rep ix]
      [commit_up_to_dec_0 :
        delta% @RunCheck.commit_up_to._veil_dec_type_0 replica idx χ ix view entry quorum nonce status_t χ_rep]
      [commit_up_to_dec_1 :
        delta% @RunCheck.commit_up_to._veil_dec_type_1 replica idx χ ix view entry quorum nonce status_t χ_rep]
      [install_log_dec_0 :
        delta% @RunCheck.install_log._veil_dec_type_0 replica idx χ ix view entry quorum nonce status_t χ_rep]
      [recv_new_state_dec_5 :
        delta% @RunCheck.recv_new_state._veil_dec_type_5 replica view idx χ entry quorum nonce status_t χ_rep ix] :
      ∀ (r : replica) (v : view) (a : idx) (b : idx) (k : idx),
        Veil.VeilM.meetsSpecificationIfSuccessfulAssuming
          (@recv_new_state.ext ρ σ replica replica_dec_eq replica_inhabited view view_dec_eq view_inhabited idx idx_dec_eq
            idx_inhabited entry entry_dec_eq entry_inhabited quorum quorum_dec_eq quorum_inhabited nonce nonce_dec_eq
            nonce_inhabited vw ix status_t status_t_dec_eq status_t_inhabited status_t_Enum χ χ_rep χ_rep_lawful σ_sub
            ρ_sub recv_new_state_dec_0 recv_new_state_dec_1 commit_up_to_dec_0 commit_up_to_dec_1 install_log_dec_0
            recv_new_state_dec_5 r v a b k)
          (@Assumptions ρ replica replica_dec_eq replica_inhabited view view_dec_eq view_inhabited idx idx_dec_eq
            idx_inhabited entry entry_dec_eq entry_inhabited quorum quorum_dec_eq quorum_inhabited nonce nonce_dec_eq
            nonce_inhabited vw ix status_t status_t_dec_eq status_t_inhabited status_t_Enum ρ_sub)
          (@Invariants ρ σ replica replica_dec_eq replica_inhabited view view_dec_eq view_inhabited idx idx_dec_eq
            idx_inhabited entry entry_dec_eq entry_inhabited quorum quorum_dec_eq quorum_inhabited nonce nonce_dec_eq
            nonce_inhabited vw ix status_t status_t_dec_eq status_t_inhabited status_t_Enum χ χ_rep χ_rep_lawful σ_sub
            ρ_sub)
          (@start_view_backed ρ σ replica replica_dec_eq replica_inhabited view view_dec_eq view_inhabited idx idx_dec_eq
            idx_inhabited entry entry_dec_eq entry_inhabited quorum quorum_dec_eq quorum_inhabited nonce nonce_dec_eq
            nonce_inhabited vw ix status_t status_t_dec_eq status_t_inhabited status_t_Enum χ χ_rep χ_rep_lawful σ_sub
            ρ_sub) :=
    by
    unveil
    sorry
  
  @[veil]
  theorem recv_new_state_dvc_backed (ρ : Type) (σ : Type) (replica : Type) [replica_dec_eq : DecidableEq.{1} replica]
      [replica_inhabited : Inhabited.{1} replica] (view : Type) [view_dec_eq : DecidableEq.{1} view]
      [view_inhabited : Inhabited.{1} view] (idx : Type) [idx_dec_eq : DecidableEq.{1} idx]
      [idx_inhabited : Inhabited.{1} idx] (entry : Type) [entry_dec_eq : DecidableEq.{1} entry]
      [entry_inhabited : Inhabited.{1} entry] (quorum : Type) [quorum_dec_eq : DecidableEq.{1} quorum]
      [quorum_inhabited : Inhabited.{1} quorum] (nonce : Type) [nonce_dec_eq : DecidableEq.{1} nonce]
      [nonce_inhabited : Inhabited.{1} nonce] [vw : TotalOrderWithMinimum view] [ix : TotalOrderWithMinimum idx]
      (status_t : Type) [status_t_dec_eq : DecidableEq.{1} status_t] [status_t_inhabited : Inhabited.{1} status_t]
      [status_t_Enum : @status_t_EnumClass status_t] (χ : State.Label → Type)
      [χ_rep :
        ∀ __veil_f,
          Veil.FieldRepresentation (State.Label.toDomain replica view idx entry quorum nonce status_t __veil_f)
            (State.Label.toCodomain replica view idx entry quorum nonce status_t __veil_f) (χ __veil_f)]
      [χ_rep_lawful :
        ∀ __veil_f,
          Veil.LawfulFieldRepresentation (State.Label.toDomain replica view idx entry quorum nonce status_t __veil_f)
            (State.Label.toCodomain replica view idx entry quorum nonce status_t __veil_f) (χ __veil_f) (χ_rep __veil_f)]
      [σ_sub : IsSubStateOf (@State χ) σ] [ρ_sub : IsSubReaderOf (@Theory replica view idx entry quorum nonce status_t) ρ]
      [recv_new_state_dec_0 :
        delta% @RunCheck.recv_new_state._veil_dec_type_0 replica idx χ ix view entry quorum nonce status_t χ_rep]
      [recv_new_state_dec_1 :
        delta% @RunCheck.recv_new_state._veil_dec_type_1 replica view idx χ entry quorum nonce status_t χ_rep ix]
      [commit_up_to_dec_0 :
        delta% @RunCheck.commit_up_to._veil_dec_type_0 replica idx χ ix view entry quorum nonce status_t χ_rep]
      [commit_up_to_dec_1 :
        delta% @RunCheck.commit_up_to._veil_dec_type_1 replica idx χ ix view entry quorum nonce status_t χ_rep]
      [install_log_dec_0 :
        delta% @RunCheck.install_log._veil_dec_type_0 replica idx χ ix view entry quorum nonce status_t χ_rep]
      [recv_new_state_dec_5 :
        delta% @RunCheck.recv_new_state._veil_dec_type_5 replica view idx χ entry quorum nonce status_t χ_rep ix] :
      ∀ (r : replica) (v : view) (a : idx) (b : idx) (k : idx),
        Veil.VeilM.meetsSpecificationIfSuccessfulAssuming
          (@recv_new_state.ext ρ σ replica replica_dec_eq replica_inhabited view view_dec_eq view_inhabited idx idx_dec_eq
            idx_inhabited entry entry_dec_eq entry_inhabited quorum quorum_dec_eq quorum_inhabited nonce nonce_dec_eq
            nonce_inhabited vw ix status_t status_t_dec_eq status_t_inhabited status_t_Enum χ χ_rep χ_rep_lawful σ_sub
            ρ_sub recv_new_state_dec_0 recv_new_state_dec_1 commit_up_to_dec_0 commit_up_to_dec_1 install_log_dec_0
            recv_new_state_dec_5 r v a b k)
          (@Assumptions ρ replica replica_dec_eq replica_inhabited view view_dec_eq view_inhabited idx idx_dec_eq
            idx_inhabited entry entry_dec_eq entry_inhabited quorum quorum_dec_eq quorum_inhabited nonce nonce_dec_eq
            nonce_inhabited vw ix status_t status_t_dec_eq status_t_inhabited status_t_Enum ρ_sub)
          (@Invariants ρ σ replica replica_dec_eq replica_inhabited view view_dec_eq view_inhabited idx idx_dec_eq
            idx_inhabited entry entry_dec_eq entry_inhabited quorum quorum_dec_eq quorum_inhabited nonce nonce_dec_eq
            nonce_inhabited vw ix status_t status_t_dec_eq status_t_inhabited status_t_Enum χ χ_rep χ_rep_lawful σ_sub
            ρ_sub)
          (@dvc_backed ρ σ replica replica_dec_eq replica_inhabited view view_dec_eq view_inhabited idx idx_dec_eq
            idx_inhabited entry entry_dec_eq entry_inhabited quorum quorum_dec_eq quorum_inhabited nonce nonce_dec_eq
            nonce_inhabited vw ix status_t status_t_dec_eq status_t_inhabited status_t_Enum χ χ_rep χ_rep_lawful σ_sub
            ρ_sub) :=
    by
    unveil
    sorry
  
  @[veil]
  theorem recv_new_state_rr_backed (ρ : Type) (σ : Type) (replica : Type) [replica_dec_eq : DecidableEq.{1} replica]
      [replica_inhabited : Inhabited.{1} replica] (view : Type) [view_dec_eq : DecidableEq.{1} view]
      [view_inhabited : Inhabited.{1} view] (idx : Type) [idx_dec_eq : DecidableEq.{1} idx]
      [idx_inhabited : Inhabited.{1} idx] (entry : Type) [entry_dec_eq : DecidableEq.{1} entry]
      [entry_inhabited : Inhabited.{1} entry] (quorum : Type) [quorum_dec_eq : DecidableEq.{1} quorum]
      [quorum_inhabited : Inhabited.{1} quorum] (nonce : Type) [nonce_dec_eq : DecidableEq.{1} nonce]
      [nonce_inhabited : Inhabited.{1} nonce] [vw : TotalOrderWithMinimum view] [ix : TotalOrderWithMinimum idx]
      (status_t : Type) [status_t_dec_eq : DecidableEq.{1} status_t] [status_t_inhabited : Inhabited.{1} status_t]
      [status_t_Enum : @status_t_EnumClass status_t] (χ : State.Label → Type)
      [χ_rep :
        ∀ __veil_f,
          Veil.FieldRepresentation (State.Label.toDomain replica view idx entry quorum nonce status_t __veil_f)
            (State.Label.toCodomain replica view idx entry quorum nonce status_t __veil_f) (χ __veil_f)]
      [χ_rep_lawful :
        ∀ __veil_f,
          Veil.LawfulFieldRepresentation (State.Label.toDomain replica view idx entry quorum nonce status_t __veil_f)
            (State.Label.toCodomain replica view idx entry quorum nonce status_t __veil_f) (χ __veil_f) (χ_rep __veil_f)]
      [σ_sub : IsSubStateOf (@State χ) σ] [ρ_sub : IsSubReaderOf (@Theory replica view idx entry quorum nonce status_t) ρ]
      [recv_new_state_dec_0 :
        delta% @RunCheck.recv_new_state._veil_dec_type_0 replica idx χ ix view entry quorum nonce status_t χ_rep]
      [recv_new_state_dec_1 :
        delta% @RunCheck.recv_new_state._veil_dec_type_1 replica view idx χ entry quorum nonce status_t χ_rep ix]
      [commit_up_to_dec_0 :
        delta% @RunCheck.commit_up_to._veil_dec_type_0 replica idx χ ix view entry quorum nonce status_t χ_rep]
      [commit_up_to_dec_1 :
        delta% @RunCheck.commit_up_to._veil_dec_type_1 replica idx χ ix view entry quorum nonce status_t χ_rep]
      [install_log_dec_0 :
        delta% @RunCheck.install_log._veil_dec_type_0 replica idx χ ix view entry quorum nonce status_t χ_rep]
      [recv_new_state_dec_5 :
        delta% @RunCheck.recv_new_state._veil_dec_type_5 replica view idx χ entry quorum nonce status_t χ_rep ix] :
      ∀ (r : replica) (v : view) (a : idx) (b : idx) (k : idx),
        Veil.VeilM.meetsSpecificationIfSuccessfulAssuming
          (@recv_new_state.ext ρ σ replica replica_dec_eq replica_inhabited view view_dec_eq view_inhabited idx idx_dec_eq
            idx_inhabited entry entry_dec_eq entry_inhabited quorum quorum_dec_eq quorum_inhabited nonce nonce_dec_eq
            nonce_inhabited vw ix status_t status_t_dec_eq status_t_inhabited status_t_Enum χ χ_rep χ_rep_lawful σ_sub
            ρ_sub recv_new_state_dec_0 recv_new_state_dec_1 commit_up_to_dec_0 commit_up_to_dec_1 install_log_dec_0
            recv_new_state_dec_5 r v a b k)
          (@Assumptions ρ replica replica_dec_eq replica_inhabited view view_dec_eq view_inhabited idx idx_dec_eq
            idx_inhabited entry entry_dec_eq entry_inhabited quorum quorum_dec_eq quorum_inhabited nonce nonce_dec_eq
            nonce_inhabited vw ix status_t status_t_dec_eq status_t_inhabited status_t_Enum ρ_sub)
          (@Invariants ρ σ replica replica_dec_eq replica_inhabited view view_dec_eq view_inhabited idx idx_dec_eq
            idx_inhabited entry entry_dec_eq entry_inhabited quorum quorum_dec_eq quorum_inhabited nonce nonce_dec_eq
            nonce_inhabited vw ix status_t status_t_dec_eq status_t_inhabited status_t_Enum χ χ_rep χ_rep_lawful σ_sub
            ρ_sub)
          (@rr_backed ρ σ replica replica_dec_eq replica_inhabited view view_dec_eq view_inhabited idx idx_dec_eq
            idx_inhabited entry entry_dec_eq entry_inhabited quorum quorum_dec_eq quorum_inhabited nonce nonce_dec_eq
            nonce_inhabited vw ix status_t status_t_dec_eq status_t_inhabited status_t_Enum χ χ_rep χ_rep_lawful σ_sub
            ρ_sub) :=
    by
    unveil
    sorry
  
  @[veil]
  theorem recv_start_view_change_replica_backed (ρ : Type) (σ : Type) (replica : Type)
      [replica_dec_eq : DecidableEq.{1} replica] [replica_inhabited : Inhabited.{1} replica] (view : Type)
      [view_dec_eq : DecidableEq.{1} view] [view_inhabited : Inhabited.{1} view] (idx : Type)
      [idx_dec_eq : DecidableEq.{1} idx] [idx_inhabited : Inhabited.{1} idx] (entry : Type)
      [entry_dec_eq : DecidableEq.{1} entry] [entry_inhabited : Inhabited.{1} entry] (quorum : Type)
      [quorum_dec_eq : DecidableEq.{1} quorum] [quorum_inhabited : Inhabited.{1} quorum] (nonce : Type)
      [nonce_dec_eq : DecidableEq.{1} nonce] [nonce_inhabited : Inhabited.{1} nonce] [vw : TotalOrderWithMinimum view]
      [ix : TotalOrderWithMinimum idx] (status_t : Type) [status_t_dec_eq : DecidableEq.{1} status_t]
      [status_t_inhabited : Inhabited.{1} status_t] [status_t_Enum : @status_t_EnumClass status_t]
      (χ : State.Label → Type)
      [χ_rep :
        ∀ __veil_f,
          Veil.FieldRepresentation (State.Label.toDomain replica view idx entry quorum nonce status_t __veil_f)
            (State.Label.toCodomain replica view idx entry quorum nonce status_t __veil_f) (χ __veil_f)]
      [χ_rep_lawful :
        ∀ __veil_f,
          Veil.LawfulFieldRepresentation (State.Label.toDomain replica view idx entry quorum nonce status_t __veil_f)
            (State.Label.toCodomain replica view idx entry quorum nonce status_t __veil_f) (χ __veil_f) (χ_rep __veil_f)]
      [σ_sub : IsSubStateOf (@State χ) σ] [ρ_sub : IsSubReaderOf (@Theory replica view idx entry quorum nonce status_t) ρ]
      [recv_prepare_dec_0 :
        delta% @RunCheck.recv_prepare._veil_dec_type_0 replica view χ vw idx entry quorum nonce status_t χ_rep]
      [recv_prepare_dec_1 :
        delta% @RunCheck.recv_prepare._veil_dec_type_1 replica view χ vw idx entry quorum nonce status_t χ_rep] :
      ∀ (r : replica) (v : view) (q : replica),
        Veil.VeilM.meetsSpecificationIfSuccessfulAssuming
          (@recv_start_view_change.ext ρ σ replica replica_dec_eq replica_inhabited view view_dec_eq view_inhabited idx
            idx_dec_eq idx_inhabited entry entry_dec_eq entry_inhabited quorum quorum_dec_eq quorum_inhabited nonce
            nonce_dec_eq nonce_inhabited vw ix status_t status_t_dec_eq status_t_inhabited status_t_Enum χ χ_rep
            χ_rep_lawful σ_sub ρ_sub recv_prepare_dec_0 recv_prepare_dec_1 r v q)
          (@Assumptions ρ replica replica_dec_eq replica_inhabited view view_dec_eq view_inhabited idx idx_dec_eq
            idx_inhabited entry entry_dec_eq entry_inhabited quorum quorum_dec_eq quorum_inhabited nonce nonce_dec_eq
            nonce_inhabited vw ix status_t status_t_dec_eq status_t_inhabited status_t_Enum ρ_sub)
          (@Invariants ρ σ replica replica_dec_eq replica_inhabited view view_dec_eq view_inhabited idx idx_dec_eq
            idx_inhabited entry entry_dec_eq entry_inhabited quorum quorum_dec_eq quorum_inhabited nonce nonce_dec_eq
            nonce_inhabited vw ix status_t status_t_dec_eq status_t_inhabited status_t_Enum χ χ_rep χ_rep_lawful σ_sub
            ρ_sub)
          (@replica_backed ρ σ replica replica_dec_eq replica_inhabited view view_dec_eq view_inhabited idx idx_dec_eq
            idx_inhabited entry entry_dec_eq entry_inhabited quorum quorum_dec_eq quorum_inhabited nonce nonce_dec_eq
            nonce_inhabited vw ix status_t status_t_dec_eq status_t_inhabited status_t_Enum χ χ_rep χ_rep_lawful σ_sub
            ρ_sub) :=
    by
    unveil
    sorry
  
  @[veil]
  theorem recv_start_view_change_prepare_backed (ρ : Type) (σ : Type) (replica : Type)
      [replica_dec_eq : DecidableEq.{1} replica] [replica_inhabited : Inhabited.{1} replica] (view : Type)
      [view_dec_eq : DecidableEq.{1} view] [view_inhabited : Inhabited.{1} view] (idx : Type)
      [idx_dec_eq : DecidableEq.{1} idx] [idx_inhabited : Inhabited.{1} idx] (entry : Type)
      [entry_dec_eq : DecidableEq.{1} entry] [entry_inhabited : Inhabited.{1} entry] (quorum : Type)
      [quorum_dec_eq : DecidableEq.{1} quorum] [quorum_inhabited : Inhabited.{1} quorum] (nonce : Type)
      [nonce_dec_eq : DecidableEq.{1} nonce] [nonce_inhabited : Inhabited.{1} nonce] [vw : TotalOrderWithMinimum view]
      [ix : TotalOrderWithMinimum idx] (status_t : Type) [status_t_dec_eq : DecidableEq.{1} status_t]
      [status_t_inhabited : Inhabited.{1} status_t] [status_t_Enum : @status_t_EnumClass status_t]
      (χ : State.Label → Type)
      [χ_rep :
        ∀ __veil_f,
          Veil.FieldRepresentation (State.Label.toDomain replica view idx entry quorum nonce status_t __veil_f)
            (State.Label.toCodomain replica view idx entry quorum nonce status_t __veil_f) (χ __veil_f)]
      [χ_rep_lawful :
        ∀ __veil_f,
          Veil.LawfulFieldRepresentation (State.Label.toDomain replica view idx entry quorum nonce status_t __veil_f)
            (State.Label.toCodomain replica view idx entry quorum nonce status_t __veil_f) (χ __veil_f) (χ_rep __veil_f)]
      [σ_sub : IsSubStateOf (@State χ) σ] [ρ_sub : IsSubReaderOf (@Theory replica view idx entry quorum nonce status_t) ρ]
      [recv_prepare_dec_0 :
        delta% @RunCheck.recv_prepare._veil_dec_type_0 replica view χ vw idx entry quorum nonce status_t χ_rep]
      [recv_prepare_dec_1 :
        delta% @RunCheck.recv_prepare._veil_dec_type_1 replica view χ vw idx entry quorum nonce status_t χ_rep] :
      ∀ (r : replica) (v : view) (q : replica),
        Veil.VeilM.meetsSpecificationIfSuccessfulAssuming
          (@recv_start_view_change.ext ρ σ replica replica_dec_eq replica_inhabited view view_dec_eq view_inhabited idx
            idx_dec_eq idx_inhabited entry entry_dec_eq entry_inhabited quorum quorum_dec_eq quorum_inhabited nonce
            nonce_dec_eq nonce_inhabited vw ix status_t status_t_dec_eq status_t_inhabited status_t_Enum χ χ_rep
            χ_rep_lawful σ_sub ρ_sub recv_prepare_dec_0 recv_prepare_dec_1 r v q)
          (@Assumptions ρ replica replica_dec_eq replica_inhabited view view_dec_eq view_inhabited idx idx_dec_eq
            idx_inhabited entry entry_dec_eq entry_inhabited quorum quorum_dec_eq quorum_inhabited nonce nonce_dec_eq
            nonce_inhabited vw ix status_t status_t_dec_eq status_t_inhabited status_t_Enum ρ_sub)
          (@Invariants ρ σ replica replica_dec_eq replica_inhabited view view_dec_eq view_inhabited idx idx_dec_eq
            idx_inhabited entry entry_dec_eq entry_inhabited quorum quorum_dec_eq quorum_inhabited nonce nonce_dec_eq
            nonce_inhabited vw ix status_t status_t_dec_eq status_t_inhabited status_t_Enum χ χ_rep χ_rep_lawful σ_sub
            ρ_sub)
          (@prepare_backed ρ σ replica replica_dec_eq replica_inhabited view view_dec_eq view_inhabited idx idx_dec_eq
            idx_inhabited entry entry_dec_eq entry_inhabited quorum quorum_dec_eq quorum_inhabited nonce nonce_dec_eq
            nonce_inhabited vw ix status_t status_t_dec_eq status_t_inhabited status_t_Enum χ χ_rep χ_rep_lawful σ_sub
            ρ_sub) :=
    by
    unveil
    sorry
  
  @[veil]
  theorem recv_start_view_change_commit_backed (ρ : Type) (σ : Type) (replica : Type)
      [replica_dec_eq : DecidableEq.{1} replica] [replica_inhabited : Inhabited.{1} replica] (view : Type)
      [view_dec_eq : DecidableEq.{1} view] [view_inhabited : Inhabited.{1} view] (idx : Type)
      [idx_dec_eq : DecidableEq.{1} idx] [idx_inhabited : Inhabited.{1} idx] (entry : Type)
      [entry_dec_eq : DecidableEq.{1} entry] [entry_inhabited : Inhabited.{1} entry] (quorum : Type)
      [quorum_dec_eq : DecidableEq.{1} quorum] [quorum_inhabited : Inhabited.{1} quorum] (nonce : Type)
      [nonce_dec_eq : DecidableEq.{1} nonce] [nonce_inhabited : Inhabited.{1} nonce] [vw : TotalOrderWithMinimum view]
      [ix : TotalOrderWithMinimum idx] (status_t : Type) [status_t_dec_eq : DecidableEq.{1} status_t]
      [status_t_inhabited : Inhabited.{1} status_t] [status_t_Enum : @status_t_EnumClass status_t]
      (χ : State.Label → Type)
      [χ_rep :
        ∀ __veil_f,
          Veil.FieldRepresentation (State.Label.toDomain replica view idx entry quorum nonce status_t __veil_f)
            (State.Label.toCodomain replica view idx entry quorum nonce status_t __veil_f) (χ __veil_f)]
      [χ_rep_lawful :
        ∀ __veil_f,
          Veil.LawfulFieldRepresentation (State.Label.toDomain replica view idx entry quorum nonce status_t __veil_f)
            (State.Label.toCodomain replica view idx entry quorum nonce status_t __veil_f) (χ __veil_f) (χ_rep __veil_f)]
      [σ_sub : IsSubStateOf (@State χ) σ] [ρ_sub : IsSubReaderOf (@Theory replica view idx entry quorum nonce status_t) ρ]
      [recv_prepare_dec_0 :
        delta% @RunCheck.recv_prepare._veil_dec_type_0 replica view χ vw idx entry quorum nonce status_t χ_rep]
      [recv_prepare_dec_1 :
        delta% @RunCheck.recv_prepare._veil_dec_type_1 replica view χ vw idx entry quorum nonce status_t χ_rep] :
      ∀ (r : replica) (v : view) (q : replica),
        Veil.VeilM.meetsSpecificationIfSuccessfulAssuming
          (@recv_start_view_change.ext ρ σ replica replica_dec_eq replica_inhabited view view_dec_eq view_inhabited idx
            idx_dec_eq idx_inhabited entry entry_dec_eq entry_inhabited quorum quorum_dec_eq quorum_inhabited nonce
            nonce_dec_eq nonce_inhabited vw ix status_t status_t_dec_eq status_t_inhabited status_t_Enum χ χ_rep
            χ_rep_lawful σ_sub ρ_sub recv_prepare_dec_0 recv_prepare_dec_1 r v q)
          (@Assumptions ρ replica replica_dec_eq replica_inhabited view view_dec_eq view_inhabited idx idx_dec_eq
            idx_inhabited entry entry_dec_eq entry_inhabited quorum quorum_dec_eq quorum_inhabited nonce nonce_dec_eq
            nonce_inhabited vw ix status_t status_t_dec_eq status_t_inhabited status_t_Enum ρ_sub)
          (@Invariants ρ σ replica replica_dec_eq replica_inhabited view view_dec_eq view_inhabited idx idx_dec_eq
            idx_inhabited entry entry_dec_eq entry_inhabited quorum quorum_dec_eq quorum_inhabited nonce nonce_dec_eq
            nonce_inhabited vw ix status_t status_t_dec_eq status_t_inhabited status_t_Enum χ χ_rep χ_rep_lawful σ_sub
            ρ_sub)
          (@commit_backed ρ σ replica replica_dec_eq replica_inhabited view view_dec_eq view_inhabited idx idx_dec_eq
            idx_inhabited entry entry_dec_eq entry_inhabited quorum quorum_dec_eq quorum_inhabited nonce nonce_dec_eq
            nonce_inhabited vw ix status_t status_t_dec_eq status_t_inhabited status_t_Enum χ χ_rep χ_rep_lawful σ_sub
            ρ_sub) :=
    by
    unveil
    sorry
  
  @[veil]
  theorem recv_start_view_change_new_state_backed (ρ : Type) (σ : Type) (replica : Type)
      [replica_dec_eq : DecidableEq.{1} replica] [replica_inhabited : Inhabited.{1} replica] (view : Type)
      [view_dec_eq : DecidableEq.{1} view] [view_inhabited : Inhabited.{1} view] (idx : Type)
      [idx_dec_eq : DecidableEq.{1} idx] [idx_inhabited : Inhabited.{1} idx] (entry : Type)
      [entry_dec_eq : DecidableEq.{1} entry] [entry_inhabited : Inhabited.{1} entry] (quorum : Type)
      [quorum_dec_eq : DecidableEq.{1} quorum] [quorum_inhabited : Inhabited.{1} quorum] (nonce : Type)
      [nonce_dec_eq : DecidableEq.{1} nonce] [nonce_inhabited : Inhabited.{1} nonce] [vw : TotalOrderWithMinimum view]
      [ix : TotalOrderWithMinimum idx] (status_t : Type) [status_t_dec_eq : DecidableEq.{1} status_t]
      [status_t_inhabited : Inhabited.{1} status_t] [status_t_Enum : @status_t_EnumClass status_t]
      (χ : State.Label → Type)
      [χ_rep :
        ∀ __veil_f,
          Veil.FieldRepresentation (State.Label.toDomain replica view idx entry quorum nonce status_t __veil_f)
            (State.Label.toCodomain replica view idx entry quorum nonce status_t __veil_f) (χ __veil_f)]
      [χ_rep_lawful :
        ∀ __veil_f,
          Veil.LawfulFieldRepresentation (State.Label.toDomain replica view idx entry quorum nonce status_t __veil_f)
            (State.Label.toCodomain replica view idx entry quorum nonce status_t __veil_f) (χ __veil_f) (χ_rep __veil_f)]
      [σ_sub : IsSubStateOf (@State χ) σ] [ρ_sub : IsSubReaderOf (@Theory replica view idx entry quorum nonce status_t) ρ]
      [recv_prepare_dec_0 :
        delta% @RunCheck.recv_prepare._veil_dec_type_0 replica view χ vw idx entry quorum nonce status_t χ_rep]
      [recv_prepare_dec_1 :
        delta% @RunCheck.recv_prepare._veil_dec_type_1 replica view χ vw idx entry quorum nonce status_t χ_rep] :
      ∀ (r : replica) (v : view) (q : replica),
        Veil.VeilM.meetsSpecificationIfSuccessfulAssuming
          (@recv_start_view_change.ext ρ σ replica replica_dec_eq replica_inhabited view view_dec_eq view_inhabited idx
            idx_dec_eq idx_inhabited entry entry_dec_eq entry_inhabited quorum quorum_dec_eq quorum_inhabited nonce
            nonce_dec_eq nonce_inhabited vw ix status_t status_t_dec_eq status_t_inhabited status_t_Enum χ χ_rep
            χ_rep_lawful σ_sub ρ_sub recv_prepare_dec_0 recv_prepare_dec_1 r v q)
          (@Assumptions ρ replica replica_dec_eq replica_inhabited view view_dec_eq view_inhabited idx idx_dec_eq
            idx_inhabited entry entry_dec_eq entry_inhabited quorum quorum_dec_eq quorum_inhabited nonce nonce_dec_eq
            nonce_inhabited vw ix status_t status_t_dec_eq status_t_inhabited status_t_Enum ρ_sub)
          (@Invariants ρ σ replica replica_dec_eq replica_inhabited view view_dec_eq view_inhabited idx idx_dec_eq
            idx_inhabited entry entry_dec_eq entry_inhabited quorum quorum_dec_eq quorum_inhabited nonce nonce_dec_eq
            nonce_inhabited vw ix status_t status_t_dec_eq status_t_inhabited status_t_Enum χ χ_rep χ_rep_lawful σ_sub
            ρ_sub)
          (@new_state_backed ρ σ replica replica_dec_eq replica_inhabited view view_dec_eq view_inhabited idx idx_dec_eq
            idx_inhabited entry entry_dec_eq entry_inhabited quorum quorum_dec_eq quorum_inhabited nonce nonce_dec_eq
            nonce_inhabited vw ix status_t status_t_dec_eq status_t_inhabited status_t_Enum χ χ_rep χ_rep_lawful σ_sub
            ρ_sub) :=
    by
    unveil
    sorry
  
  @[veil]
  theorem recv_start_view_change_start_view_backed (ρ : Type) (σ : Type) (replica : Type)
      [replica_dec_eq : DecidableEq.{1} replica] [replica_inhabited : Inhabited.{1} replica] (view : Type)
      [view_dec_eq : DecidableEq.{1} view] [view_inhabited : Inhabited.{1} view] (idx : Type)
      [idx_dec_eq : DecidableEq.{1} idx] [idx_inhabited : Inhabited.{1} idx] (entry : Type)
      [entry_dec_eq : DecidableEq.{1} entry] [entry_inhabited : Inhabited.{1} entry] (quorum : Type)
      [quorum_dec_eq : DecidableEq.{1} quorum] [quorum_inhabited : Inhabited.{1} quorum] (nonce : Type)
      [nonce_dec_eq : DecidableEq.{1} nonce] [nonce_inhabited : Inhabited.{1} nonce] [vw : TotalOrderWithMinimum view]
      [ix : TotalOrderWithMinimum idx] (status_t : Type) [status_t_dec_eq : DecidableEq.{1} status_t]
      [status_t_inhabited : Inhabited.{1} status_t] [status_t_Enum : @status_t_EnumClass status_t]
      (χ : State.Label → Type)
      [χ_rep :
        ∀ __veil_f,
          Veil.FieldRepresentation (State.Label.toDomain replica view idx entry quorum nonce status_t __veil_f)
            (State.Label.toCodomain replica view idx entry quorum nonce status_t __veil_f) (χ __veil_f)]
      [χ_rep_lawful :
        ∀ __veil_f,
          Veil.LawfulFieldRepresentation (State.Label.toDomain replica view idx entry quorum nonce status_t __veil_f)
            (State.Label.toCodomain replica view idx entry quorum nonce status_t __veil_f) (χ __veil_f) (χ_rep __veil_f)]
      [σ_sub : IsSubStateOf (@State χ) σ] [ρ_sub : IsSubReaderOf (@Theory replica view idx entry quorum nonce status_t) ρ]
      [recv_prepare_dec_0 :
        delta% @RunCheck.recv_prepare._veil_dec_type_0 replica view χ vw idx entry quorum nonce status_t χ_rep]
      [recv_prepare_dec_1 :
        delta% @RunCheck.recv_prepare._veil_dec_type_1 replica view χ vw idx entry quorum nonce status_t χ_rep] :
      ∀ (r : replica) (v : view) (q : replica),
        Veil.VeilM.meetsSpecificationIfSuccessfulAssuming
          (@recv_start_view_change.ext ρ σ replica replica_dec_eq replica_inhabited view view_dec_eq view_inhabited idx
            idx_dec_eq idx_inhabited entry entry_dec_eq entry_inhabited quorum quorum_dec_eq quorum_inhabited nonce
            nonce_dec_eq nonce_inhabited vw ix status_t status_t_dec_eq status_t_inhabited status_t_Enum χ χ_rep
            χ_rep_lawful σ_sub ρ_sub recv_prepare_dec_0 recv_prepare_dec_1 r v q)
          (@Assumptions ρ replica replica_dec_eq replica_inhabited view view_dec_eq view_inhabited idx idx_dec_eq
            idx_inhabited entry entry_dec_eq entry_inhabited quorum quorum_dec_eq quorum_inhabited nonce nonce_dec_eq
            nonce_inhabited vw ix status_t status_t_dec_eq status_t_inhabited status_t_Enum ρ_sub)
          (@Invariants ρ σ replica replica_dec_eq replica_inhabited view view_dec_eq view_inhabited idx idx_dec_eq
            idx_inhabited entry entry_dec_eq entry_inhabited quorum quorum_dec_eq quorum_inhabited nonce nonce_dec_eq
            nonce_inhabited vw ix status_t status_t_dec_eq status_t_inhabited status_t_Enum χ χ_rep χ_rep_lawful σ_sub
            ρ_sub)
          (@start_view_backed ρ σ replica replica_dec_eq replica_inhabited view view_dec_eq view_inhabited idx idx_dec_eq
            idx_inhabited entry entry_dec_eq entry_inhabited quorum quorum_dec_eq quorum_inhabited nonce nonce_dec_eq
            nonce_inhabited vw ix status_t status_t_dec_eq status_t_inhabited status_t_Enum χ χ_rep χ_rep_lawful σ_sub
            ρ_sub) :=
    by
    unveil
    sorry
  
  @[veil]
  theorem recv_start_view_change_dvc_backed (ρ : Type) (σ : Type) (replica : Type)
      [replica_dec_eq : DecidableEq.{1} replica] [replica_inhabited : Inhabited.{1} replica] (view : Type)
      [view_dec_eq : DecidableEq.{1} view] [view_inhabited : Inhabited.{1} view] (idx : Type)
      [idx_dec_eq : DecidableEq.{1} idx] [idx_inhabited : Inhabited.{1} idx] (entry : Type)
      [entry_dec_eq : DecidableEq.{1} entry] [entry_inhabited : Inhabited.{1} entry] (quorum : Type)
      [quorum_dec_eq : DecidableEq.{1} quorum] [quorum_inhabited : Inhabited.{1} quorum] (nonce : Type)
      [nonce_dec_eq : DecidableEq.{1} nonce] [nonce_inhabited : Inhabited.{1} nonce] [vw : TotalOrderWithMinimum view]
      [ix : TotalOrderWithMinimum idx] (status_t : Type) [status_t_dec_eq : DecidableEq.{1} status_t]
      [status_t_inhabited : Inhabited.{1} status_t] [status_t_Enum : @status_t_EnumClass status_t]
      (χ : State.Label → Type)
      [χ_rep :
        ∀ __veil_f,
          Veil.FieldRepresentation (State.Label.toDomain replica view idx entry quorum nonce status_t __veil_f)
            (State.Label.toCodomain replica view idx entry quorum nonce status_t __veil_f) (χ __veil_f)]
      [χ_rep_lawful :
        ∀ __veil_f,
          Veil.LawfulFieldRepresentation (State.Label.toDomain replica view idx entry quorum nonce status_t __veil_f)
            (State.Label.toCodomain replica view idx entry quorum nonce status_t __veil_f) (χ __veil_f) (χ_rep __veil_f)]
      [σ_sub : IsSubStateOf (@State χ) σ] [ρ_sub : IsSubReaderOf (@Theory replica view idx entry quorum nonce status_t) ρ]
      [recv_prepare_dec_0 :
        delta% @RunCheck.recv_prepare._veil_dec_type_0 replica view χ vw idx entry quorum nonce status_t χ_rep]
      [recv_prepare_dec_1 :
        delta% @RunCheck.recv_prepare._veil_dec_type_1 replica view χ vw idx entry quorum nonce status_t χ_rep] :
      ∀ (r : replica) (v : view) (q : replica),
        Veil.VeilM.meetsSpecificationIfSuccessfulAssuming
          (@recv_start_view_change.ext ρ σ replica replica_dec_eq replica_inhabited view view_dec_eq view_inhabited idx
            idx_dec_eq idx_inhabited entry entry_dec_eq entry_inhabited quorum quorum_dec_eq quorum_inhabited nonce
            nonce_dec_eq nonce_inhabited vw ix status_t status_t_dec_eq status_t_inhabited status_t_Enum χ χ_rep
            χ_rep_lawful σ_sub ρ_sub recv_prepare_dec_0 recv_prepare_dec_1 r v q)
          (@Assumptions ρ replica replica_dec_eq replica_inhabited view view_dec_eq view_inhabited idx idx_dec_eq
            idx_inhabited entry entry_dec_eq entry_inhabited quorum quorum_dec_eq quorum_inhabited nonce nonce_dec_eq
            nonce_inhabited vw ix status_t status_t_dec_eq status_t_inhabited status_t_Enum ρ_sub)
          (@Invariants ρ σ replica replica_dec_eq replica_inhabited view view_dec_eq view_inhabited idx idx_dec_eq
            idx_inhabited entry entry_dec_eq entry_inhabited quorum quorum_dec_eq quorum_inhabited nonce nonce_dec_eq
            nonce_inhabited vw ix status_t status_t_dec_eq status_t_inhabited status_t_Enum χ χ_rep χ_rep_lawful σ_sub
            ρ_sub)
          (@dvc_backed ρ σ replica replica_dec_eq replica_inhabited view view_dec_eq view_inhabited idx idx_dec_eq
            idx_inhabited entry entry_dec_eq entry_inhabited quorum quorum_dec_eq quorum_inhabited nonce nonce_dec_eq
            nonce_inhabited vw ix status_t status_t_dec_eq status_t_inhabited status_t_Enum χ χ_rep χ_rep_lawful σ_sub
            ρ_sub) :=
    by
    unveil
    sorry
  
  @[veil]
  theorem recv_start_view_change_rr_backed (ρ : Type) (σ : Type) (replica : Type)
      [replica_dec_eq : DecidableEq.{1} replica] [replica_inhabited : Inhabited.{1} replica] (view : Type)
      [view_dec_eq : DecidableEq.{1} view] [view_inhabited : Inhabited.{1} view] (idx : Type)
      [idx_dec_eq : DecidableEq.{1} idx] [idx_inhabited : Inhabited.{1} idx] (entry : Type)
      [entry_dec_eq : DecidableEq.{1} entry] [entry_inhabited : Inhabited.{1} entry] (quorum : Type)
      [quorum_dec_eq : DecidableEq.{1} quorum] [quorum_inhabited : Inhabited.{1} quorum] (nonce : Type)
      [nonce_dec_eq : DecidableEq.{1} nonce] [nonce_inhabited : Inhabited.{1} nonce] [vw : TotalOrderWithMinimum view]
      [ix : TotalOrderWithMinimum idx] (status_t : Type) [status_t_dec_eq : DecidableEq.{1} status_t]
      [status_t_inhabited : Inhabited.{1} status_t] [status_t_Enum : @status_t_EnumClass status_t]
      (χ : State.Label → Type)
      [χ_rep :
        ∀ __veil_f,
          Veil.FieldRepresentation (State.Label.toDomain replica view idx entry quorum nonce status_t __veil_f)
            (State.Label.toCodomain replica view idx entry quorum nonce status_t __veil_f) (χ __veil_f)]
      [χ_rep_lawful :
        ∀ __veil_f,
          Veil.LawfulFieldRepresentation (State.Label.toDomain replica view idx entry quorum nonce status_t __veil_f)
            (State.Label.toCodomain replica view idx entry quorum nonce status_t __veil_f) (χ __veil_f) (χ_rep __veil_f)]
      [σ_sub : IsSubStateOf (@State χ) σ] [ρ_sub : IsSubReaderOf (@Theory replica view idx entry quorum nonce status_t) ρ]
      [recv_prepare_dec_0 :
        delta% @RunCheck.recv_prepare._veil_dec_type_0 replica view χ vw idx entry quorum nonce status_t χ_rep]
      [recv_prepare_dec_1 :
        delta% @RunCheck.recv_prepare._veil_dec_type_1 replica view χ vw idx entry quorum nonce status_t χ_rep] :
      ∀ (r : replica) (v : view) (q : replica),
        Veil.VeilM.meetsSpecificationIfSuccessfulAssuming
          (@recv_start_view_change.ext ρ σ replica replica_dec_eq replica_inhabited view view_dec_eq view_inhabited idx
            idx_dec_eq idx_inhabited entry entry_dec_eq entry_inhabited quorum quorum_dec_eq quorum_inhabited nonce
            nonce_dec_eq nonce_inhabited vw ix status_t status_t_dec_eq status_t_inhabited status_t_Enum χ χ_rep
            χ_rep_lawful σ_sub ρ_sub recv_prepare_dec_0 recv_prepare_dec_1 r v q)
          (@Assumptions ρ replica replica_dec_eq replica_inhabited view view_dec_eq view_inhabited idx idx_dec_eq
            idx_inhabited entry entry_dec_eq entry_inhabited quorum quorum_dec_eq quorum_inhabited nonce nonce_dec_eq
            nonce_inhabited vw ix status_t status_t_dec_eq status_t_inhabited status_t_Enum ρ_sub)
          (@Invariants ρ σ replica replica_dec_eq replica_inhabited view view_dec_eq view_inhabited idx idx_dec_eq
            idx_inhabited entry entry_dec_eq entry_inhabited quorum quorum_dec_eq quorum_inhabited nonce nonce_dec_eq
            nonce_inhabited vw ix status_t status_t_dec_eq status_t_inhabited status_t_Enum χ χ_rep χ_rep_lawful σ_sub
            ρ_sub)
          (@rr_backed ρ σ replica replica_dec_eq replica_inhabited view view_dec_eq view_inhabited idx idx_dec_eq
            idx_inhabited entry entry_dec_eq entry_inhabited quorum quorum_dec_eq quorum_inhabited nonce nonce_dec_eq
            nonce_inhabited vw ix status_t status_t_dec_eq status_t_inhabited status_t_Enum χ χ_rep χ_rep_lawful σ_sub
            ρ_sub) :=
    by
    unveil
    sorry
  
  @[veil]
  theorem recv_start_view_change_survives_rr (ρ : Type) (σ : Type) (replica : Type)
      [replica_dec_eq : DecidableEq.{1} replica] [replica_inhabited : Inhabited.{1} replica] (view : Type)
      [view_dec_eq : DecidableEq.{1} view] [view_inhabited : Inhabited.{1} view] (idx : Type)
      [idx_dec_eq : DecidableEq.{1} idx] [idx_inhabited : Inhabited.{1} idx] (entry : Type)
      [entry_dec_eq : DecidableEq.{1} entry] [entry_inhabited : Inhabited.{1} entry] (quorum : Type)
      [quorum_dec_eq : DecidableEq.{1} quorum] [quorum_inhabited : Inhabited.{1} quorum] (nonce : Type)
      [nonce_dec_eq : DecidableEq.{1} nonce] [nonce_inhabited : Inhabited.{1} nonce] [vw : TotalOrderWithMinimum view]
      [ix : TotalOrderWithMinimum idx] (status_t : Type) [status_t_dec_eq : DecidableEq.{1} status_t]
      [status_t_inhabited : Inhabited.{1} status_t] [status_t_Enum : @status_t_EnumClass status_t]
      (χ : State.Label → Type)
      [χ_rep :
        ∀ __veil_f,
          Veil.FieldRepresentation (State.Label.toDomain replica view idx entry quorum nonce status_t __veil_f)
            (State.Label.toCodomain replica view idx entry quorum nonce status_t __veil_f) (χ __veil_f)]
      [χ_rep_lawful :
        ∀ __veil_f,
          Veil.LawfulFieldRepresentation (State.Label.toDomain replica view idx entry quorum nonce status_t __veil_f)
            (State.Label.toCodomain replica view idx entry quorum nonce status_t __veil_f) (χ __veil_f) (χ_rep __veil_f)]
      [σ_sub : IsSubStateOf (@State χ) σ] [ρ_sub : IsSubReaderOf (@Theory replica view idx entry quorum nonce status_t) ρ]
      [recv_prepare_dec_0 :
        delta% @RunCheck.recv_prepare._veil_dec_type_0 replica view χ vw idx entry quorum nonce status_t χ_rep]
      [recv_prepare_dec_1 :
        delta% @RunCheck.recv_prepare._veil_dec_type_1 replica view χ vw idx entry quorum nonce status_t χ_rep] :
      ∀ (r : replica) (v : view) (q : replica),
        Veil.VeilM.meetsSpecificationIfSuccessfulAssuming
          (@recv_start_view_change.ext ρ σ replica replica_dec_eq replica_inhabited view view_dec_eq view_inhabited idx
            idx_dec_eq idx_inhabited entry entry_dec_eq entry_inhabited quorum quorum_dec_eq quorum_inhabited nonce
            nonce_dec_eq nonce_inhabited vw ix status_t status_t_dec_eq status_t_inhabited status_t_Enum χ χ_rep
            χ_rep_lawful σ_sub ρ_sub recv_prepare_dec_0 recv_prepare_dec_1 r v q)
          (@Assumptions ρ replica replica_dec_eq replica_inhabited view view_dec_eq view_inhabited idx idx_dec_eq
            idx_inhabited entry entry_dec_eq entry_inhabited quorum quorum_dec_eq quorum_inhabited nonce nonce_dec_eq
            nonce_inhabited vw ix status_t status_t_dec_eq status_t_inhabited status_t_Enum ρ_sub)
          (@Invariants ρ σ replica replica_dec_eq replica_inhabited view view_dec_eq view_inhabited idx idx_dec_eq
            idx_inhabited entry entry_dec_eq entry_inhabited quorum quorum_dec_eq quorum_inhabited nonce nonce_dec_eq
            nonce_inhabited vw ix status_t status_t_dec_eq status_t_inhabited status_t_Enum χ χ_rep χ_rep_lawful σ_sub
            ρ_sub)
          (@survives_rr ρ σ replica replica_dec_eq replica_inhabited view view_dec_eq view_inhabited idx idx_dec_eq
            idx_inhabited entry entry_dec_eq entry_inhabited quorum quorum_dec_eq quorum_inhabited nonce nonce_dec_eq
            nonce_inhabited vw ix status_t status_t_dec_eq status_t_inhabited status_t_Enum χ χ_rep χ_rep_lawful σ_sub
            ρ_sub) :=
    by
    unveil
    sorry
  
  @[veil]
  theorem recv_start_view_change_survives_replica (ρ : Type) (σ : Type) (replica : Type)
      [replica_dec_eq : DecidableEq.{1} replica] [replica_inhabited : Inhabited.{1} replica] (view : Type)
      [view_dec_eq : DecidableEq.{1} view] [view_inhabited : Inhabited.{1} view] (idx : Type)
      [idx_dec_eq : DecidableEq.{1} idx] [idx_inhabited : Inhabited.{1} idx] (entry : Type)
      [entry_dec_eq : DecidableEq.{1} entry] [entry_inhabited : Inhabited.{1} entry] (quorum : Type)
      [quorum_dec_eq : DecidableEq.{1} quorum] [quorum_inhabited : Inhabited.{1} quorum] (nonce : Type)
      [nonce_dec_eq : DecidableEq.{1} nonce] [nonce_inhabited : Inhabited.{1} nonce] [vw : TotalOrderWithMinimum view]
      [ix : TotalOrderWithMinimum idx] (status_t : Type) [status_t_dec_eq : DecidableEq.{1} status_t]
      [status_t_inhabited : Inhabited.{1} status_t] [status_t_Enum : @status_t_EnumClass status_t]
      (χ : State.Label → Type)
      [χ_rep :
        ∀ __veil_f,
          Veil.FieldRepresentation (State.Label.toDomain replica view idx entry quorum nonce status_t __veil_f)
            (State.Label.toCodomain replica view idx entry quorum nonce status_t __veil_f) (χ __veil_f)]
      [χ_rep_lawful :
        ∀ __veil_f,
          Veil.LawfulFieldRepresentation (State.Label.toDomain replica view idx entry quorum nonce status_t __veil_f)
            (State.Label.toCodomain replica view idx entry quorum nonce status_t __veil_f) (χ __veil_f) (χ_rep __veil_f)]
      [σ_sub : IsSubStateOf (@State χ) σ] [ρ_sub : IsSubReaderOf (@Theory replica view idx entry quorum nonce status_t) ρ]
      [recv_prepare_dec_0 :
        delta% @RunCheck.recv_prepare._veil_dec_type_0 replica view χ vw idx entry quorum nonce status_t χ_rep]
      [recv_prepare_dec_1 :
        delta% @RunCheck.recv_prepare._veil_dec_type_1 replica view χ vw idx entry quorum nonce status_t χ_rep] :
      ∀ (r : replica) (v : view) (q : replica),
        Veil.VeilM.meetsSpecificationIfSuccessfulAssuming
          (@recv_start_view_change.ext ρ σ replica replica_dec_eq replica_inhabited view view_dec_eq view_inhabited idx
            idx_dec_eq idx_inhabited entry entry_dec_eq entry_inhabited quorum quorum_dec_eq quorum_inhabited nonce
            nonce_dec_eq nonce_inhabited vw ix status_t status_t_dec_eq status_t_inhabited status_t_Enum χ χ_rep
            χ_rep_lawful σ_sub ρ_sub recv_prepare_dec_0 recv_prepare_dec_1 r v q)
          (@Assumptions ρ replica replica_dec_eq replica_inhabited view view_dec_eq view_inhabited idx idx_dec_eq
            idx_inhabited entry entry_dec_eq entry_inhabited quorum quorum_dec_eq quorum_inhabited nonce nonce_dec_eq
            nonce_inhabited vw ix status_t status_t_dec_eq status_t_inhabited status_t_Enum ρ_sub)
          (@Invariants ρ σ replica replica_dec_eq replica_inhabited view view_dec_eq view_inhabited idx idx_dec_eq
            idx_inhabited entry entry_dec_eq entry_inhabited quorum quorum_dec_eq quorum_inhabited nonce nonce_dec_eq
            nonce_inhabited vw ix status_t status_t_dec_eq status_t_inhabited status_t_Enum χ χ_rep χ_rep_lawful σ_sub
            ρ_sub)
          (@survives_replica ρ σ replica replica_dec_eq replica_inhabited view view_dec_eq view_inhabited idx idx_dec_eq
            idx_inhabited entry entry_dec_eq entry_inhabited quorum quorum_dec_eq quorum_inhabited nonce nonce_dec_eq
            nonce_inhabited vw ix status_t status_t_dec_eq status_t_inhabited status_t_Enum χ χ_rep χ_rep_lawful σ_sub
            ρ_sub) :=
    by
    unveil
    sorry
  
  @[veil]
  theorem send_do_view_change_dvc_backed (ρ : Type) (σ : Type) (replica : Type) [replica_dec_eq : DecidableEq.{1} replica]
      [replica_inhabited : Inhabited.{1} replica] (view : Type) [view_dec_eq : DecidableEq.{1} view]
      [view_inhabited : Inhabited.{1} view] (idx : Type) [idx_dec_eq : DecidableEq.{1} idx]
      [idx_inhabited : Inhabited.{1} idx] (entry : Type) [entry_dec_eq : DecidableEq.{1} entry]
      [entry_inhabited : Inhabited.{1} entry] (quorum : Type) [quorum_dec_eq : DecidableEq.{1} quorum]
      [quorum_inhabited : Inhabited.{1} quorum] (nonce : Type) [nonce_dec_eq : DecidableEq.{1} nonce]
      [nonce_inhabited : Inhabited.{1} nonce] [vw : TotalOrderWithMinimum view] [ix : TotalOrderWithMinimum idx]
      (status_t : Type) [status_t_dec_eq : DecidableEq.{1} status_t] [status_t_inhabited : Inhabited.{1} status_t]
      [status_t_Enum : @status_t_EnumClass status_t] (χ : State.Label → Type)
      [χ_rep :
        ∀ __veil_f,
          Veil.FieldRepresentation (State.Label.toDomain replica view idx entry quorum nonce status_t __veil_f)
            (State.Label.toCodomain replica view idx entry quorum nonce status_t __veil_f) (χ __veil_f)]
      [χ_rep_lawful :
        ∀ __veil_f,
          Veil.LawfulFieldRepresentation (State.Label.toDomain replica view idx entry quorum nonce status_t __veil_f)
            (State.Label.toCodomain replica view idx entry quorum nonce status_t __veil_f) (χ __veil_f) (χ_rep __veil_f)]
      [σ_sub : IsSubStateOf (@State χ) σ] [ρ_sub : IsSubReaderOf (@Theory replica view idx entry quorum nonce status_t) ρ]
      [send_do_view_change_dec_0 :
        delta% @RunCheck.send_do_view_change._veil_dec_type_0 replica view idx entry quorum nonce status_t χ χ_rep] :
      ∀ (r : replica),
        Veil.VeilM.meetsSpecificationIfSuccessfulAssuming
          (@send_do_view_change.ext ρ σ replica replica_dec_eq replica_inhabited view view_dec_eq view_inhabited idx
            idx_dec_eq idx_inhabited entry entry_dec_eq entry_inhabited quorum quorum_dec_eq quorum_inhabited nonce
            nonce_dec_eq nonce_inhabited vw ix status_t status_t_dec_eq status_t_inhabited status_t_Enum χ χ_rep
            χ_rep_lawful σ_sub ρ_sub send_do_view_change_dec_0 r)
          (@Assumptions ρ replica replica_dec_eq replica_inhabited view view_dec_eq view_inhabited idx idx_dec_eq
            idx_inhabited entry entry_dec_eq entry_inhabited quorum quorum_dec_eq quorum_inhabited nonce nonce_dec_eq
            nonce_inhabited vw ix status_t status_t_dec_eq status_t_inhabited status_t_Enum ρ_sub)
          (@Invariants ρ σ replica replica_dec_eq replica_inhabited view view_dec_eq view_inhabited idx idx_dec_eq
            idx_inhabited entry entry_dec_eq entry_inhabited quorum quorum_dec_eq quorum_inhabited nonce nonce_dec_eq
            nonce_inhabited vw ix status_t status_t_dec_eq status_t_inhabited status_t_Enum χ χ_rep χ_rep_lawful σ_sub
            ρ_sub)
          (@dvc_backed ρ σ replica replica_dec_eq replica_inhabited view view_dec_eq view_inhabited idx idx_dec_eq
            idx_inhabited entry entry_dec_eq entry_inhabited quorum quorum_dec_eq quorum_inhabited nonce nonce_dec_eq
            nonce_inhabited vw ix status_t status_t_dec_eq status_t_inhabited status_t_Enum χ χ_rep χ_rep_lawful σ_sub
            ρ_sub) :=
    by
    unveil
    sorry
  
  @[veil]
  theorem recv_do_view_change_replica_backed (ρ : Type) (σ : Type) (replica : Type)
      [replica_dec_eq : DecidableEq.{1} replica] [replica_inhabited : Inhabited.{1} replica] (view : Type)
      [view_dec_eq : DecidableEq.{1} view] [view_inhabited : Inhabited.{1} view] (idx : Type)
      [idx_dec_eq : DecidableEq.{1} idx] [idx_inhabited : Inhabited.{1} idx] (entry : Type)
      [entry_dec_eq : DecidableEq.{1} entry] [entry_inhabited : Inhabited.{1} entry] (quorum : Type)
      [quorum_dec_eq : DecidableEq.{1} quorum] [quorum_inhabited : Inhabited.{1} quorum] (nonce : Type)
      [nonce_dec_eq : DecidableEq.{1} nonce] [nonce_inhabited : Inhabited.{1} nonce] [vw : TotalOrderWithMinimum view]
      [ix : TotalOrderWithMinimum idx] (status_t : Type) [status_t_dec_eq : DecidableEq.{1} status_t]
      [status_t_inhabited : Inhabited.{1} status_t] [status_t_Enum : @status_t_EnumClass status_t]
      (χ : State.Label → Type)
      [χ_rep :
        ∀ __veil_f,
          Veil.FieldRepresentation (State.Label.toDomain replica view idx entry quorum nonce status_t __veil_f)
            (State.Label.toCodomain replica view idx entry quorum nonce status_t __veil_f) (χ __veil_f)]
      [χ_rep_lawful :
        ∀ __veil_f,
          Veil.LawfulFieldRepresentation (State.Label.toDomain replica view idx entry quorum nonce status_t __veil_f)
            (State.Label.toCodomain replica view idx entry quorum nonce status_t __veil_f) (χ __veil_f) (χ_rep __veil_f)]
      [σ_sub : IsSubStateOf (@State χ) σ] [ρ_sub : IsSubReaderOf (@Theory replica view idx entry quorum nonce status_t) ρ]
      [recv_do_view_change_dec_0 :
        delta% @RunCheck.recv_do_view_change._veil_dec_type_0 replica view idx entry quorum nonce status_t χ vw χ_rep]
      [recv_prepare_dec_1 :
        delta% @RunCheck.recv_prepare._veil_dec_type_1 replica view χ vw idx entry quorum nonce status_t χ_rep] :
      ∀ (r : replica) (v : view) (q : replica),
        Veil.VeilM.meetsSpecificationIfSuccessfulAssuming
          (@recv_do_view_change.ext ρ σ replica replica_dec_eq replica_inhabited view view_dec_eq view_inhabited idx
            idx_dec_eq idx_inhabited entry entry_dec_eq entry_inhabited quorum quorum_dec_eq quorum_inhabited nonce
            nonce_dec_eq nonce_inhabited vw ix status_t status_t_dec_eq status_t_inhabited status_t_Enum χ χ_rep
            χ_rep_lawful σ_sub ρ_sub recv_do_view_change_dec_0 recv_prepare_dec_1 r v q)
          (@Assumptions ρ replica replica_dec_eq replica_inhabited view view_dec_eq view_inhabited idx idx_dec_eq
            idx_inhabited entry entry_dec_eq entry_inhabited quorum quorum_dec_eq quorum_inhabited nonce nonce_dec_eq
            nonce_inhabited vw ix status_t status_t_dec_eq status_t_inhabited status_t_Enum ρ_sub)
          (@Invariants ρ σ replica replica_dec_eq replica_inhabited view view_dec_eq view_inhabited idx idx_dec_eq
            idx_inhabited entry entry_dec_eq entry_inhabited quorum quorum_dec_eq quorum_inhabited nonce nonce_dec_eq
            nonce_inhabited vw ix status_t status_t_dec_eq status_t_inhabited status_t_Enum χ χ_rep χ_rep_lawful σ_sub
            ρ_sub)
          (@replica_backed ρ σ replica replica_dec_eq replica_inhabited view view_dec_eq view_inhabited idx idx_dec_eq
            idx_inhabited entry entry_dec_eq entry_inhabited quorum quorum_dec_eq quorum_inhabited nonce nonce_dec_eq
            nonce_inhabited vw ix status_t status_t_dec_eq status_t_inhabited status_t_Enum χ χ_rep χ_rep_lawful σ_sub
            ρ_sub) :=
    by
    unveil
    sorry
  
  @[veil]
  theorem recv_do_view_change_prepare_backed (ρ : Type) (σ : Type) (replica : Type)
      [replica_dec_eq : DecidableEq.{1} replica] [replica_inhabited : Inhabited.{1} replica] (view : Type)
      [view_dec_eq : DecidableEq.{1} view] [view_inhabited : Inhabited.{1} view] (idx : Type)
      [idx_dec_eq : DecidableEq.{1} idx] [idx_inhabited : Inhabited.{1} idx] (entry : Type)
      [entry_dec_eq : DecidableEq.{1} entry] [entry_inhabited : Inhabited.{1} entry] (quorum : Type)
      [quorum_dec_eq : DecidableEq.{1} quorum] [quorum_inhabited : Inhabited.{1} quorum] (nonce : Type)
      [nonce_dec_eq : DecidableEq.{1} nonce] [nonce_inhabited : Inhabited.{1} nonce] [vw : TotalOrderWithMinimum view]
      [ix : TotalOrderWithMinimum idx] (status_t : Type) [status_t_dec_eq : DecidableEq.{1} status_t]
      [status_t_inhabited : Inhabited.{1} status_t] [status_t_Enum : @status_t_EnumClass status_t]
      (χ : State.Label → Type)
      [χ_rep :
        ∀ __veil_f,
          Veil.FieldRepresentation (State.Label.toDomain replica view idx entry quorum nonce status_t __veil_f)
            (State.Label.toCodomain replica view idx entry quorum nonce status_t __veil_f) (χ __veil_f)]
      [χ_rep_lawful :
        ∀ __veil_f,
          Veil.LawfulFieldRepresentation (State.Label.toDomain replica view idx entry quorum nonce status_t __veil_f)
            (State.Label.toCodomain replica view idx entry quorum nonce status_t __veil_f) (χ __veil_f) (χ_rep __veil_f)]
      [σ_sub : IsSubStateOf (@State χ) σ] [ρ_sub : IsSubReaderOf (@Theory replica view idx entry quorum nonce status_t) ρ]
      [recv_do_view_change_dec_0 :
        delta% @RunCheck.recv_do_view_change._veil_dec_type_0 replica view idx entry quorum nonce status_t χ vw χ_rep]
      [recv_prepare_dec_1 :
        delta% @RunCheck.recv_prepare._veil_dec_type_1 replica view χ vw idx entry quorum nonce status_t χ_rep] :
      ∀ (r : replica) (v : view) (q : replica),
        Veil.VeilM.meetsSpecificationIfSuccessfulAssuming
          (@recv_do_view_change.ext ρ σ replica replica_dec_eq replica_inhabited view view_dec_eq view_inhabited idx
            idx_dec_eq idx_inhabited entry entry_dec_eq entry_inhabited quorum quorum_dec_eq quorum_inhabited nonce
            nonce_dec_eq nonce_inhabited vw ix status_t status_t_dec_eq status_t_inhabited status_t_Enum χ χ_rep
            χ_rep_lawful σ_sub ρ_sub recv_do_view_change_dec_0 recv_prepare_dec_1 r v q)
          (@Assumptions ρ replica replica_dec_eq replica_inhabited view view_dec_eq view_inhabited idx idx_dec_eq
            idx_inhabited entry entry_dec_eq entry_inhabited quorum quorum_dec_eq quorum_inhabited nonce nonce_dec_eq
            nonce_inhabited vw ix status_t status_t_dec_eq status_t_inhabited status_t_Enum ρ_sub)
          (@Invariants ρ σ replica replica_dec_eq replica_inhabited view view_dec_eq view_inhabited idx idx_dec_eq
            idx_inhabited entry entry_dec_eq entry_inhabited quorum quorum_dec_eq quorum_inhabited nonce nonce_dec_eq
            nonce_inhabited vw ix status_t status_t_dec_eq status_t_inhabited status_t_Enum χ χ_rep χ_rep_lawful σ_sub
            ρ_sub)
          (@prepare_backed ρ σ replica replica_dec_eq replica_inhabited view view_dec_eq view_inhabited idx idx_dec_eq
            idx_inhabited entry entry_dec_eq entry_inhabited quorum quorum_dec_eq quorum_inhabited nonce nonce_dec_eq
            nonce_inhabited vw ix status_t status_t_dec_eq status_t_inhabited status_t_Enum χ χ_rep χ_rep_lawful σ_sub
            ρ_sub) :=
    by
    unveil
    sorry
  
  @[veil]
  theorem recv_do_view_change_new_state_backed (ρ : Type) (σ : Type) (replica : Type)
      [replica_dec_eq : DecidableEq.{1} replica] [replica_inhabited : Inhabited.{1} replica] (view : Type)
      [view_dec_eq : DecidableEq.{1} view] [view_inhabited : Inhabited.{1} view] (idx : Type)
      [idx_dec_eq : DecidableEq.{1} idx] [idx_inhabited : Inhabited.{1} idx] (entry : Type)
      [entry_dec_eq : DecidableEq.{1} entry] [entry_inhabited : Inhabited.{1} entry] (quorum : Type)
      [quorum_dec_eq : DecidableEq.{1} quorum] [quorum_inhabited : Inhabited.{1} quorum] (nonce : Type)
      [nonce_dec_eq : DecidableEq.{1} nonce] [nonce_inhabited : Inhabited.{1} nonce] [vw : TotalOrderWithMinimum view]
      [ix : TotalOrderWithMinimum idx] (status_t : Type) [status_t_dec_eq : DecidableEq.{1} status_t]
      [status_t_inhabited : Inhabited.{1} status_t] [status_t_Enum : @status_t_EnumClass status_t]
      (χ : State.Label → Type)
      [χ_rep :
        ∀ __veil_f,
          Veil.FieldRepresentation (State.Label.toDomain replica view idx entry quorum nonce status_t __veil_f)
            (State.Label.toCodomain replica view idx entry quorum nonce status_t __veil_f) (χ __veil_f)]
      [χ_rep_lawful :
        ∀ __veil_f,
          Veil.LawfulFieldRepresentation (State.Label.toDomain replica view idx entry quorum nonce status_t __veil_f)
            (State.Label.toCodomain replica view idx entry quorum nonce status_t __veil_f) (χ __veil_f) (χ_rep __veil_f)]
      [σ_sub : IsSubStateOf (@State χ) σ] [ρ_sub : IsSubReaderOf (@Theory replica view idx entry quorum nonce status_t) ρ]
      [recv_do_view_change_dec_0 :
        delta% @RunCheck.recv_do_view_change._veil_dec_type_0 replica view idx entry quorum nonce status_t χ vw χ_rep]
      [recv_prepare_dec_1 :
        delta% @RunCheck.recv_prepare._veil_dec_type_1 replica view χ vw idx entry quorum nonce status_t χ_rep] :
      ∀ (r : replica) (v : view) (q : replica),
        Veil.VeilM.meetsSpecificationIfSuccessfulAssuming
          (@recv_do_view_change.ext ρ σ replica replica_dec_eq replica_inhabited view view_dec_eq view_inhabited idx
            idx_dec_eq idx_inhabited entry entry_dec_eq entry_inhabited quorum quorum_dec_eq quorum_inhabited nonce
            nonce_dec_eq nonce_inhabited vw ix status_t status_t_dec_eq status_t_inhabited status_t_Enum χ χ_rep
            χ_rep_lawful σ_sub ρ_sub recv_do_view_change_dec_0 recv_prepare_dec_1 r v q)
          (@Assumptions ρ replica replica_dec_eq replica_inhabited view view_dec_eq view_inhabited idx idx_dec_eq
            idx_inhabited entry entry_dec_eq entry_inhabited quorum quorum_dec_eq quorum_inhabited nonce nonce_dec_eq
            nonce_inhabited vw ix status_t status_t_dec_eq status_t_inhabited status_t_Enum ρ_sub)
          (@Invariants ρ σ replica replica_dec_eq replica_inhabited view view_dec_eq view_inhabited idx idx_dec_eq
            idx_inhabited entry entry_dec_eq entry_inhabited quorum quorum_dec_eq quorum_inhabited nonce nonce_dec_eq
            nonce_inhabited vw ix status_t status_t_dec_eq status_t_inhabited status_t_Enum χ χ_rep χ_rep_lawful σ_sub
            ρ_sub)
          (@new_state_backed ρ σ replica replica_dec_eq replica_inhabited view view_dec_eq view_inhabited idx idx_dec_eq
            idx_inhabited entry entry_dec_eq entry_inhabited quorum quorum_dec_eq quorum_inhabited nonce nonce_dec_eq
            nonce_inhabited vw ix status_t status_t_dec_eq status_t_inhabited status_t_Enum χ χ_rep χ_rep_lawful σ_sub
            ρ_sub) :=
    by
    unveil
    sorry
  
  @[veil]
  theorem recv_do_view_change_start_view_backed (ρ : Type) (σ : Type) (replica : Type)
      [replica_dec_eq : DecidableEq.{1} replica] [replica_inhabited : Inhabited.{1} replica] (view : Type)
      [view_dec_eq : DecidableEq.{1} view] [view_inhabited : Inhabited.{1} view] (idx : Type)
      [idx_dec_eq : DecidableEq.{1} idx] [idx_inhabited : Inhabited.{1} idx] (entry : Type)
      [entry_dec_eq : DecidableEq.{1} entry] [entry_inhabited : Inhabited.{1} entry] (quorum : Type)
      [quorum_dec_eq : DecidableEq.{1} quorum] [quorum_inhabited : Inhabited.{1} quorum] (nonce : Type)
      [nonce_dec_eq : DecidableEq.{1} nonce] [nonce_inhabited : Inhabited.{1} nonce] [vw : TotalOrderWithMinimum view]
      [ix : TotalOrderWithMinimum idx] (status_t : Type) [status_t_dec_eq : DecidableEq.{1} status_t]
      [status_t_inhabited : Inhabited.{1} status_t] [status_t_Enum : @status_t_EnumClass status_t]
      (χ : State.Label → Type)
      [χ_rep :
        ∀ __veil_f,
          Veil.FieldRepresentation (State.Label.toDomain replica view idx entry quorum nonce status_t __veil_f)
            (State.Label.toCodomain replica view idx entry quorum nonce status_t __veil_f) (χ __veil_f)]
      [χ_rep_lawful :
        ∀ __veil_f,
          Veil.LawfulFieldRepresentation (State.Label.toDomain replica view idx entry quorum nonce status_t __veil_f)
            (State.Label.toCodomain replica view idx entry quorum nonce status_t __veil_f) (χ __veil_f) (χ_rep __veil_f)]
      [σ_sub : IsSubStateOf (@State χ) σ] [ρ_sub : IsSubReaderOf (@Theory replica view idx entry quorum nonce status_t) ρ]
      [recv_do_view_change_dec_0 :
        delta% @RunCheck.recv_do_view_change._veil_dec_type_0 replica view idx entry quorum nonce status_t χ vw χ_rep]
      [recv_prepare_dec_1 :
        delta% @RunCheck.recv_prepare._veil_dec_type_1 replica view χ vw idx entry quorum nonce status_t χ_rep] :
      ∀ (r : replica) (v : view) (q : replica),
        Veil.VeilM.meetsSpecificationIfSuccessfulAssuming
          (@recv_do_view_change.ext ρ σ replica replica_dec_eq replica_inhabited view view_dec_eq view_inhabited idx
            idx_dec_eq idx_inhabited entry entry_dec_eq entry_inhabited quorum quorum_dec_eq quorum_inhabited nonce
            nonce_dec_eq nonce_inhabited vw ix status_t status_t_dec_eq status_t_inhabited status_t_Enum χ χ_rep
            χ_rep_lawful σ_sub ρ_sub recv_do_view_change_dec_0 recv_prepare_dec_1 r v q)
          (@Assumptions ρ replica replica_dec_eq replica_inhabited view view_dec_eq view_inhabited idx idx_dec_eq
            idx_inhabited entry entry_dec_eq entry_inhabited quorum quorum_dec_eq quorum_inhabited nonce nonce_dec_eq
            nonce_inhabited vw ix status_t status_t_dec_eq status_t_inhabited status_t_Enum ρ_sub)
          (@Invariants ρ σ replica replica_dec_eq replica_inhabited view view_dec_eq view_inhabited idx idx_dec_eq
            idx_inhabited entry entry_dec_eq entry_inhabited quorum quorum_dec_eq quorum_inhabited nonce nonce_dec_eq
            nonce_inhabited vw ix status_t status_t_dec_eq status_t_inhabited status_t_Enum χ χ_rep χ_rep_lawful σ_sub
            ρ_sub)
          (@start_view_backed ρ σ replica replica_dec_eq replica_inhabited view view_dec_eq view_inhabited idx idx_dec_eq
            idx_inhabited entry entry_dec_eq entry_inhabited quorum quorum_dec_eq quorum_inhabited nonce nonce_dec_eq
            nonce_inhabited vw ix status_t status_t_dec_eq status_t_inhabited status_t_Enum χ χ_rep χ_rep_lawful σ_sub
            ρ_sub) :=
    by
    unveil
    sorry
  
  @[veil]
  theorem recv_do_view_change_dvc_backed (ρ : Type) (σ : Type) (replica : Type) [replica_dec_eq : DecidableEq.{1} replica]
      [replica_inhabited : Inhabited.{1} replica] (view : Type) [view_dec_eq : DecidableEq.{1} view]
      [view_inhabited : Inhabited.{1} view] (idx : Type) [idx_dec_eq : DecidableEq.{1} idx]
      [idx_inhabited : Inhabited.{1} idx] (entry : Type) [entry_dec_eq : DecidableEq.{1} entry]
      [entry_inhabited : Inhabited.{1} entry] (quorum : Type) [quorum_dec_eq : DecidableEq.{1} quorum]
      [quorum_inhabited : Inhabited.{1} quorum] (nonce : Type) [nonce_dec_eq : DecidableEq.{1} nonce]
      [nonce_inhabited : Inhabited.{1} nonce] [vw : TotalOrderWithMinimum view] [ix : TotalOrderWithMinimum idx]
      (status_t : Type) [status_t_dec_eq : DecidableEq.{1} status_t] [status_t_inhabited : Inhabited.{1} status_t]
      [status_t_Enum : @status_t_EnumClass status_t] (χ : State.Label → Type)
      [χ_rep :
        ∀ __veil_f,
          Veil.FieldRepresentation (State.Label.toDomain replica view idx entry quorum nonce status_t __veil_f)
            (State.Label.toCodomain replica view idx entry quorum nonce status_t __veil_f) (χ __veil_f)]
      [χ_rep_lawful :
        ∀ __veil_f,
          Veil.LawfulFieldRepresentation (State.Label.toDomain replica view idx entry quorum nonce status_t __veil_f)
            (State.Label.toCodomain replica view idx entry quorum nonce status_t __veil_f) (χ __veil_f) (χ_rep __veil_f)]
      [σ_sub : IsSubStateOf (@State χ) σ] [ρ_sub : IsSubReaderOf (@Theory replica view idx entry quorum nonce status_t) ρ]
      [recv_do_view_change_dec_0 :
        delta% @RunCheck.recv_do_view_change._veil_dec_type_0 replica view idx entry quorum nonce status_t χ vw χ_rep]
      [recv_prepare_dec_1 :
        delta% @RunCheck.recv_prepare._veil_dec_type_1 replica view χ vw idx entry quorum nonce status_t χ_rep] :
      ∀ (r : replica) (v : view) (q : replica),
        Veil.VeilM.meetsSpecificationIfSuccessfulAssuming
          (@recv_do_view_change.ext ρ σ replica replica_dec_eq replica_inhabited view view_dec_eq view_inhabited idx
            idx_dec_eq idx_inhabited entry entry_dec_eq entry_inhabited quorum quorum_dec_eq quorum_inhabited nonce
            nonce_dec_eq nonce_inhabited vw ix status_t status_t_dec_eq status_t_inhabited status_t_Enum χ χ_rep
            χ_rep_lawful σ_sub ρ_sub recv_do_view_change_dec_0 recv_prepare_dec_1 r v q)
          (@Assumptions ρ replica replica_dec_eq replica_inhabited view view_dec_eq view_inhabited idx idx_dec_eq
            idx_inhabited entry entry_dec_eq entry_inhabited quorum quorum_dec_eq quorum_inhabited nonce nonce_dec_eq
            nonce_inhabited vw ix status_t status_t_dec_eq status_t_inhabited status_t_Enum ρ_sub)
          (@Invariants ρ σ replica replica_dec_eq replica_inhabited view view_dec_eq view_inhabited idx idx_dec_eq
            idx_inhabited entry entry_dec_eq entry_inhabited quorum quorum_dec_eq quorum_inhabited nonce nonce_dec_eq
            nonce_inhabited vw ix status_t status_t_dec_eq status_t_inhabited status_t_Enum χ χ_rep χ_rep_lawful σ_sub
            ρ_sub)
          (@dvc_backed ρ σ replica replica_dec_eq replica_inhabited view view_dec_eq view_inhabited idx idx_dec_eq
            idx_inhabited entry entry_dec_eq entry_inhabited quorum quorum_dec_eq quorum_inhabited nonce nonce_dec_eq
            nonce_inhabited vw ix status_t status_t_dec_eq status_t_inhabited status_t_Enum χ χ_rep χ_rep_lawful σ_sub
            ρ_sub) :=
    by
    unveil
    sorry
  
  @[veil]
  theorem recv_do_view_change_rr_backed (ρ : Type) (σ : Type) (replica : Type) [replica_dec_eq : DecidableEq.{1} replica]
      [replica_inhabited : Inhabited.{1} replica] (view : Type) [view_dec_eq : DecidableEq.{1} view]
      [view_inhabited : Inhabited.{1} view] (idx : Type) [idx_dec_eq : DecidableEq.{1} idx]
      [idx_inhabited : Inhabited.{1} idx] (entry : Type) [entry_dec_eq : DecidableEq.{1} entry]
      [entry_inhabited : Inhabited.{1} entry] (quorum : Type) [quorum_dec_eq : DecidableEq.{1} quorum]
      [quorum_inhabited : Inhabited.{1} quorum] (nonce : Type) [nonce_dec_eq : DecidableEq.{1} nonce]
      [nonce_inhabited : Inhabited.{1} nonce] [vw : TotalOrderWithMinimum view] [ix : TotalOrderWithMinimum idx]
      (status_t : Type) [status_t_dec_eq : DecidableEq.{1} status_t] [status_t_inhabited : Inhabited.{1} status_t]
      [status_t_Enum : @status_t_EnumClass status_t] (χ : State.Label → Type)
      [χ_rep :
        ∀ __veil_f,
          Veil.FieldRepresentation (State.Label.toDomain replica view idx entry quorum nonce status_t __veil_f)
            (State.Label.toCodomain replica view idx entry quorum nonce status_t __veil_f) (χ __veil_f)]
      [χ_rep_lawful :
        ∀ __veil_f,
          Veil.LawfulFieldRepresentation (State.Label.toDomain replica view idx entry quorum nonce status_t __veil_f)
            (State.Label.toCodomain replica view idx entry quorum nonce status_t __veil_f) (χ __veil_f) (χ_rep __veil_f)]
      [σ_sub : IsSubStateOf (@State χ) σ] [ρ_sub : IsSubReaderOf (@Theory replica view idx entry quorum nonce status_t) ρ]
      [recv_do_view_change_dec_0 :
        delta% @RunCheck.recv_do_view_change._veil_dec_type_0 replica view idx entry quorum nonce status_t χ vw χ_rep]
      [recv_prepare_dec_1 :
        delta% @RunCheck.recv_prepare._veil_dec_type_1 replica view χ vw idx entry quorum nonce status_t χ_rep] :
      ∀ (r : replica) (v : view) (q : replica),
        Veil.VeilM.meetsSpecificationIfSuccessfulAssuming
          (@recv_do_view_change.ext ρ σ replica replica_dec_eq replica_inhabited view view_dec_eq view_inhabited idx
            idx_dec_eq idx_inhabited entry entry_dec_eq entry_inhabited quorum quorum_dec_eq quorum_inhabited nonce
            nonce_dec_eq nonce_inhabited vw ix status_t status_t_dec_eq status_t_inhabited status_t_Enum χ χ_rep
            χ_rep_lawful σ_sub ρ_sub recv_do_view_change_dec_0 recv_prepare_dec_1 r v q)
          (@Assumptions ρ replica replica_dec_eq replica_inhabited view view_dec_eq view_inhabited idx idx_dec_eq
            idx_inhabited entry entry_dec_eq entry_inhabited quorum quorum_dec_eq quorum_inhabited nonce nonce_dec_eq
            nonce_inhabited vw ix status_t status_t_dec_eq status_t_inhabited status_t_Enum ρ_sub)
          (@Invariants ρ σ replica replica_dec_eq replica_inhabited view view_dec_eq view_inhabited idx idx_dec_eq
            idx_inhabited entry entry_dec_eq entry_inhabited quorum quorum_dec_eq quorum_inhabited nonce nonce_dec_eq
            nonce_inhabited vw ix status_t status_t_dec_eq status_t_inhabited status_t_Enum χ χ_rep χ_rep_lawful σ_sub
            ρ_sub)
          (@rr_backed ρ σ replica replica_dec_eq replica_inhabited view view_dec_eq view_inhabited idx idx_dec_eq
            idx_inhabited entry entry_dec_eq entry_inhabited quorum quorum_dec_eq quorum_inhabited nonce nonce_dec_eq
            nonce_inhabited vw ix status_t status_t_dec_eq status_t_inhabited status_t_Enum χ χ_rep χ_rep_lawful σ_sub
            ρ_sub) :=
    by
    unveil
    sorry
  
  @[veil]
  theorem recv_do_view_change_survives_rr (ρ : Type) (σ : Type) (replica : Type)
      [replica_dec_eq : DecidableEq.{1} replica] [replica_inhabited : Inhabited.{1} replica] (view : Type)
      [view_dec_eq : DecidableEq.{1} view] [view_inhabited : Inhabited.{1} view] (idx : Type)
      [idx_dec_eq : DecidableEq.{1} idx] [idx_inhabited : Inhabited.{1} idx] (entry : Type)
      [entry_dec_eq : DecidableEq.{1} entry] [entry_inhabited : Inhabited.{1} entry] (quorum : Type)
      [quorum_dec_eq : DecidableEq.{1} quorum] [quorum_inhabited : Inhabited.{1} quorum] (nonce : Type)
      [nonce_dec_eq : DecidableEq.{1} nonce] [nonce_inhabited : Inhabited.{1} nonce] [vw : TotalOrderWithMinimum view]
      [ix : TotalOrderWithMinimum idx] (status_t : Type) [status_t_dec_eq : DecidableEq.{1} status_t]
      [status_t_inhabited : Inhabited.{1} status_t] [status_t_Enum : @status_t_EnumClass status_t]
      (χ : State.Label → Type)
      [χ_rep :
        ∀ __veil_f,
          Veil.FieldRepresentation (State.Label.toDomain replica view idx entry quorum nonce status_t __veil_f)
            (State.Label.toCodomain replica view idx entry quorum nonce status_t __veil_f) (χ __veil_f)]
      [χ_rep_lawful :
        ∀ __veil_f,
          Veil.LawfulFieldRepresentation (State.Label.toDomain replica view idx entry quorum nonce status_t __veil_f)
            (State.Label.toCodomain replica view idx entry quorum nonce status_t __veil_f) (χ __veil_f) (χ_rep __veil_f)]
      [σ_sub : IsSubStateOf (@State χ) σ] [ρ_sub : IsSubReaderOf (@Theory replica view idx entry quorum nonce status_t) ρ]
      [recv_do_view_change_dec_0 :
        delta% @RunCheck.recv_do_view_change._veil_dec_type_0 replica view idx entry quorum nonce status_t χ vw χ_rep]
      [recv_prepare_dec_1 :
        delta% @RunCheck.recv_prepare._veil_dec_type_1 replica view χ vw idx entry quorum nonce status_t χ_rep] :
      ∀ (r : replica) (v : view) (q : replica),
        Veil.VeilM.meetsSpecificationIfSuccessfulAssuming
          (@recv_do_view_change.ext ρ σ replica replica_dec_eq replica_inhabited view view_dec_eq view_inhabited idx
            idx_dec_eq idx_inhabited entry entry_dec_eq entry_inhabited quorum quorum_dec_eq quorum_inhabited nonce
            nonce_dec_eq nonce_inhabited vw ix status_t status_t_dec_eq status_t_inhabited status_t_Enum χ χ_rep
            χ_rep_lawful σ_sub ρ_sub recv_do_view_change_dec_0 recv_prepare_dec_1 r v q)
          (@Assumptions ρ replica replica_dec_eq replica_inhabited view view_dec_eq view_inhabited idx idx_dec_eq
            idx_inhabited entry entry_dec_eq entry_inhabited quorum quorum_dec_eq quorum_inhabited nonce nonce_dec_eq
            nonce_inhabited vw ix status_t status_t_dec_eq status_t_inhabited status_t_Enum ρ_sub)
          (@Invariants ρ σ replica replica_dec_eq replica_inhabited view view_dec_eq view_inhabited idx idx_dec_eq
            idx_inhabited entry entry_dec_eq entry_inhabited quorum quorum_dec_eq quorum_inhabited nonce nonce_dec_eq
            nonce_inhabited vw ix status_t status_t_dec_eq status_t_inhabited status_t_Enum χ χ_rep χ_rep_lawful σ_sub
            ρ_sub)
          (@survives_rr ρ σ replica replica_dec_eq replica_inhabited view view_dec_eq view_inhabited idx idx_dec_eq
            idx_inhabited entry entry_dec_eq entry_inhabited quorum quorum_dec_eq quorum_inhabited nonce nonce_dec_eq
            nonce_inhabited vw ix status_t status_t_dec_eq status_t_inhabited status_t_Enum χ χ_rep χ_rep_lawful σ_sub
            ρ_sub) :=
    by
    unveil
    sorry
  
  @[veil]
  theorem recv_do_view_change_survives_replica (ρ : Type) (σ : Type) (replica : Type)
      [replica_dec_eq : DecidableEq.{1} replica] [replica_inhabited : Inhabited.{1} replica] (view : Type)
      [view_dec_eq : DecidableEq.{1} view] [view_inhabited : Inhabited.{1} view] (idx : Type)
      [idx_dec_eq : DecidableEq.{1} idx] [idx_inhabited : Inhabited.{1} idx] (entry : Type)
      [entry_dec_eq : DecidableEq.{1} entry] [entry_inhabited : Inhabited.{1} entry] (quorum : Type)
      [quorum_dec_eq : DecidableEq.{1} quorum] [quorum_inhabited : Inhabited.{1} quorum] (nonce : Type)
      [nonce_dec_eq : DecidableEq.{1} nonce] [nonce_inhabited : Inhabited.{1} nonce] [vw : TotalOrderWithMinimum view]
      [ix : TotalOrderWithMinimum idx] (status_t : Type) [status_t_dec_eq : DecidableEq.{1} status_t]
      [status_t_inhabited : Inhabited.{1} status_t] [status_t_Enum : @status_t_EnumClass status_t]
      (χ : State.Label → Type)
      [χ_rep :
        ∀ __veil_f,
          Veil.FieldRepresentation (State.Label.toDomain replica view idx entry quorum nonce status_t __veil_f)
            (State.Label.toCodomain replica view idx entry quorum nonce status_t __veil_f) (χ __veil_f)]
      [χ_rep_lawful :
        ∀ __veil_f,
          Veil.LawfulFieldRepresentation (State.Label.toDomain replica view idx entry quorum nonce status_t __veil_f)
            (State.Label.toCodomain replica view idx entry quorum nonce status_t __veil_f) (χ __veil_f) (χ_rep __veil_f)]
      [σ_sub : IsSubStateOf (@State χ) σ] [ρ_sub : IsSubReaderOf (@Theory replica view idx entry quorum nonce status_t) ρ]
      [recv_do_view_change_dec_0 :
        delta% @RunCheck.recv_do_view_change._veil_dec_type_0 replica view idx entry quorum nonce status_t χ vw χ_rep]
      [recv_prepare_dec_1 :
        delta% @RunCheck.recv_prepare._veil_dec_type_1 replica view χ vw idx entry quorum nonce status_t χ_rep] :
      ∀ (r : replica) (v : view) (q : replica),
        Veil.VeilM.meetsSpecificationIfSuccessfulAssuming
          (@recv_do_view_change.ext ρ σ replica replica_dec_eq replica_inhabited view view_dec_eq view_inhabited idx
            idx_dec_eq idx_inhabited entry entry_dec_eq entry_inhabited quorum quorum_dec_eq quorum_inhabited nonce
            nonce_dec_eq nonce_inhabited vw ix status_t status_t_dec_eq status_t_inhabited status_t_Enum χ χ_rep
            χ_rep_lawful σ_sub ρ_sub recv_do_view_change_dec_0 recv_prepare_dec_1 r v q)
          (@Assumptions ρ replica replica_dec_eq replica_inhabited view view_dec_eq view_inhabited idx idx_dec_eq
            idx_inhabited entry entry_dec_eq entry_inhabited quorum quorum_dec_eq quorum_inhabited nonce nonce_dec_eq
            nonce_inhabited vw ix status_t status_t_dec_eq status_t_inhabited status_t_Enum ρ_sub)
          (@Invariants ρ σ replica replica_dec_eq replica_inhabited view view_dec_eq view_inhabited idx idx_dec_eq
            idx_inhabited entry entry_dec_eq entry_inhabited quorum quorum_dec_eq quorum_inhabited nonce nonce_dec_eq
            nonce_inhabited vw ix status_t status_t_dec_eq status_t_inhabited status_t_Enum χ χ_rep χ_rep_lawful σ_sub
            ρ_sub)
          (@survives_replica ρ σ replica replica_dec_eq replica_inhabited view view_dec_eq view_inhabited idx idx_dec_eq
            idx_inhabited entry entry_dec_eq entry_inhabited quorum quorum_dec_eq quorum_inhabited nonce nonce_dec_eq
            nonce_inhabited vw ix status_t status_t_dec_eq status_t_inhabited status_t_Enum χ χ_rep χ_rep_lawful σ_sub
            ρ_sub) :=
    by
    unveil
    sorry
  
  @[veil]
  theorem recv_start_view_prefix_agreement (ρ : Type) (σ : Type) (replica : Type)
      [replica_dec_eq : DecidableEq.{1} replica] [replica_inhabited : Inhabited.{1} replica] (view : Type)
      [view_dec_eq : DecidableEq.{1} view] [view_inhabited : Inhabited.{1} view] (idx : Type)
      [idx_dec_eq : DecidableEq.{1} idx] [idx_inhabited : Inhabited.{1} idx] (entry : Type)
      [entry_dec_eq : DecidableEq.{1} entry] [entry_inhabited : Inhabited.{1} entry] (quorum : Type)
      [quorum_dec_eq : DecidableEq.{1} quorum] [quorum_inhabited : Inhabited.{1} quorum] (nonce : Type)
      [nonce_dec_eq : DecidableEq.{1} nonce] [nonce_inhabited : Inhabited.{1} nonce] [vw : TotalOrderWithMinimum view]
      [ix : TotalOrderWithMinimum idx] (status_t : Type) [status_t_dec_eq : DecidableEq.{1} status_t]
      [status_t_inhabited : Inhabited.{1} status_t] [status_t_Enum : @status_t_EnumClass status_t]
      (χ : State.Label → Type)
      [χ_rep :
        ∀ __veil_f,
          Veil.FieldRepresentation (State.Label.toDomain replica view idx entry quorum nonce status_t __veil_f)
            (State.Label.toCodomain replica view idx entry quorum nonce status_t __veil_f) (χ __veil_f)]
      [χ_rep_lawful :
        ∀ __veil_f,
          Veil.LawfulFieldRepresentation (State.Label.toDomain replica view idx entry quorum nonce status_t __veil_f)
            (State.Label.toCodomain replica view idx entry quorum nonce status_t __veil_f) (χ __veil_f) (χ_rep __veil_f)]
      [σ_sub : IsSubStateOf (@State χ) σ] [ρ_sub : IsSubReaderOf (@Theory replica view idx entry quorum nonce status_t) ρ]
      [recv_start_view_dec_0 :
        delta%
          @RunCheck.recv_start_view._veil_dec_type_0 replica view χ vw idx entry quorum nonce status_t χ_rep
            status_t_Enum]
      [install_log_dec_0 :
        delta% @RunCheck.install_log._veil_dec_type_0 replica idx χ ix view entry quorum nonce status_t χ_rep]
      [install_log_dec_1 :
        delta% @RunCheck.install_log._veil_dec_type_1 view idx χ entry replica quorum nonce status_t χ_rep ix]
      [commit_up_to_dec_0 :
        delta% @RunCheck.commit_up_to._veil_dec_type_0 replica idx χ ix view entry quorum nonce status_t χ_rep]
      [commit_up_to_dec_1 :
        delta% @RunCheck.commit_up_to._veil_dec_type_1 replica idx χ ix view entry quorum nonce status_t χ_rep] :
      ∀ (r : replica) (v : view) (n : idx) (k : idx),
        Veil.VeilM.meetsSpecificationIfSuccessfulAssuming
          (@recv_start_view.ext ρ σ replica replica_dec_eq replica_inhabited view view_dec_eq view_inhabited idx
            idx_dec_eq idx_inhabited entry entry_dec_eq entry_inhabited quorum quorum_dec_eq quorum_inhabited nonce
            nonce_dec_eq nonce_inhabited vw ix status_t status_t_dec_eq status_t_inhabited status_t_Enum χ χ_rep
            χ_rep_lawful σ_sub ρ_sub recv_start_view_dec_0 install_log_dec_0 install_log_dec_1 commit_up_to_dec_0
            commit_up_to_dec_1 r v n k)
          (@Assumptions ρ replica replica_dec_eq replica_inhabited view view_dec_eq view_inhabited idx idx_dec_eq
            idx_inhabited entry entry_dec_eq entry_inhabited quorum quorum_dec_eq quorum_inhabited nonce nonce_dec_eq
            nonce_inhabited vw ix status_t status_t_dec_eq status_t_inhabited status_t_Enum ρ_sub)
          (@Invariants ρ σ replica replica_dec_eq replica_inhabited view view_dec_eq view_inhabited idx idx_dec_eq
            idx_inhabited entry entry_dec_eq entry_inhabited quorum quorum_dec_eq quorum_inhabited nonce nonce_dec_eq
            nonce_inhabited vw ix status_t status_t_dec_eq status_t_inhabited status_t_Enum χ χ_rep χ_rep_lawful σ_sub
            ρ_sub)
          (@prefix_agreement ρ σ replica replica_dec_eq replica_inhabited view view_dec_eq view_inhabited idx idx_dec_eq
            idx_inhabited entry entry_dec_eq entry_inhabited quorum quorum_dec_eq quorum_inhabited nonce nonce_dec_eq
            nonce_inhabited vw ix status_t status_t_dec_eq status_t_inhabited status_t_Enum χ χ_rep χ_rep_lawful σ_sub
            ρ_sub) :=
    by
    unveil
    sorry
  
  @[veil]
  theorem recv_start_view_replica_backed (ρ : Type) (σ : Type) (replica : Type) [replica_dec_eq : DecidableEq.{1} replica]
      [replica_inhabited : Inhabited.{1} replica] (view : Type) [view_dec_eq : DecidableEq.{1} view]
      [view_inhabited : Inhabited.{1} view] (idx : Type) [idx_dec_eq : DecidableEq.{1} idx]
      [idx_inhabited : Inhabited.{1} idx] (entry : Type) [entry_dec_eq : DecidableEq.{1} entry]
      [entry_inhabited : Inhabited.{1} entry] (quorum : Type) [quorum_dec_eq : DecidableEq.{1} quorum]
      [quorum_inhabited : Inhabited.{1} quorum] (nonce : Type) [nonce_dec_eq : DecidableEq.{1} nonce]
      [nonce_inhabited : Inhabited.{1} nonce] [vw : TotalOrderWithMinimum view] [ix : TotalOrderWithMinimum idx]
      (status_t : Type) [status_t_dec_eq : DecidableEq.{1} status_t] [status_t_inhabited : Inhabited.{1} status_t]
      [status_t_Enum : @status_t_EnumClass status_t] (χ : State.Label → Type)
      [χ_rep :
        ∀ __veil_f,
          Veil.FieldRepresentation (State.Label.toDomain replica view idx entry quorum nonce status_t __veil_f)
            (State.Label.toCodomain replica view idx entry quorum nonce status_t __veil_f) (χ __veil_f)]
      [χ_rep_lawful :
        ∀ __veil_f,
          Veil.LawfulFieldRepresentation (State.Label.toDomain replica view idx entry quorum nonce status_t __veil_f)
            (State.Label.toCodomain replica view idx entry quorum nonce status_t __veil_f) (χ __veil_f) (χ_rep __veil_f)]
      [σ_sub : IsSubStateOf (@State χ) σ] [ρ_sub : IsSubReaderOf (@Theory replica view idx entry quorum nonce status_t) ρ]
      [recv_start_view_dec_0 :
        delta%
          @RunCheck.recv_start_view._veil_dec_type_0 replica view χ vw idx entry quorum nonce status_t χ_rep
            status_t_Enum]
      [install_log_dec_0 :
        delta% @RunCheck.install_log._veil_dec_type_0 replica idx χ ix view entry quorum nonce status_t χ_rep]
      [install_log_dec_1 :
        delta% @RunCheck.install_log._veil_dec_type_1 view idx χ entry replica quorum nonce status_t χ_rep ix]
      [commit_up_to_dec_0 :
        delta% @RunCheck.commit_up_to._veil_dec_type_0 replica idx χ ix view entry quorum nonce status_t χ_rep]
      [commit_up_to_dec_1 :
        delta% @RunCheck.commit_up_to._veil_dec_type_1 replica idx χ ix view entry quorum nonce status_t χ_rep] :
      ∀ (r : replica) (v : view) (n : idx) (k : idx),
        Veil.VeilM.meetsSpecificationIfSuccessfulAssuming
          (@recv_start_view.ext ρ σ replica replica_dec_eq replica_inhabited view view_dec_eq view_inhabited idx
            idx_dec_eq idx_inhabited entry entry_dec_eq entry_inhabited quorum quorum_dec_eq quorum_inhabited nonce
            nonce_dec_eq nonce_inhabited vw ix status_t status_t_dec_eq status_t_inhabited status_t_Enum χ χ_rep
            χ_rep_lawful σ_sub ρ_sub recv_start_view_dec_0 install_log_dec_0 install_log_dec_1 commit_up_to_dec_0
            commit_up_to_dec_1 r v n k)
          (@Assumptions ρ replica replica_dec_eq replica_inhabited view view_dec_eq view_inhabited idx idx_dec_eq
            idx_inhabited entry entry_dec_eq entry_inhabited quorum quorum_dec_eq quorum_inhabited nonce nonce_dec_eq
            nonce_inhabited vw ix status_t status_t_dec_eq status_t_inhabited status_t_Enum ρ_sub)
          (@Invariants ρ σ replica replica_dec_eq replica_inhabited view view_dec_eq view_inhabited idx idx_dec_eq
            idx_inhabited entry entry_dec_eq entry_inhabited quorum quorum_dec_eq quorum_inhabited nonce nonce_dec_eq
            nonce_inhabited vw ix status_t status_t_dec_eq status_t_inhabited status_t_Enum χ χ_rep χ_rep_lawful σ_sub
            ρ_sub)
          (@replica_backed ρ σ replica replica_dec_eq replica_inhabited view view_dec_eq view_inhabited idx idx_dec_eq
            idx_inhabited entry entry_dec_eq entry_inhabited quorum quorum_dec_eq quorum_inhabited nonce nonce_dec_eq
            nonce_inhabited vw ix status_t status_t_dec_eq status_t_inhabited status_t_Enum χ χ_rep χ_rep_lawful σ_sub
            ρ_sub) :=
    by
    unveil
    sorry
  
  @[veil]
  theorem recv_start_view_prepare_backed (ρ : Type) (σ : Type) (replica : Type) [replica_dec_eq : DecidableEq.{1} replica]
      [replica_inhabited : Inhabited.{1} replica] (view : Type) [view_dec_eq : DecidableEq.{1} view]
      [view_inhabited : Inhabited.{1} view] (idx : Type) [idx_dec_eq : DecidableEq.{1} idx]
      [idx_inhabited : Inhabited.{1} idx] (entry : Type) [entry_dec_eq : DecidableEq.{1} entry]
      [entry_inhabited : Inhabited.{1} entry] (quorum : Type) [quorum_dec_eq : DecidableEq.{1} quorum]
      [quorum_inhabited : Inhabited.{1} quorum] (nonce : Type) [nonce_dec_eq : DecidableEq.{1} nonce]
      [nonce_inhabited : Inhabited.{1} nonce] [vw : TotalOrderWithMinimum view] [ix : TotalOrderWithMinimum idx]
      (status_t : Type) [status_t_dec_eq : DecidableEq.{1} status_t] [status_t_inhabited : Inhabited.{1} status_t]
      [status_t_Enum : @status_t_EnumClass status_t] (χ : State.Label → Type)
      [χ_rep :
        ∀ __veil_f,
          Veil.FieldRepresentation (State.Label.toDomain replica view idx entry quorum nonce status_t __veil_f)
            (State.Label.toCodomain replica view idx entry quorum nonce status_t __veil_f) (χ __veil_f)]
      [χ_rep_lawful :
        ∀ __veil_f,
          Veil.LawfulFieldRepresentation (State.Label.toDomain replica view idx entry quorum nonce status_t __veil_f)
            (State.Label.toCodomain replica view idx entry quorum nonce status_t __veil_f) (χ __veil_f) (χ_rep __veil_f)]
      [σ_sub : IsSubStateOf (@State χ) σ] [ρ_sub : IsSubReaderOf (@Theory replica view idx entry quorum nonce status_t) ρ]
      [recv_start_view_dec_0 :
        delta%
          @RunCheck.recv_start_view._veil_dec_type_0 replica view χ vw idx entry quorum nonce status_t χ_rep
            status_t_Enum]
      [install_log_dec_0 :
        delta% @RunCheck.install_log._veil_dec_type_0 replica idx χ ix view entry quorum nonce status_t χ_rep]
      [install_log_dec_1 :
        delta% @RunCheck.install_log._veil_dec_type_1 view idx χ entry replica quorum nonce status_t χ_rep ix]
      [commit_up_to_dec_0 :
        delta% @RunCheck.commit_up_to._veil_dec_type_0 replica idx χ ix view entry quorum nonce status_t χ_rep]
      [commit_up_to_dec_1 :
        delta% @RunCheck.commit_up_to._veil_dec_type_1 replica idx χ ix view entry quorum nonce status_t χ_rep] :
      ∀ (r : replica) (v : view) (n : idx) (k : idx),
        Veil.VeilM.meetsSpecificationIfSuccessfulAssuming
          (@recv_start_view.ext ρ σ replica replica_dec_eq replica_inhabited view view_dec_eq view_inhabited idx
            idx_dec_eq idx_inhabited entry entry_dec_eq entry_inhabited quorum quorum_dec_eq quorum_inhabited nonce
            nonce_dec_eq nonce_inhabited vw ix status_t status_t_dec_eq status_t_inhabited status_t_Enum χ χ_rep
            χ_rep_lawful σ_sub ρ_sub recv_start_view_dec_0 install_log_dec_0 install_log_dec_1 commit_up_to_dec_0
            commit_up_to_dec_1 r v n k)
          (@Assumptions ρ replica replica_dec_eq replica_inhabited view view_dec_eq view_inhabited idx idx_dec_eq
            idx_inhabited entry entry_dec_eq entry_inhabited quorum quorum_dec_eq quorum_inhabited nonce nonce_dec_eq
            nonce_inhabited vw ix status_t status_t_dec_eq status_t_inhabited status_t_Enum ρ_sub)
          (@Invariants ρ σ replica replica_dec_eq replica_inhabited view view_dec_eq view_inhabited idx idx_dec_eq
            idx_inhabited entry entry_dec_eq entry_inhabited quorum quorum_dec_eq quorum_inhabited nonce nonce_dec_eq
            nonce_inhabited vw ix status_t status_t_dec_eq status_t_inhabited status_t_Enum χ χ_rep χ_rep_lawful σ_sub
            ρ_sub)
          (@prepare_backed ρ σ replica replica_dec_eq replica_inhabited view view_dec_eq view_inhabited idx idx_dec_eq
            idx_inhabited entry entry_dec_eq entry_inhabited quorum quorum_dec_eq quorum_inhabited nonce nonce_dec_eq
            nonce_inhabited vw ix status_t status_t_dec_eq status_t_inhabited status_t_Enum χ χ_rep χ_rep_lawful σ_sub
            ρ_sub) :=
    by
    unveil
    sorry
  
  @[veil]
  theorem recv_start_view_commit_backed (ρ : Type) (σ : Type) (replica : Type) [replica_dec_eq : DecidableEq.{1} replica]
      [replica_inhabited : Inhabited.{1} replica] (view : Type) [view_dec_eq : DecidableEq.{1} view]
      [view_inhabited : Inhabited.{1} view] (idx : Type) [idx_dec_eq : DecidableEq.{1} idx]
      [idx_inhabited : Inhabited.{1} idx] (entry : Type) [entry_dec_eq : DecidableEq.{1} entry]
      [entry_inhabited : Inhabited.{1} entry] (quorum : Type) [quorum_dec_eq : DecidableEq.{1} quorum]
      [quorum_inhabited : Inhabited.{1} quorum] (nonce : Type) [nonce_dec_eq : DecidableEq.{1} nonce]
      [nonce_inhabited : Inhabited.{1} nonce] [vw : TotalOrderWithMinimum view] [ix : TotalOrderWithMinimum idx]
      (status_t : Type) [status_t_dec_eq : DecidableEq.{1} status_t] [status_t_inhabited : Inhabited.{1} status_t]
      [status_t_Enum : @status_t_EnumClass status_t] (χ : State.Label → Type)
      [χ_rep :
        ∀ __veil_f,
          Veil.FieldRepresentation (State.Label.toDomain replica view idx entry quorum nonce status_t __veil_f)
            (State.Label.toCodomain replica view idx entry quorum nonce status_t __veil_f) (χ __veil_f)]
      [χ_rep_lawful :
        ∀ __veil_f,
          Veil.LawfulFieldRepresentation (State.Label.toDomain replica view idx entry quorum nonce status_t __veil_f)
            (State.Label.toCodomain replica view idx entry quorum nonce status_t __veil_f) (χ __veil_f) (χ_rep __veil_f)]
      [σ_sub : IsSubStateOf (@State χ) σ] [ρ_sub : IsSubReaderOf (@Theory replica view idx entry quorum nonce status_t) ρ]
      [recv_start_view_dec_0 :
        delta%
          @RunCheck.recv_start_view._veil_dec_type_0 replica view χ vw idx entry quorum nonce status_t χ_rep
            status_t_Enum]
      [install_log_dec_0 :
        delta% @RunCheck.install_log._veil_dec_type_0 replica idx χ ix view entry quorum nonce status_t χ_rep]
      [install_log_dec_1 :
        delta% @RunCheck.install_log._veil_dec_type_1 view idx χ entry replica quorum nonce status_t χ_rep ix]
      [commit_up_to_dec_0 :
        delta% @RunCheck.commit_up_to._veil_dec_type_0 replica idx χ ix view entry quorum nonce status_t χ_rep]
      [commit_up_to_dec_1 :
        delta% @RunCheck.commit_up_to._veil_dec_type_1 replica idx χ ix view entry quorum nonce status_t χ_rep] :
      ∀ (r : replica) (v : view) (n : idx) (k : idx),
        Veil.VeilM.meetsSpecificationIfSuccessfulAssuming
          (@recv_start_view.ext ρ σ replica replica_dec_eq replica_inhabited view view_dec_eq view_inhabited idx
            idx_dec_eq idx_inhabited entry entry_dec_eq entry_inhabited quorum quorum_dec_eq quorum_inhabited nonce
            nonce_dec_eq nonce_inhabited vw ix status_t status_t_dec_eq status_t_inhabited status_t_Enum χ χ_rep
            χ_rep_lawful σ_sub ρ_sub recv_start_view_dec_0 install_log_dec_0 install_log_dec_1 commit_up_to_dec_0
            commit_up_to_dec_1 r v n k)
          (@Assumptions ρ replica replica_dec_eq replica_inhabited view view_dec_eq view_inhabited idx idx_dec_eq
            idx_inhabited entry entry_dec_eq entry_inhabited quorum quorum_dec_eq quorum_inhabited nonce nonce_dec_eq
            nonce_inhabited vw ix status_t status_t_dec_eq status_t_inhabited status_t_Enum ρ_sub)
          (@Invariants ρ σ replica replica_dec_eq replica_inhabited view view_dec_eq view_inhabited idx idx_dec_eq
            idx_inhabited entry entry_dec_eq entry_inhabited quorum quorum_dec_eq quorum_inhabited nonce nonce_dec_eq
            nonce_inhabited vw ix status_t status_t_dec_eq status_t_inhabited status_t_Enum χ χ_rep χ_rep_lawful σ_sub
            ρ_sub)
          (@commit_backed ρ σ replica replica_dec_eq replica_inhabited view view_dec_eq view_inhabited idx idx_dec_eq
            idx_inhabited entry entry_dec_eq entry_inhabited quorum quorum_dec_eq quorum_inhabited nonce nonce_dec_eq
            nonce_inhabited vw ix status_t status_t_dec_eq status_t_inhabited status_t_Enum χ χ_rep χ_rep_lawful σ_sub
            ρ_sub) :=
    by
    unveil
    sorry
  
  @[veil]
  theorem recv_start_view_new_state_backed (ρ : Type) (σ : Type) (replica : Type)
      [replica_dec_eq : DecidableEq.{1} replica] [replica_inhabited : Inhabited.{1} replica] (view : Type)
      [view_dec_eq : DecidableEq.{1} view] [view_inhabited : Inhabited.{1} view] (idx : Type)
      [idx_dec_eq : DecidableEq.{1} idx] [idx_inhabited : Inhabited.{1} idx] (entry : Type)
      [entry_dec_eq : DecidableEq.{1} entry] [entry_inhabited : Inhabited.{1} entry] (quorum : Type)
      [quorum_dec_eq : DecidableEq.{1} quorum] [quorum_inhabited : Inhabited.{1} quorum] (nonce : Type)
      [nonce_dec_eq : DecidableEq.{1} nonce] [nonce_inhabited : Inhabited.{1} nonce] [vw : TotalOrderWithMinimum view]
      [ix : TotalOrderWithMinimum idx] (status_t : Type) [status_t_dec_eq : DecidableEq.{1} status_t]
      [status_t_inhabited : Inhabited.{1} status_t] [status_t_Enum : @status_t_EnumClass status_t]
      (χ : State.Label → Type)
      [χ_rep :
        ∀ __veil_f,
          Veil.FieldRepresentation (State.Label.toDomain replica view idx entry quorum nonce status_t __veil_f)
            (State.Label.toCodomain replica view idx entry quorum nonce status_t __veil_f) (χ __veil_f)]
      [χ_rep_lawful :
        ∀ __veil_f,
          Veil.LawfulFieldRepresentation (State.Label.toDomain replica view idx entry quorum nonce status_t __veil_f)
            (State.Label.toCodomain replica view idx entry quorum nonce status_t __veil_f) (χ __veil_f) (χ_rep __veil_f)]
      [σ_sub : IsSubStateOf (@State χ) σ] [ρ_sub : IsSubReaderOf (@Theory replica view idx entry quorum nonce status_t) ρ]
      [recv_start_view_dec_0 :
        delta%
          @RunCheck.recv_start_view._veil_dec_type_0 replica view χ vw idx entry quorum nonce status_t χ_rep
            status_t_Enum]
      [install_log_dec_0 :
        delta% @RunCheck.install_log._veil_dec_type_0 replica idx χ ix view entry quorum nonce status_t χ_rep]
      [install_log_dec_1 :
        delta% @RunCheck.install_log._veil_dec_type_1 view idx χ entry replica quorum nonce status_t χ_rep ix]
      [commit_up_to_dec_0 :
        delta% @RunCheck.commit_up_to._veil_dec_type_0 replica idx χ ix view entry quorum nonce status_t χ_rep]
      [commit_up_to_dec_1 :
        delta% @RunCheck.commit_up_to._veil_dec_type_1 replica idx χ ix view entry quorum nonce status_t χ_rep] :
      ∀ (r : replica) (v : view) (n : idx) (k : idx),
        Veil.VeilM.meetsSpecificationIfSuccessfulAssuming
          (@recv_start_view.ext ρ σ replica replica_dec_eq replica_inhabited view view_dec_eq view_inhabited idx
            idx_dec_eq idx_inhabited entry entry_dec_eq entry_inhabited quorum quorum_dec_eq quorum_inhabited nonce
            nonce_dec_eq nonce_inhabited vw ix status_t status_t_dec_eq status_t_inhabited status_t_Enum χ χ_rep
            χ_rep_lawful σ_sub ρ_sub recv_start_view_dec_0 install_log_dec_0 install_log_dec_1 commit_up_to_dec_0
            commit_up_to_dec_1 r v n k)
          (@Assumptions ρ replica replica_dec_eq replica_inhabited view view_dec_eq view_inhabited idx idx_dec_eq
            idx_inhabited entry entry_dec_eq entry_inhabited quorum quorum_dec_eq quorum_inhabited nonce nonce_dec_eq
            nonce_inhabited vw ix status_t status_t_dec_eq status_t_inhabited status_t_Enum ρ_sub)
          (@Invariants ρ σ replica replica_dec_eq replica_inhabited view view_dec_eq view_inhabited idx idx_dec_eq
            idx_inhabited entry entry_dec_eq entry_inhabited quorum quorum_dec_eq quorum_inhabited nonce nonce_dec_eq
            nonce_inhabited vw ix status_t status_t_dec_eq status_t_inhabited status_t_Enum χ χ_rep χ_rep_lawful σ_sub
            ρ_sub)
          (@new_state_backed ρ σ replica replica_dec_eq replica_inhabited view view_dec_eq view_inhabited idx idx_dec_eq
            idx_inhabited entry entry_dec_eq entry_inhabited quorum quorum_dec_eq quorum_inhabited nonce nonce_dec_eq
            nonce_inhabited vw ix status_t status_t_dec_eq status_t_inhabited status_t_Enum χ χ_rep χ_rep_lawful σ_sub
            ρ_sub) :=
    by
    unveil
    sorry
  
  @[veil]
  theorem recv_start_view_start_view_backed (ρ : Type) (σ : Type) (replica : Type)
      [replica_dec_eq : DecidableEq.{1} replica] [replica_inhabited : Inhabited.{1} replica] (view : Type)
      [view_dec_eq : DecidableEq.{1} view] [view_inhabited : Inhabited.{1} view] (idx : Type)
      [idx_dec_eq : DecidableEq.{1} idx] [idx_inhabited : Inhabited.{1} idx] (entry : Type)
      [entry_dec_eq : DecidableEq.{1} entry] [entry_inhabited : Inhabited.{1} entry] (quorum : Type)
      [quorum_dec_eq : DecidableEq.{1} quorum] [quorum_inhabited : Inhabited.{1} quorum] (nonce : Type)
      [nonce_dec_eq : DecidableEq.{1} nonce] [nonce_inhabited : Inhabited.{1} nonce] [vw : TotalOrderWithMinimum view]
      [ix : TotalOrderWithMinimum idx] (status_t : Type) [status_t_dec_eq : DecidableEq.{1} status_t]
      [status_t_inhabited : Inhabited.{1} status_t] [status_t_Enum : @status_t_EnumClass status_t]
      (χ : State.Label → Type)
      [χ_rep :
        ∀ __veil_f,
          Veil.FieldRepresentation (State.Label.toDomain replica view idx entry quorum nonce status_t __veil_f)
            (State.Label.toCodomain replica view idx entry quorum nonce status_t __veil_f) (χ __veil_f)]
      [χ_rep_lawful :
        ∀ __veil_f,
          Veil.LawfulFieldRepresentation (State.Label.toDomain replica view idx entry quorum nonce status_t __veil_f)
            (State.Label.toCodomain replica view idx entry quorum nonce status_t __veil_f) (χ __veil_f) (χ_rep __veil_f)]
      [σ_sub : IsSubStateOf (@State χ) σ] [ρ_sub : IsSubReaderOf (@Theory replica view idx entry quorum nonce status_t) ρ]
      [recv_start_view_dec_0 :
        delta%
          @RunCheck.recv_start_view._veil_dec_type_0 replica view χ vw idx entry quorum nonce status_t χ_rep
            status_t_Enum]
      [install_log_dec_0 :
        delta% @RunCheck.install_log._veil_dec_type_0 replica idx χ ix view entry quorum nonce status_t χ_rep]
      [install_log_dec_1 :
        delta% @RunCheck.install_log._veil_dec_type_1 view idx χ entry replica quorum nonce status_t χ_rep ix]
      [commit_up_to_dec_0 :
        delta% @RunCheck.commit_up_to._veil_dec_type_0 replica idx χ ix view entry quorum nonce status_t χ_rep]
      [commit_up_to_dec_1 :
        delta% @RunCheck.commit_up_to._veil_dec_type_1 replica idx χ ix view entry quorum nonce status_t χ_rep] :
      ∀ (r : replica) (v : view) (n : idx) (k : idx),
        Veil.VeilM.meetsSpecificationIfSuccessfulAssuming
          (@recv_start_view.ext ρ σ replica replica_dec_eq replica_inhabited view view_dec_eq view_inhabited idx
            idx_dec_eq idx_inhabited entry entry_dec_eq entry_inhabited quorum quorum_dec_eq quorum_inhabited nonce
            nonce_dec_eq nonce_inhabited vw ix status_t status_t_dec_eq status_t_inhabited status_t_Enum χ χ_rep
            χ_rep_lawful σ_sub ρ_sub recv_start_view_dec_0 install_log_dec_0 install_log_dec_1 commit_up_to_dec_0
            commit_up_to_dec_1 r v n k)
          (@Assumptions ρ replica replica_dec_eq replica_inhabited view view_dec_eq view_inhabited idx idx_dec_eq
            idx_inhabited entry entry_dec_eq entry_inhabited quorum quorum_dec_eq quorum_inhabited nonce nonce_dec_eq
            nonce_inhabited vw ix status_t status_t_dec_eq status_t_inhabited status_t_Enum ρ_sub)
          (@Invariants ρ σ replica replica_dec_eq replica_inhabited view view_dec_eq view_inhabited idx idx_dec_eq
            idx_inhabited entry entry_dec_eq entry_inhabited quorum quorum_dec_eq quorum_inhabited nonce nonce_dec_eq
            nonce_inhabited vw ix status_t status_t_dec_eq status_t_inhabited status_t_Enum χ χ_rep χ_rep_lawful σ_sub
            ρ_sub)
          (@start_view_backed ρ σ replica replica_dec_eq replica_inhabited view view_dec_eq view_inhabited idx idx_dec_eq
            idx_inhabited entry entry_dec_eq entry_inhabited quorum quorum_dec_eq quorum_inhabited nonce nonce_dec_eq
            nonce_inhabited vw ix status_t status_t_dec_eq status_t_inhabited status_t_Enum χ χ_rep χ_rep_lawful σ_sub
            ρ_sub) :=
    by
    unveil
    sorry
  
  @[veil]
  theorem recv_start_view_dvc_backed (ρ : Type) (σ : Type) (replica : Type) [replica_dec_eq : DecidableEq.{1} replica]
      [replica_inhabited : Inhabited.{1} replica] (view : Type) [view_dec_eq : DecidableEq.{1} view]
      [view_inhabited : Inhabited.{1} view] (idx : Type) [idx_dec_eq : DecidableEq.{1} idx]
      [idx_inhabited : Inhabited.{1} idx] (entry : Type) [entry_dec_eq : DecidableEq.{1} entry]
      [entry_inhabited : Inhabited.{1} entry] (quorum : Type) [quorum_dec_eq : DecidableEq.{1} quorum]
      [quorum_inhabited : Inhabited.{1} quorum] (nonce : Type) [nonce_dec_eq : DecidableEq.{1} nonce]
      [nonce_inhabited : Inhabited.{1} nonce] [vw : TotalOrderWithMinimum view] [ix : TotalOrderWithMinimum idx]
      (status_t : Type) [status_t_dec_eq : DecidableEq.{1} status_t] [status_t_inhabited : Inhabited.{1} status_t]
      [status_t_Enum : @status_t_EnumClass status_t] (χ : State.Label → Type)
      [χ_rep :
        ∀ __veil_f,
          Veil.FieldRepresentation (State.Label.toDomain replica view idx entry quorum nonce status_t __veil_f)
            (State.Label.toCodomain replica view idx entry quorum nonce status_t __veil_f) (χ __veil_f)]
      [χ_rep_lawful :
        ∀ __veil_f,
          Veil.LawfulFieldRepresentation (State.Label.toDomain replica view idx entry quorum nonce status_t __veil_f)
            (State.Label.toCodomain replica view idx entry quorum nonce status_t __veil_f) (χ __veil_f) (χ_rep __veil_f)]
      [σ_sub : IsSubStateOf (@State χ) σ] [ρ_sub : IsSubReaderOf (@Theory replica view idx entry quorum nonce status_t) ρ]
      [recv_start_view_dec_0 :
        delta%
          @RunCheck.recv_start_view._veil_dec_type_0 replica view χ vw idx entry quorum nonce status_t χ_rep
            status_t_Enum]
      [install_log_dec_0 :
        delta% @RunCheck.install_log._veil_dec_type_0 replica idx χ ix view entry quorum nonce status_t χ_rep]
      [install_log_dec_1 :
        delta% @RunCheck.install_log._veil_dec_type_1 view idx χ entry replica quorum nonce status_t χ_rep ix]
      [commit_up_to_dec_0 :
        delta% @RunCheck.commit_up_to._veil_dec_type_0 replica idx χ ix view entry quorum nonce status_t χ_rep]
      [commit_up_to_dec_1 :
        delta% @RunCheck.commit_up_to._veil_dec_type_1 replica idx χ ix view entry quorum nonce status_t χ_rep] :
      ∀ (r : replica) (v : view) (n : idx) (k : idx),
        Veil.VeilM.meetsSpecificationIfSuccessfulAssuming
          (@recv_start_view.ext ρ σ replica replica_dec_eq replica_inhabited view view_dec_eq view_inhabited idx
            idx_dec_eq idx_inhabited entry entry_dec_eq entry_inhabited quorum quorum_dec_eq quorum_inhabited nonce
            nonce_dec_eq nonce_inhabited vw ix status_t status_t_dec_eq status_t_inhabited status_t_Enum χ χ_rep
            χ_rep_lawful σ_sub ρ_sub recv_start_view_dec_0 install_log_dec_0 install_log_dec_1 commit_up_to_dec_0
            commit_up_to_dec_1 r v n k)
          (@Assumptions ρ replica replica_dec_eq replica_inhabited view view_dec_eq view_inhabited idx idx_dec_eq
            idx_inhabited entry entry_dec_eq entry_inhabited quorum quorum_dec_eq quorum_inhabited nonce nonce_dec_eq
            nonce_inhabited vw ix status_t status_t_dec_eq status_t_inhabited status_t_Enum ρ_sub)
          (@Invariants ρ σ replica replica_dec_eq replica_inhabited view view_dec_eq view_inhabited idx idx_dec_eq
            idx_inhabited entry entry_dec_eq entry_inhabited quorum quorum_dec_eq quorum_inhabited nonce nonce_dec_eq
            nonce_inhabited vw ix status_t status_t_dec_eq status_t_inhabited status_t_Enum χ χ_rep χ_rep_lawful σ_sub
            ρ_sub)
          (@dvc_backed ρ σ replica replica_dec_eq replica_inhabited view view_dec_eq view_inhabited idx idx_dec_eq
            idx_inhabited entry entry_dec_eq entry_inhabited quorum quorum_dec_eq quorum_inhabited nonce nonce_dec_eq
            nonce_inhabited vw ix status_t status_t_dec_eq status_t_inhabited status_t_Enum χ χ_rep χ_rep_lawful σ_sub
            ρ_sub) :=
    by
    unveil
    sorry
  
  @[veil]
  theorem recv_start_view_rr_backed (ρ : Type) (σ : Type) (replica : Type) [replica_dec_eq : DecidableEq.{1} replica]
      [replica_inhabited : Inhabited.{1} replica] (view : Type) [view_dec_eq : DecidableEq.{1} view]
      [view_inhabited : Inhabited.{1} view] (idx : Type) [idx_dec_eq : DecidableEq.{1} idx]
      [idx_inhabited : Inhabited.{1} idx] (entry : Type) [entry_dec_eq : DecidableEq.{1} entry]
      [entry_inhabited : Inhabited.{1} entry] (quorum : Type) [quorum_dec_eq : DecidableEq.{1} quorum]
      [quorum_inhabited : Inhabited.{1} quorum] (nonce : Type) [nonce_dec_eq : DecidableEq.{1} nonce]
      [nonce_inhabited : Inhabited.{1} nonce] [vw : TotalOrderWithMinimum view] [ix : TotalOrderWithMinimum idx]
      (status_t : Type) [status_t_dec_eq : DecidableEq.{1} status_t] [status_t_inhabited : Inhabited.{1} status_t]
      [status_t_Enum : @status_t_EnumClass status_t] (χ : State.Label → Type)
      [χ_rep :
        ∀ __veil_f,
          Veil.FieldRepresentation (State.Label.toDomain replica view idx entry quorum nonce status_t __veil_f)
            (State.Label.toCodomain replica view idx entry quorum nonce status_t __veil_f) (χ __veil_f)]
      [χ_rep_lawful :
        ∀ __veil_f,
          Veil.LawfulFieldRepresentation (State.Label.toDomain replica view idx entry quorum nonce status_t __veil_f)
            (State.Label.toCodomain replica view idx entry quorum nonce status_t __veil_f) (χ __veil_f) (χ_rep __veil_f)]
      [σ_sub : IsSubStateOf (@State χ) σ] [ρ_sub : IsSubReaderOf (@Theory replica view idx entry quorum nonce status_t) ρ]
      [recv_start_view_dec_0 :
        delta%
          @RunCheck.recv_start_view._veil_dec_type_0 replica view χ vw idx entry quorum nonce status_t χ_rep
            status_t_Enum]
      [install_log_dec_0 :
        delta% @RunCheck.install_log._veil_dec_type_0 replica idx χ ix view entry quorum nonce status_t χ_rep]
      [install_log_dec_1 :
        delta% @RunCheck.install_log._veil_dec_type_1 view idx χ entry replica quorum nonce status_t χ_rep ix]
      [commit_up_to_dec_0 :
        delta% @RunCheck.commit_up_to._veil_dec_type_0 replica idx χ ix view entry quorum nonce status_t χ_rep]
      [commit_up_to_dec_1 :
        delta% @RunCheck.commit_up_to._veil_dec_type_1 replica idx χ ix view entry quorum nonce status_t χ_rep] :
      ∀ (r : replica) (v : view) (n : idx) (k : idx),
        Veil.VeilM.meetsSpecificationIfSuccessfulAssuming
          (@recv_start_view.ext ρ σ replica replica_dec_eq replica_inhabited view view_dec_eq view_inhabited idx
            idx_dec_eq idx_inhabited entry entry_dec_eq entry_inhabited quorum quorum_dec_eq quorum_inhabited nonce
            nonce_dec_eq nonce_inhabited vw ix status_t status_t_dec_eq status_t_inhabited status_t_Enum χ χ_rep
            χ_rep_lawful σ_sub ρ_sub recv_start_view_dec_0 install_log_dec_0 install_log_dec_1 commit_up_to_dec_0
            commit_up_to_dec_1 r v n k)
          (@Assumptions ρ replica replica_dec_eq replica_inhabited view view_dec_eq view_inhabited idx idx_dec_eq
            idx_inhabited entry entry_dec_eq entry_inhabited quorum quorum_dec_eq quorum_inhabited nonce nonce_dec_eq
            nonce_inhabited vw ix status_t status_t_dec_eq status_t_inhabited status_t_Enum ρ_sub)
          (@Invariants ρ σ replica replica_dec_eq replica_inhabited view view_dec_eq view_inhabited idx idx_dec_eq
            idx_inhabited entry entry_dec_eq entry_inhabited quorum quorum_dec_eq quorum_inhabited nonce nonce_dec_eq
            nonce_inhabited vw ix status_t status_t_dec_eq status_t_inhabited status_t_Enum χ χ_rep χ_rep_lawful σ_sub
            ρ_sub)
          (@rr_backed ρ σ replica replica_dec_eq replica_inhabited view view_dec_eq view_inhabited idx idx_dec_eq
            idx_inhabited entry entry_dec_eq entry_inhabited quorum quorum_dec_eq quorum_inhabited nonce nonce_dec_eq
            nonce_inhabited vw ix status_t status_t_dec_eq status_t_inhabited status_t_Enum χ χ_rep χ_rep_lawful σ_sub
            ρ_sub) :=
    by
    unveil
    sorry
  
  @[veil]
  theorem recv_start_view_survives_frag (ρ : Type) (σ : Type) (replica : Type) [replica_dec_eq : DecidableEq.{1} replica]
      [replica_inhabited : Inhabited.{1} replica] (view : Type) [view_dec_eq : DecidableEq.{1} view]
      [view_inhabited : Inhabited.{1} view] (idx : Type) [idx_dec_eq : DecidableEq.{1} idx]
      [idx_inhabited : Inhabited.{1} idx] (entry : Type) [entry_dec_eq : DecidableEq.{1} entry]
      [entry_inhabited : Inhabited.{1} entry] (quorum : Type) [quorum_dec_eq : DecidableEq.{1} quorum]
      [quorum_inhabited : Inhabited.{1} quorum] (nonce : Type) [nonce_dec_eq : DecidableEq.{1} nonce]
      [nonce_inhabited : Inhabited.{1} nonce] [vw : TotalOrderWithMinimum view] [ix : TotalOrderWithMinimum idx]
      (status_t : Type) [status_t_dec_eq : DecidableEq.{1} status_t] [status_t_inhabited : Inhabited.{1} status_t]
      [status_t_Enum : @status_t_EnumClass status_t] (χ : State.Label → Type)
      [χ_rep :
        ∀ __veil_f,
          Veil.FieldRepresentation (State.Label.toDomain replica view idx entry quorum nonce status_t __veil_f)
            (State.Label.toCodomain replica view idx entry quorum nonce status_t __veil_f) (χ __veil_f)]
      [χ_rep_lawful :
        ∀ __veil_f,
          Veil.LawfulFieldRepresentation (State.Label.toDomain replica view idx entry quorum nonce status_t __veil_f)
            (State.Label.toCodomain replica view idx entry quorum nonce status_t __veil_f) (χ __veil_f) (χ_rep __veil_f)]
      [σ_sub : IsSubStateOf (@State χ) σ] [ρ_sub : IsSubReaderOf (@Theory replica view idx entry quorum nonce status_t) ρ]
      [recv_start_view_dec_0 :
        delta%
          @RunCheck.recv_start_view._veil_dec_type_0 replica view χ vw idx entry quorum nonce status_t χ_rep
            status_t_Enum]
      [install_log_dec_0 :
        delta% @RunCheck.install_log._veil_dec_type_0 replica idx χ ix view entry quorum nonce status_t χ_rep]
      [install_log_dec_1 :
        delta% @RunCheck.install_log._veil_dec_type_1 view idx χ entry replica quorum nonce status_t χ_rep ix]
      [commit_up_to_dec_0 :
        delta% @RunCheck.commit_up_to._veil_dec_type_0 replica idx χ ix view entry quorum nonce status_t χ_rep]
      [commit_up_to_dec_1 :
        delta% @RunCheck.commit_up_to._veil_dec_type_1 replica idx χ ix view entry quorum nonce status_t χ_rep] :
      ∀ (r : replica) (v : view) (n : idx) (k : idx),
        Veil.VeilM.meetsSpecificationIfSuccessfulAssuming
          (@recv_start_view.ext ρ σ replica replica_dec_eq replica_inhabited view view_dec_eq view_inhabited idx
            idx_dec_eq idx_inhabited entry entry_dec_eq entry_inhabited quorum quorum_dec_eq quorum_inhabited nonce
            nonce_dec_eq nonce_inhabited vw ix status_t status_t_dec_eq status_t_inhabited status_t_Enum χ χ_rep
            χ_rep_lawful σ_sub ρ_sub recv_start_view_dec_0 install_log_dec_0 install_log_dec_1 commit_up_to_dec_0
            commit_up_to_dec_1 r v n k)
          (@Assumptions ρ replica replica_dec_eq replica_inhabited view view_dec_eq view_inhabited idx idx_dec_eq
            idx_inhabited entry entry_dec_eq entry_inhabited quorum quorum_dec_eq quorum_inhabited nonce nonce_dec_eq
            nonce_inhabited vw ix status_t status_t_dec_eq status_t_inhabited status_t_Enum ρ_sub)
          (@Invariants ρ σ replica replica_dec_eq replica_inhabited view view_dec_eq view_inhabited idx idx_dec_eq
            idx_inhabited entry entry_dec_eq entry_inhabited quorum quorum_dec_eq quorum_inhabited nonce nonce_dec_eq
            nonce_inhabited vw ix status_t status_t_dec_eq status_t_inhabited status_t_Enum χ χ_rep χ_rep_lawful σ_sub
            ρ_sub)
          (@survives_frag ρ σ replica replica_dec_eq replica_inhabited view view_dec_eq view_inhabited idx idx_dec_eq
            idx_inhabited entry entry_dec_eq entry_inhabited quorum quorum_dec_eq quorum_inhabited nonce nonce_dec_eq
            nonce_inhabited vw ix status_t status_t_dec_eq status_t_inhabited status_t_Enum χ χ_rep χ_rep_lawful σ_sub
            ρ_sub) :=
    by
    unveil
    sorry
  
  @[veil]
  theorem recv_start_view_survives_start_view (ρ : Type) (σ : Type) (replica : Type)
      [replica_dec_eq : DecidableEq.{1} replica] [replica_inhabited : Inhabited.{1} replica] (view : Type)
      [view_dec_eq : DecidableEq.{1} view] [view_inhabited : Inhabited.{1} view] (idx : Type)
      [idx_dec_eq : DecidableEq.{1} idx] [idx_inhabited : Inhabited.{1} idx] (entry : Type)
      [entry_dec_eq : DecidableEq.{1} entry] [entry_inhabited : Inhabited.{1} entry] (quorum : Type)
      [quorum_dec_eq : DecidableEq.{1} quorum] [quorum_inhabited : Inhabited.{1} quorum] (nonce : Type)
      [nonce_dec_eq : DecidableEq.{1} nonce] [nonce_inhabited : Inhabited.{1} nonce] [vw : TotalOrderWithMinimum view]
      [ix : TotalOrderWithMinimum idx] (status_t : Type) [status_t_dec_eq : DecidableEq.{1} status_t]
      [status_t_inhabited : Inhabited.{1} status_t] [status_t_Enum : @status_t_EnumClass status_t]
      (χ : State.Label → Type)
      [χ_rep :
        ∀ __veil_f,
          Veil.FieldRepresentation (State.Label.toDomain replica view idx entry quorum nonce status_t __veil_f)
            (State.Label.toCodomain replica view idx entry quorum nonce status_t __veil_f) (χ __veil_f)]
      [χ_rep_lawful :
        ∀ __veil_f,
          Veil.LawfulFieldRepresentation (State.Label.toDomain replica view idx entry quorum nonce status_t __veil_f)
            (State.Label.toCodomain replica view idx entry quorum nonce status_t __veil_f) (χ __veil_f) (χ_rep __veil_f)]
      [σ_sub : IsSubStateOf (@State χ) σ] [ρ_sub : IsSubReaderOf (@Theory replica view idx entry quorum nonce status_t) ρ]
      [recv_start_view_dec_0 :
        delta%
          @RunCheck.recv_start_view._veil_dec_type_0 replica view χ vw idx entry quorum nonce status_t χ_rep
            status_t_Enum]
      [install_log_dec_0 :
        delta% @RunCheck.install_log._veil_dec_type_0 replica idx χ ix view entry quorum nonce status_t χ_rep]
      [install_log_dec_1 :
        delta% @RunCheck.install_log._veil_dec_type_1 view idx χ entry replica quorum nonce status_t χ_rep ix]
      [commit_up_to_dec_0 :
        delta% @RunCheck.commit_up_to._veil_dec_type_0 replica idx χ ix view entry quorum nonce status_t χ_rep]
      [commit_up_to_dec_1 :
        delta% @RunCheck.commit_up_to._veil_dec_type_1 replica idx χ ix view entry quorum nonce status_t χ_rep] :
      ∀ (r : replica) (v : view) (n : idx) (k : idx),
        Veil.VeilM.meetsSpecificationIfSuccessfulAssuming
          (@recv_start_view.ext ρ σ replica replica_dec_eq replica_inhabited view view_dec_eq view_inhabited idx
            idx_dec_eq idx_inhabited entry entry_dec_eq entry_inhabited quorum quorum_dec_eq quorum_inhabited nonce
            nonce_dec_eq nonce_inhabited vw ix status_t status_t_dec_eq status_t_inhabited status_t_Enum χ χ_rep
            χ_rep_lawful σ_sub ρ_sub recv_start_view_dec_0 install_log_dec_0 install_log_dec_1 commit_up_to_dec_0
            commit_up_to_dec_1 r v n k)
          (@Assumptions ρ replica replica_dec_eq replica_inhabited view view_dec_eq view_inhabited idx idx_dec_eq
            idx_inhabited entry entry_dec_eq entry_inhabited quorum quorum_dec_eq quorum_inhabited nonce nonce_dec_eq
            nonce_inhabited vw ix status_t status_t_dec_eq status_t_inhabited status_t_Enum ρ_sub)
          (@Invariants ρ σ replica replica_dec_eq replica_inhabited view view_dec_eq view_inhabited idx idx_dec_eq
            idx_inhabited entry entry_dec_eq entry_inhabited quorum quorum_dec_eq quorum_inhabited nonce nonce_dec_eq
            nonce_inhabited vw ix status_t status_t_dec_eq status_t_inhabited status_t_Enum χ χ_rep χ_rep_lawful σ_sub
            ρ_sub)
          (@survives_start_view ρ σ replica replica_dec_eq replica_inhabited view view_dec_eq view_inhabited idx
            idx_dec_eq idx_inhabited entry entry_dec_eq entry_inhabited quorum quorum_dec_eq quorum_inhabited nonce
            nonce_dec_eq nonce_inhabited vw ix status_t status_t_dec_eq status_t_inhabited status_t_Enum χ χ_rep
            χ_rep_lawful σ_sub ρ_sub) :=
    by
    unveil
    sorry
  
  @[veil]
  theorem primary_idle_prepare_backed (ρ : Type) (σ : Type) (replica : Type) [replica_dec_eq : DecidableEq.{1} replica]
      [replica_inhabited : Inhabited.{1} replica] (view : Type) [view_dec_eq : DecidableEq.{1} view]
      [view_inhabited : Inhabited.{1} view] (idx : Type) [idx_dec_eq : DecidableEq.{1} idx]
      [idx_inhabited : Inhabited.{1} idx] (entry : Type) [entry_dec_eq : DecidableEq.{1} entry]
      [entry_inhabited : Inhabited.{1} entry] (quorum : Type) [quorum_dec_eq : DecidableEq.{1} quorum]
      [quorum_inhabited : Inhabited.{1} quorum] (nonce : Type) [nonce_dec_eq : DecidableEq.{1} nonce]
      [nonce_inhabited : Inhabited.{1} nonce] [vw : TotalOrderWithMinimum view] [ix : TotalOrderWithMinimum idx]
      (status_t : Type) [status_t_dec_eq : DecidableEq.{1} status_t] [status_t_inhabited : Inhabited.{1} status_t]
      [status_t_Enum : @status_t_EnumClass status_t] (χ : State.Label → Type)
      [χ_rep :
        ∀ __veil_f,
          Veil.FieldRepresentation (State.Label.toDomain replica view idx entry quorum nonce status_t __veil_f)
            (State.Label.toCodomain replica view idx entry quorum nonce status_t __veil_f) (χ __veil_f)]
      [χ_rep_lawful :
        ∀ __veil_f,
          Veil.LawfulFieldRepresentation (State.Label.toDomain replica view idx entry quorum nonce status_t __veil_f)
            (State.Label.toCodomain replica view idx entry quorum nonce status_t __veil_f) (χ __veil_f) (χ_rep __veil_f)]
      [σ_sub : IsSubStateOf (@State χ) σ] [ρ_sub : IsSubReaderOf (@Theory replica view idx entry quorum nonce status_t) ρ]
      [primary_idle_dec_0 :
        delta% @RunCheck.primary_idle._veil_dec_type_0 replica χ idx entry view quorum nonce status_t χ_rep ix] :
      ∀ (r : replica),
        Veil.VeilM.meetsSpecificationIfSuccessfulAssuming
          (@primary_idle.ext ρ σ replica replica_dec_eq replica_inhabited view view_dec_eq view_inhabited idx idx_dec_eq
            idx_inhabited entry entry_dec_eq entry_inhabited quorum quorum_dec_eq quorum_inhabited nonce nonce_dec_eq
            nonce_inhabited vw ix status_t status_t_dec_eq status_t_inhabited status_t_Enum χ χ_rep χ_rep_lawful σ_sub
            ρ_sub primary_idle_dec_0 r)
          (@Assumptions ρ replica replica_dec_eq replica_inhabited view view_dec_eq view_inhabited idx idx_dec_eq
            idx_inhabited entry entry_dec_eq entry_inhabited quorum quorum_dec_eq quorum_inhabited nonce nonce_dec_eq
            nonce_inhabited vw ix status_t status_t_dec_eq status_t_inhabited status_t_Enum ρ_sub)
          (@Invariants ρ σ replica replica_dec_eq replica_inhabited view view_dec_eq view_inhabited idx idx_dec_eq
            idx_inhabited entry entry_dec_eq entry_inhabited quorum quorum_dec_eq quorum_inhabited nonce nonce_dec_eq
            nonce_inhabited vw ix status_t status_t_dec_eq status_t_inhabited status_t_Enum χ χ_rep χ_rep_lawful σ_sub
            ρ_sub)
          (@prepare_backed ρ σ replica replica_dec_eq replica_inhabited view view_dec_eq view_inhabited idx idx_dec_eq
            idx_inhabited entry entry_dec_eq entry_inhabited quorum quorum_dec_eq quorum_inhabited nonce nonce_dec_eq
            nonce_inhabited vw ix status_t status_t_dec_eq status_t_inhabited status_t_Enum χ χ_rep χ_rep_lawful σ_sub
            ρ_sub) :=
    by
    unveil
    sorry
  
  @[veil]
  theorem primary_idle_commit_backed (ρ : Type) (σ : Type) (replica : Type) [replica_dec_eq : DecidableEq.{1} replica]
      [replica_inhabited : Inhabited.{1} replica] (view : Type) [view_dec_eq : DecidableEq.{1} view]
      [view_inhabited : Inhabited.{1} view] (idx : Type) [idx_dec_eq : DecidableEq.{1} idx]
      [idx_inhabited : Inhabited.{1} idx] (entry : Type) [entry_dec_eq : DecidableEq.{1} entry]
      [entry_inhabited : Inhabited.{1} entry] (quorum : Type) [quorum_dec_eq : DecidableEq.{1} quorum]
      [quorum_inhabited : Inhabited.{1} quorum] (nonce : Type) [nonce_dec_eq : DecidableEq.{1} nonce]
      [nonce_inhabited : Inhabited.{1} nonce] [vw : TotalOrderWithMinimum view] [ix : TotalOrderWithMinimum idx]
      (status_t : Type) [status_t_dec_eq : DecidableEq.{1} status_t] [status_t_inhabited : Inhabited.{1} status_t]
      [status_t_Enum : @status_t_EnumClass status_t] (χ : State.Label → Type)
      [χ_rep :
        ∀ __veil_f,
          Veil.FieldRepresentation (State.Label.toDomain replica view idx entry quorum nonce status_t __veil_f)
            (State.Label.toCodomain replica view idx entry quorum nonce status_t __veil_f) (χ __veil_f)]
      [χ_rep_lawful :
        ∀ __veil_f,
          Veil.LawfulFieldRepresentation (State.Label.toDomain replica view idx entry quorum nonce status_t __veil_f)
            (State.Label.toCodomain replica view idx entry quorum nonce status_t __veil_f) (χ __veil_f) (χ_rep __veil_f)]
      [σ_sub : IsSubStateOf (@State χ) σ] [ρ_sub : IsSubReaderOf (@Theory replica view idx entry quorum nonce status_t) ρ]
      [primary_idle_dec_0 :
        delta% @RunCheck.primary_idle._veil_dec_type_0 replica χ idx entry view quorum nonce status_t χ_rep ix] :
      ∀ (r : replica),
        Veil.VeilM.meetsSpecificationIfSuccessfulAssuming
          (@primary_idle.ext ρ σ replica replica_dec_eq replica_inhabited view view_dec_eq view_inhabited idx idx_dec_eq
            idx_inhabited entry entry_dec_eq entry_inhabited quorum quorum_dec_eq quorum_inhabited nonce nonce_dec_eq
            nonce_inhabited vw ix status_t status_t_dec_eq status_t_inhabited status_t_Enum χ χ_rep χ_rep_lawful σ_sub
            ρ_sub primary_idle_dec_0 r)
          (@Assumptions ρ replica replica_dec_eq replica_inhabited view view_dec_eq view_inhabited idx idx_dec_eq
            idx_inhabited entry entry_dec_eq entry_inhabited quorum quorum_dec_eq quorum_inhabited nonce nonce_dec_eq
            nonce_inhabited vw ix status_t status_t_dec_eq status_t_inhabited status_t_Enum ρ_sub)
          (@Invariants ρ σ replica replica_dec_eq replica_inhabited view view_dec_eq view_inhabited idx idx_dec_eq
            idx_inhabited entry entry_dec_eq entry_inhabited quorum quorum_dec_eq quorum_inhabited nonce nonce_dec_eq
            nonce_inhabited vw ix status_t status_t_dec_eq status_t_inhabited status_t_Enum χ χ_rep χ_rep_lawful σ_sub
            ρ_sub)
          (@commit_backed ρ σ replica replica_dec_eq replica_inhabited view view_dec_eq view_inhabited idx idx_dec_eq
            idx_inhabited entry entry_dec_eq entry_inhabited quorum quorum_dec_eq quorum_inhabited nonce nonce_dec_eq
            nonce_inhabited vw ix status_t status_t_dec_eq status_t_inhabited status_t_Enum χ χ_rep χ_rep_lawful σ_sub
            ρ_sub) :=
    by
    unveil
    sorry
  
  @[veil]
  theorem primary_idle_survives_rr (ρ : Type) (σ : Type) (replica : Type) [replica_dec_eq : DecidableEq.{1} replica]
      [replica_inhabited : Inhabited.{1} replica] (view : Type) [view_dec_eq : DecidableEq.{1} view]
      [view_inhabited : Inhabited.{1} view] (idx : Type) [idx_dec_eq : DecidableEq.{1} idx]
      [idx_inhabited : Inhabited.{1} idx] (entry : Type) [entry_dec_eq : DecidableEq.{1} entry]
      [entry_inhabited : Inhabited.{1} entry] (quorum : Type) [quorum_dec_eq : DecidableEq.{1} quorum]
      [quorum_inhabited : Inhabited.{1} quorum] (nonce : Type) [nonce_dec_eq : DecidableEq.{1} nonce]
      [nonce_inhabited : Inhabited.{1} nonce] [vw : TotalOrderWithMinimum view] [ix : TotalOrderWithMinimum idx]
      (status_t : Type) [status_t_dec_eq : DecidableEq.{1} status_t] [status_t_inhabited : Inhabited.{1} status_t]
      [status_t_Enum : @status_t_EnumClass status_t] (χ : State.Label → Type)
      [χ_rep :
        ∀ __veil_f,
          Veil.FieldRepresentation (State.Label.toDomain replica view idx entry quorum nonce status_t __veil_f)
            (State.Label.toCodomain replica view idx entry quorum nonce status_t __veil_f) (χ __veil_f)]
      [χ_rep_lawful :
        ∀ __veil_f,
          Veil.LawfulFieldRepresentation (State.Label.toDomain replica view idx entry quorum nonce status_t __veil_f)
            (State.Label.toCodomain replica view idx entry quorum nonce status_t __veil_f) (χ __veil_f) (χ_rep __veil_f)]
      [σ_sub : IsSubStateOf (@State χ) σ] [ρ_sub : IsSubReaderOf (@Theory replica view idx entry quorum nonce status_t) ρ]
      [primary_idle_dec_0 :
        delta% @RunCheck.primary_idle._veil_dec_type_0 replica χ idx entry view quorum nonce status_t χ_rep ix] :
      ∀ (r : replica),
        Veil.VeilM.meetsSpecificationIfSuccessfulAssuming
          (@primary_idle.ext ρ σ replica replica_dec_eq replica_inhabited view view_dec_eq view_inhabited idx idx_dec_eq
            idx_inhabited entry entry_dec_eq entry_inhabited quorum quorum_dec_eq quorum_inhabited nonce nonce_dec_eq
            nonce_inhabited vw ix status_t status_t_dec_eq status_t_inhabited status_t_Enum χ χ_rep χ_rep_lawful σ_sub
            ρ_sub primary_idle_dec_0 r)
          (@Assumptions ρ replica replica_dec_eq replica_inhabited view view_dec_eq view_inhabited idx idx_dec_eq
            idx_inhabited entry entry_dec_eq entry_inhabited quorum quorum_dec_eq quorum_inhabited nonce nonce_dec_eq
            nonce_inhabited vw ix status_t status_t_dec_eq status_t_inhabited status_t_Enum ρ_sub)
          (@Invariants ρ σ replica replica_dec_eq replica_inhabited view view_dec_eq view_inhabited idx idx_dec_eq
            idx_inhabited entry entry_dec_eq entry_inhabited quorum quorum_dec_eq quorum_inhabited nonce nonce_dec_eq
            nonce_inhabited vw ix status_t status_t_dec_eq status_t_inhabited status_t_Enum χ χ_rep χ_rep_lawful σ_sub
            ρ_sub)
          (@survives_rr ρ σ replica replica_dec_eq replica_inhabited view view_dec_eq view_inhabited idx idx_dec_eq
            idx_inhabited entry entry_dec_eq entry_inhabited quorum quorum_dec_eq quorum_inhabited nonce nonce_dec_eq
            nonce_inhabited vw ix status_t status_t_dec_eq status_t_inhabited status_t_Enum χ χ_rep χ_rep_lawful σ_sub
            ρ_sub) :=
    by
    unveil
    sorry
  
  @[veil]
  theorem recv_recovery_prepare_backed (ρ : Type) (σ : Type) (replica : Type) [replica_dec_eq : DecidableEq.{1} replica]
      [replica_inhabited : Inhabited.{1} replica] (view : Type) [view_dec_eq : DecidableEq.{1} view]
      [view_inhabited : Inhabited.{1} view] (idx : Type) [idx_dec_eq : DecidableEq.{1} idx]
      [idx_inhabited : Inhabited.{1} idx] (entry : Type) [entry_dec_eq : DecidableEq.{1} entry]
      [entry_inhabited : Inhabited.{1} entry] (quorum : Type) [quorum_dec_eq : DecidableEq.{1} quorum]
      [quorum_inhabited : Inhabited.{1} quorum] (nonce : Type) [nonce_dec_eq : DecidableEq.{1} nonce]
      [nonce_inhabited : Inhabited.{1} nonce] [vw : TotalOrderWithMinimum view] [ix : TotalOrderWithMinimum idx]
      (status_t : Type) [status_t_dec_eq : DecidableEq.{1} status_t] [status_t_inhabited : Inhabited.{1} status_t]
      [status_t_Enum : @status_t_EnumClass status_t] (χ : State.Label → Type)
      [χ_rep :
        ∀ __veil_f,
          Veil.FieldRepresentation (State.Label.toDomain replica view idx entry quorum nonce status_t __veil_f)
            (State.Label.toCodomain replica view idx entry quorum nonce status_t __veil_f) (χ __veil_f)]
      [χ_rep_lawful :
        ∀ __veil_f,
          Veil.LawfulFieldRepresentation (State.Label.toDomain replica view idx entry quorum nonce status_t __veil_f)
            (State.Label.toCodomain replica view idx entry quorum nonce status_t __veil_f) (χ __veil_f) (χ_rep __veil_f)]
      [σ_sub : IsSubStateOf (@State χ) σ] [ρ_sub : IsSubReaderOf (@Theory replica view idx entry quorum nonce status_t) ρ]
      [recv_prepare_dec_1 :
        delta% @RunCheck.recv_prepare._veil_dec_type_1 replica view χ vw idx entry quorum nonce status_t χ_rep] :
      ∀ (r : replica) (q : replica) (x : nonce) (v : view),
        Veil.VeilM.meetsSpecificationIfSuccessfulAssuming
          (@recv_recovery.ext ρ σ replica replica_dec_eq replica_inhabited view view_dec_eq view_inhabited idx idx_dec_eq
            idx_inhabited entry entry_dec_eq entry_inhabited quorum quorum_dec_eq quorum_inhabited nonce nonce_dec_eq
            nonce_inhabited vw ix status_t status_t_dec_eq status_t_inhabited status_t_Enum χ χ_rep χ_rep_lawful σ_sub
            ρ_sub recv_prepare_dec_1 r q x v)
          (@Assumptions ρ replica replica_dec_eq replica_inhabited view view_dec_eq view_inhabited idx idx_dec_eq
            idx_inhabited entry entry_dec_eq entry_inhabited quorum quorum_dec_eq quorum_inhabited nonce nonce_dec_eq
            nonce_inhabited vw ix status_t status_t_dec_eq status_t_inhabited status_t_Enum ρ_sub)
          (@Invariants ρ σ replica replica_dec_eq replica_inhabited view view_dec_eq view_inhabited idx idx_dec_eq
            idx_inhabited entry entry_dec_eq entry_inhabited quorum quorum_dec_eq quorum_inhabited nonce nonce_dec_eq
            nonce_inhabited vw ix status_t status_t_dec_eq status_t_inhabited status_t_Enum χ χ_rep χ_rep_lawful σ_sub
            ρ_sub)
          (@prepare_backed ρ σ replica replica_dec_eq replica_inhabited view view_dec_eq view_inhabited idx idx_dec_eq
            idx_inhabited entry entry_dec_eq entry_inhabited quorum quorum_dec_eq quorum_inhabited nonce nonce_dec_eq
            nonce_inhabited vw ix status_t status_t_dec_eq status_t_inhabited status_t_Enum χ χ_rep χ_rep_lawful σ_sub
            ρ_sub) :=
    by
    unveil
    sorry
  
  @[veil]
  theorem recv_recovery_new_state_backed (ρ : Type) (σ : Type) (replica : Type) [replica_dec_eq : DecidableEq.{1} replica]
      [replica_inhabited : Inhabited.{1} replica] (view : Type) [view_dec_eq : DecidableEq.{1} view]
      [view_inhabited : Inhabited.{1} view] (idx : Type) [idx_dec_eq : DecidableEq.{1} idx]
      [idx_inhabited : Inhabited.{1} idx] (entry : Type) [entry_dec_eq : DecidableEq.{1} entry]
      [entry_inhabited : Inhabited.{1} entry] (quorum : Type) [quorum_dec_eq : DecidableEq.{1} quorum]
      [quorum_inhabited : Inhabited.{1} quorum] (nonce : Type) [nonce_dec_eq : DecidableEq.{1} nonce]
      [nonce_inhabited : Inhabited.{1} nonce] [vw : TotalOrderWithMinimum view] [ix : TotalOrderWithMinimum idx]
      (status_t : Type) [status_t_dec_eq : DecidableEq.{1} status_t] [status_t_inhabited : Inhabited.{1} status_t]
      [status_t_Enum : @status_t_EnumClass status_t] (χ : State.Label → Type)
      [χ_rep :
        ∀ __veil_f,
          Veil.FieldRepresentation (State.Label.toDomain replica view idx entry quorum nonce status_t __veil_f)
            (State.Label.toCodomain replica view idx entry quorum nonce status_t __veil_f) (χ __veil_f)]
      [χ_rep_lawful :
        ∀ __veil_f,
          Veil.LawfulFieldRepresentation (State.Label.toDomain replica view idx entry quorum nonce status_t __veil_f)
            (State.Label.toCodomain replica view idx entry quorum nonce status_t __veil_f) (χ __veil_f) (χ_rep __veil_f)]
      [σ_sub : IsSubStateOf (@State χ) σ] [ρ_sub : IsSubReaderOf (@Theory replica view idx entry quorum nonce status_t) ρ]
      [recv_prepare_dec_1 :
        delta% @RunCheck.recv_prepare._veil_dec_type_1 replica view χ vw idx entry quorum nonce status_t χ_rep] :
      ∀ (r : replica) (q : replica) (x : nonce) (v : view),
        Veil.VeilM.meetsSpecificationIfSuccessfulAssuming
          (@recv_recovery.ext ρ σ replica replica_dec_eq replica_inhabited view view_dec_eq view_inhabited idx idx_dec_eq
            idx_inhabited entry entry_dec_eq entry_inhabited quorum quorum_dec_eq quorum_inhabited nonce nonce_dec_eq
            nonce_inhabited vw ix status_t status_t_dec_eq status_t_inhabited status_t_Enum χ χ_rep χ_rep_lawful σ_sub
            ρ_sub recv_prepare_dec_1 r q x v)
          (@Assumptions ρ replica replica_dec_eq replica_inhabited view view_dec_eq view_inhabited idx idx_dec_eq
            idx_inhabited entry entry_dec_eq entry_inhabited quorum quorum_dec_eq quorum_inhabited nonce nonce_dec_eq
            nonce_inhabited vw ix status_t status_t_dec_eq status_t_inhabited status_t_Enum ρ_sub)
          (@Invariants ρ σ replica replica_dec_eq replica_inhabited view view_dec_eq view_inhabited idx idx_dec_eq
            idx_inhabited entry entry_dec_eq entry_inhabited quorum quorum_dec_eq quorum_inhabited nonce nonce_dec_eq
            nonce_inhabited vw ix status_t status_t_dec_eq status_t_inhabited status_t_Enum χ χ_rep χ_rep_lawful σ_sub
            ρ_sub)
          (@new_state_backed ρ σ replica replica_dec_eq replica_inhabited view view_dec_eq view_inhabited idx idx_dec_eq
            idx_inhabited entry entry_dec_eq entry_inhabited quorum quorum_dec_eq quorum_inhabited nonce nonce_dec_eq
            nonce_inhabited vw ix status_t status_t_dec_eq status_t_inhabited status_t_Enum χ χ_rep χ_rep_lawful σ_sub
            ρ_sub) :=
    by
    unveil
    sorry
  
  @[veil]
  theorem recv_recovery_start_view_backed (ρ : Type) (σ : Type) (replica : Type)
      [replica_dec_eq : DecidableEq.{1} replica] [replica_inhabited : Inhabited.{1} replica] (view : Type)
      [view_dec_eq : DecidableEq.{1} view] [view_inhabited : Inhabited.{1} view] (idx : Type)
      [idx_dec_eq : DecidableEq.{1} idx] [idx_inhabited : Inhabited.{1} idx] (entry : Type)
      [entry_dec_eq : DecidableEq.{1} entry] [entry_inhabited : Inhabited.{1} entry] (quorum : Type)
      [quorum_dec_eq : DecidableEq.{1} quorum] [quorum_inhabited : Inhabited.{1} quorum] (nonce : Type)
      [nonce_dec_eq : DecidableEq.{1} nonce] [nonce_inhabited : Inhabited.{1} nonce] [vw : TotalOrderWithMinimum view]
      [ix : TotalOrderWithMinimum idx] (status_t : Type) [status_t_dec_eq : DecidableEq.{1} status_t]
      [status_t_inhabited : Inhabited.{1} status_t] [status_t_Enum : @status_t_EnumClass status_t]
      (χ : State.Label → Type)
      [χ_rep :
        ∀ __veil_f,
          Veil.FieldRepresentation (State.Label.toDomain replica view idx entry quorum nonce status_t __veil_f)
            (State.Label.toCodomain replica view idx entry quorum nonce status_t __veil_f) (χ __veil_f)]
      [χ_rep_lawful :
        ∀ __veil_f,
          Veil.LawfulFieldRepresentation (State.Label.toDomain replica view idx entry quorum nonce status_t __veil_f)
            (State.Label.toCodomain replica view idx entry quorum nonce status_t __veil_f) (χ __veil_f) (χ_rep __veil_f)]
      [σ_sub : IsSubStateOf (@State χ) σ] [ρ_sub : IsSubReaderOf (@Theory replica view idx entry quorum nonce status_t) ρ]
      [recv_prepare_dec_1 :
        delta% @RunCheck.recv_prepare._veil_dec_type_1 replica view χ vw idx entry quorum nonce status_t χ_rep] :
      ∀ (r : replica) (q : replica) (x : nonce) (v : view),
        Veil.VeilM.meetsSpecificationIfSuccessfulAssuming
          (@recv_recovery.ext ρ σ replica replica_dec_eq replica_inhabited view view_dec_eq view_inhabited idx idx_dec_eq
            idx_inhabited entry entry_dec_eq entry_inhabited quorum quorum_dec_eq quorum_inhabited nonce nonce_dec_eq
            nonce_inhabited vw ix status_t status_t_dec_eq status_t_inhabited status_t_Enum χ χ_rep χ_rep_lawful σ_sub
            ρ_sub recv_prepare_dec_1 r q x v)
          (@Assumptions ρ replica replica_dec_eq replica_inhabited view view_dec_eq view_inhabited idx idx_dec_eq
            idx_inhabited entry entry_dec_eq entry_inhabited quorum quorum_dec_eq quorum_inhabited nonce nonce_dec_eq
            nonce_inhabited vw ix status_t status_t_dec_eq status_t_inhabited status_t_Enum ρ_sub)
          (@Invariants ρ σ replica replica_dec_eq replica_inhabited view view_dec_eq view_inhabited idx idx_dec_eq
            idx_inhabited entry entry_dec_eq entry_inhabited quorum quorum_dec_eq quorum_inhabited nonce nonce_dec_eq
            nonce_inhabited vw ix status_t status_t_dec_eq status_t_inhabited status_t_Enum χ χ_rep χ_rep_lawful σ_sub
            ρ_sub)
          (@start_view_backed ρ σ replica replica_dec_eq replica_inhabited view view_dec_eq view_inhabited idx idx_dec_eq
            idx_inhabited entry entry_dec_eq entry_inhabited quorum quorum_dec_eq quorum_inhabited nonce nonce_dec_eq
            nonce_inhabited vw ix status_t status_t_dec_eq status_t_inhabited status_t_Enum χ χ_rep χ_rep_lawful σ_sub
            ρ_sub) :=
    by
    unveil
    sorry
  
  @[veil]
  theorem recv_recovery_dvc_backed (ρ : Type) (σ : Type) (replica : Type) [replica_dec_eq : DecidableEq.{1} replica]
      [replica_inhabited : Inhabited.{1} replica] (view : Type) [view_dec_eq : DecidableEq.{1} view]
      [view_inhabited : Inhabited.{1} view] (idx : Type) [idx_dec_eq : DecidableEq.{1} idx]
      [idx_inhabited : Inhabited.{1} idx] (entry : Type) [entry_dec_eq : DecidableEq.{1} entry]
      [entry_inhabited : Inhabited.{1} entry] (quorum : Type) [quorum_dec_eq : DecidableEq.{1} quorum]
      [quorum_inhabited : Inhabited.{1} quorum] (nonce : Type) [nonce_dec_eq : DecidableEq.{1} nonce]
      [nonce_inhabited : Inhabited.{1} nonce] [vw : TotalOrderWithMinimum view] [ix : TotalOrderWithMinimum idx]
      (status_t : Type) [status_t_dec_eq : DecidableEq.{1} status_t] [status_t_inhabited : Inhabited.{1} status_t]
      [status_t_Enum : @status_t_EnumClass status_t] (χ : State.Label → Type)
      [χ_rep :
        ∀ __veil_f,
          Veil.FieldRepresentation (State.Label.toDomain replica view idx entry quorum nonce status_t __veil_f)
            (State.Label.toCodomain replica view idx entry quorum nonce status_t __veil_f) (χ __veil_f)]
      [χ_rep_lawful :
        ∀ __veil_f,
          Veil.LawfulFieldRepresentation (State.Label.toDomain replica view idx entry quorum nonce status_t __veil_f)
            (State.Label.toCodomain replica view idx entry quorum nonce status_t __veil_f) (χ __veil_f) (χ_rep __veil_f)]
      [σ_sub : IsSubStateOf (@State χ) σ] [ρ_sub : IsSubReaderOf (@Theory replica view idx entry quorum nonce status_t) ρ]
      [recv_prepare_dec_1 :
        delta% @RunCheck.recv_prepare._veil_dec_type_1 replica view χ vw idx entry quorum nonce status_t χ_rep] :
      ∀ (r : replica) (q : replica) (x : nonce) (v : view),
        Veil.VeilM.meetsSpecificationIfSuccessfulAssuming
          (@recv_recovery.ext ρ σ replica replica_dec_eq replica_inhabited view view_dec_eq view_inhabited idx idx_dec_eq
            idx_inhabited entry entry_dec_eq entry_inhabited quorum quorum_dec_eq quorum_inhabited nonce nonce_dec_eq
            nonce_inhabited vw ix status_t status_t_dec_eq status_t_inhabited status_t_Enum χ χ_rep χ_rep_lawful σ_sub
            ρ_sub recv_prepare_dec_1 r q x v)
          (@Assumptions ρ replica replica_dec_eq replica_inhabited view view_dec_eq view_inhabited idx idx_dec_eq
            idx_inhabited entry entry_dec_eq entry_inhabited quorum quorum_dec_eq quorum_inhabited nonce nonce_dec_eq
            nonce_inhabited vw ix status_t status_t_dec_eq status_t_inhabited status_t_Enum ρ_sub)
          (@Invariants ρ σ replica replica_dec_eq replica_inhabited view view_dec_eq view_inhabited idx idx_dec_eq
            idx_inhabited entry entry_dec_eq entry_inhabited quorum quorum_dec_eq quorum_inhabited nonce nonce_dec_eq
            nonce_inhabited vw ix status_t status_t_dec_eq status_t_inhabited status_t_Enum χ χ_rep χ_rep_lawful σ_sub
            ρ_sub)
          (@dvc_backed ρ σ replica replica_dec_eq replica_inhabited view view_dec_eq view_inhabited idx idx_dec_eq
            idx_inhabited entry entry_dec_eq entry_inhabited quorum quorum_dec_eq quorum_inhabited nonce nonce_dec_eq
            nonce_inhabited vw ix status_t status_t_dec_eq status_t_inhabited status_t_Enum χ χ_rep χ_rep_lawful σ_sub
            ρ_sub) :=
    by
    unveil
    sorry
  
  @[veil]
  theorem recv_recovery_rr_backed (ρ : Type) (σ : Type) (replica : Type) [replica_dec_eq : DecidableEq.{1} replica]
      [replica_inhabited : Inhabited.{1} replica] (view : Type) [view_dec_eq : DecidableEq.{1} view]
      [view_inhabited : Inhabited.{1} view] (idx : Type) [idx_dec_eq : DecidableEq.{1} idx]
      [idx_inhabited : Inhabited.{1} idx] (entry : Type) [entry_dec_eq : DecidableEq.{1} entry]
      [entry_inhabited : Inhabited.{1} entry] (quorum : Type) [quorum_dec_eq : DecidableEq.{1} quorum]
      [quorum_inhabited : Inhabited.{1} quorum] (nonce : Type) [nonce_dec_eq : DecidableEq.{1} nonce]
      [nonce_inhabited : Inhabited.{1} nonce] [vw : TotalOrderWithMinimum view] [ix : TotalOrderWithMinimum idx]
      (status_t : Type) [status_t_dec_eq : DecidableEq.{1} status_t] [status_t_inhabited : Inhabited.{1} status_t]
      [status_t_Enum : @status_t_EnumClass status_t] (χ : State.Label → Type)
      [χ_rep :
        ∀ __veil_f,
          Veil.FieldRepresentation (State.Label.toDomain replica view idx entry quorum nonce status_t __veil_f)
            (State.Label.toCodomain replica view idx entry quorum nonce status_t __veil_f) (χ __veil_f)]
      [χ_rep_lawful :
        ∀ __veil_f,
          Veil.LawfulFieldRepresentation (State.Label.toDomain replica view idx entry quorum nonce status_t __veil_f)
            (State.Label.toCodomain replica view idx entry quorum nonce status_t __veil_f) (χ __veil_f) (χ_rep __veil_f)]
      [σ_sub : IsSubStateOf (@State χ) σ] [ρ_sub : IsSubReaderOf (@Theory replica view idx entry quorum nonce status_t) ρ]
      [recv_prepare_dec_1 :
        delta% @RunCheck.recv_prepare._veil_dec_type_1 replica view χ vw idx entry quorum nonce status_t χ_rep] :
      ∀ (r : replica) (q : replica) (x : nonce) (v : view),
        Veil.VeilM.meetsSpecificationIfSuccessfulAssuming
          (@recv_recovery.ext ρ σ replica replica_dec_eq replica_inhabited view view_dec_eq view_inhabited idx idx_dec_eq
            idx_inhabited entry entry_dec_eq entry_inhabited quorum quorum_dec_eq quorum_inhabited nonce nonce_dec_eq
            nonce_inhabited vw ix status_t status_t_dec_eq status_t_inhabited status_t_Enum χ χ_rep χ_rep_lawful σ_sub
            ρ_sub recv_prepare_dec_1 r q x v)
          (@Assumptions ρ replica replica_dec_eq replica_inhabited view view_dec_eq view_inhabited idx idx_dec_eq
            idx_inhabited entry entry_dec_eq entry_inhabited quorum quorum_dec_eq quorum_inhabited nonce nonce_dec_eq
            nonce_inhabited vw ix status_t status_t_dec_eq status_t_inhabited status_t_Enum ρ_sub)
          (@Invariants ρ σ replica replica_dec_eq replica_inhabited view view_dec_eq view_inhabited idx idx_dec_eq
            idx_inhabited entry entry_dec_eq entry_inhabited quorum quorum_dec_eq quorum_inhabited nonce nonce_dec_eq
            nonce_inhabited vw ix status_t status_t_dec_eq status_t_inhabited status_t_Enum χ χ_rep χ_rep_lawful σ_sub
            ρ_sub)
          (@rr_backed ρ σ replica replica_dec_eq replica_inhabited view view_dec_eq view_inhabited idx idx_dec_eq
            idx_inhabited entry entry_dec_eq entry_inhabited quorum quorum_dec_eq quorum_inhabited nonce nonce_dec_eq
            nonce_inhabited vw ix status_t status_t_dec_eq status_t_inhabited status_t_Enum χ χ_rep χ_rep_lawful σ_sub
            ρ_sub) :=
    by
    unveil
    sorry
  
  @[veil]
  theorem recv_recovery_survives_start_view (ρ : Type) (σ : Type) (replica : Type)
      [replica_dec_eq : DecidableEq.{1} replica] [replica_inhabited : Inhabited.{1} replica] (view : Type)
      [view_dec_eq : DecidableEq.{1} view] [view_inhabited : Inhabited.{1} view] (idx : Type)
      [idx_dec_eq : DecidableEq.{1} idx] [idx_inhabited : Inhabited.{1} idx] (entry : Type)
      [entry_dec_eq : DecidableEq.{1} entry] [entry_inhabited : Inhabited.{1} entry] (quorum : Type)
      [quorum_dec_eq : DecidableEq.{1} quorum] [quorum_inhabited : Inhabited.{1} quorum] (nonce : Type)
      [nonce_dec_eq : DecidableEq.{1} nonce] [nonce_inhabited : Inhabited.{1} nonce] [vw : TotalOrderWithMinimum view]
      [ix : TotalOrderWithMinimum idx] (status_t : Type) [status_t_dec_eq : DecidableEq.{1} status_t]
      [status_t_inhabited : Inhabited.{1} status_t] [status_t_Enum : @status_t_EnumClass status_t]
      (χ : State.Label → Type)
      [χ_rep :
        ∀ __veil_f,
          Veil.FieldRepresentation (State.Label.toDomain replica view idx entry quorum nonce status_t __veil_f)
            (State.Label.toCodomain replica view idx entry quorum nonce status_t __veil_f) (χ __veil_f)]
      [χ_rep_lawful :
        ∀ __veil_f,
          Veil.LawfulFieldRepresentation (State.Label.toDomain replica view idx entry quorum nonce status_t __veil_f)
            (State.Label.toCodomain replica view idx entry quorum nonce status_t __veil_f) (χ __veil_f) (χ_rep __veil_f)]
      [σ_sub : IsSubStateOf (@State χ) σ] [ρ_sub : IsSubReaderOf (@Theory replica view idx entry quorum nonce status_t) ρ]
      [recv_prepare_dec_1 :
        delta% @RunCheck.recv_prepare._veil_dec_type_1 replica view χ vw idx entry quorum nonce status_t χ_rep] :
      ∀ (r : replica) (q : replica) (x : nonce) (v : view),
        Veil.VeilM.meetsSpecificationIfSuccessfulAssuming
          (@recv_recovery.ext ρ σ replica replica_dec_eq replica_inhabited view view_dec_eq view_inhabited idx idx_dec_eq
            idx_inhabited entry entry_dec_eq entry_inhabited quorum quorum_dec_eq quorum_inhabited nonce nonce_dec_eq
            nonce_inhabited vw ix status_t status_t_dec_eq status_t_inhabited status_t_Enum χ χ_rep χ_rep_lawful σ_sub
            ρ_sub recv_prepare_dec_1 r q x v)
          (@Assumptions ρ replica replica_dec_eq replica_inhabited view view_dec_eq view_inhabited idx idx_dec_eq
            idx_inhabited entry entry_dec_eq entry_inhabited quorum quorum_dec_eq quorum_inhabited nonce nonce_dec_eq
            nonce_inhabited vw ix status_t status_t_dec_eq status_t_inhabited status_t_Enum ρ_sub)
          (@Invariants ρ σ replica replica_dec_eq replica_inhabited view view_dec_eq view_inhabited idx idx_dec_eq
            idx_inhabited entry entry_dec_eq entry_inhabited quorum quorum_dec_eq quorum_inhabited nonce nonce_dec_eq
            nonce_inhabited vw ix status_t status_t_dec_eq status_t_inhabited status_t_Enum χ χ_rep χ_rep_lawful σ_sub
            ρ_sub)
          (@survives_start_view ρ σ replica replica_dec_eq replica_inhabited view view_dec_eq view_inhabited idx
            idx_dec_eq idx_inhabited entry entry_dec_eq entry_inhabited quorum quorum_dec_eq quorum_inhabited nonce
            nonce_dec_eq nonce_inhabited vw ix status_t status_t_dec_eq status_t_inhabited status_t_Enum χ χ_rep
            χ_rep_lawful σ_sub ρ_sub) :=
    by
    unveil
    sorry
  
  @[veil]
  theorem recv_recovery_survives_rr (ρ : Type) (σ : Type) (replica : Type) [replica_dec_eq : DecidableEq.{1} replica]
      [replica_inhabited : Inhabited.{1} replica] (view : Type) [view_dec_eq : DecidableEq.{1} view]
      [view_inhabited : Inhabited.{1} view] (idx : Type) [idx_dec_eq : DecidableEq.{1} idx]
      [idx_inhabited : Inhabited.{1} idx] (entry : Type) [entry_dec_eq : DecidableEq.{1} entry]
      [entry_inhabited : Inhabited.{1} entry] (quorum : Type) [quorum_dec_eq : DecidableEq.{1} quorum]
      [quorum_inhabited : Inhabited.{1} quorum] (nonce : Type) [nonce_dec_eq : DecidableEq.{1} nonce]
      [nonce_inhabited : Inhabited.{1} nonce] [vw : TotalOrderWithMinimum view] [ix : TotalOrderWithMinimum idx]
      (status_t : Type) [status_t_dec_eq : DecidableEq.{1} status_t] [status_t_inhabited : Inhabited.{1} status_t]
      [status_t_Enum : @status_t_EnumClass status_t] (χ : State.Label → Type)
      [χ_rep :
        ∀ __veil_f,
          Veil.FieldRepresentation (State.Label.toDomain replica view idx entry quorum nonce status_t __veil_f)
            (State.Label.toCodomain replica view idx entry quorum nonce status_t __veil_f) (χ __veil_f)]
      [χ_rep_lawful :
        ∀ __veil_f,
          Veil.LawfulFieldRepresentation (State.Label.toDomain replica view idx entry quorum nonce status_t __veil_f)
            (State.Label.toCodomain replica view idx entry quorum nonce status_t __veil_f) (χ __veil_f) (χ_rep __veil_f)]
      [σ_sub : IsSubStateOf (@State χ) σ] [ρ_sub : IsSubReaderOf (@Theory replica view idx entry quorum nonce status_t) ρ]
      [recv_prepare_dec_1 :
        delta% @RunCheck.recv_prepare._veil_dec_type_1 replica view χ vw idx entry quorum nonce status_t χ_rep] :
      ∀ (r : replica) (q : replica) (x : nonce) (v : view),
        Veil.VeilM.meetsSpecificationIfSuccessfulAssuming
          (@recv_recovery.ext ρ σ replica replica_dec_eq replica_inhabited view view_dec_eq view_inhabited idx idx_dec_eq
            idx_inhabited entry entry_dec_eq entry_inhabited quorum quorum_dec_eq quorum_inhabited nonce nonce_dec_eq
            nonce_inhabited vw ix status_t status_t_dec_eq status_t_inhabited status_t_Enum χ χ_rep χ_rep_lawful σ_sub
            ρ_sub recv_prepare_dec_1 r q x v)
          (@Assumptions ρ replica replica_dec_eq replica_inhabited view view_dec_eq view_inhabited idx idx_dec_eq
            idx_inhabited entry entry_dec_eq entry_inhabited quorum quorum_dec_eq quorum_inhabited nonce nonce_dec_eq
            nonce_inhabited vw ix status_t status_t_dec_eq status_t_inhabited status_t_Enum ρ_sub)
          (@Invariants ρ σ replica replica_dec_eq replica_inhabited view view_dec_eq view_inhabited idx idx_dec_eq
            idx_inhabited entry entry_dec_eq entry_inhabited quorum quorum_dec_eq quorum_inhabited nonce nonce_dec_eq
            nonce_inhabited vw ix status_t status_t_dec_eq status_t_inhabited status_t_Enum χ χ_rep χ_rep_lawful σ_sub
            ρ_sub)
          (@survives_rr ρ σ replica replica_dec_eq replica_inhabited view view_dec_eq view_inhabited idx idx_dec_eq
            idx_inhabited entry entry_dec_eq entry_inhabited quorum quorum_dec_eq quorum_inhabited nonce nonce_dec_eq
            nonce_inhabited vw ix status_t status_t_dec_eq status_t_inhabited status_t_Enum χ χ_rep χ_rep_lawful σ_sub
            ρ_sub) :=
    by
    unveil
    sorry
  
  @[veil]
  theorem finish_recovery_prefix_agreement (ρ : Type) (σ : Type) (replica : Type)
      [replica_dec_eq : DecidableEq.{1} replica] [replica_inhabited : Inhabited.{1} replica] (view : Type)
      [view_dec_eq : DecidableEq.{1} view] [view_inhabited : Inhabited.{1} view] (idx : Type)
      [idx_dec_eq : DecidableEq.{1} idx] [idx_inhabited : Inhabited.{1} idx] (entry : Type)
      [entry_dec_eq : DecidableEq.{1} entry] [entry_inhabited : Inhabited.{1} entry] (quorum : Type)
      [quorum_dec_eq : DecidableEq.{1} quorum] [quorum_inhabited : Inhabited.{1} quorum] (nonce : Type)
      [nonce_dec_eq : DecidableEq.{1} nonce] [nonce_inhabited : Inhabited.{1} nonce] [vw : TotalOrderWithMinimum view]
      [ix : TotalOrderWithMinimum idx] (status_t : Type) [status_t_dec_eq : DecidableEq.{1} status_t]
      [status_t_inhabited : Inhabited.{1} status_t] [status_t_Enum : @status_t_EnumClass status_t]
      (χ : State.Label → Type)
      [χ_rep :
        ∀ __veil_f,
          Veil.FieldRepresentation (State.Label.toDomain replica view idx entry quorum nonce status_t __veil_f)
            (State.Label.toCodomain replica view idx entry quorum nonce status_t __veil_f) (χ __veil_f)]
      [χ_rep_lawful :
        ∀ __veil_f,
          Veil.LawfulFieldRepresentation (State.Label.toDomain replica view idx entry quorum nonce status_t __veil_f)
            (State.Label.toCodomain replica view idx entry quorum nonce status_t __veil_f) (χ __veil_f) (χ_rep __veil_f)]
      [σ_sub : IsSubStateOf (@State χ) σ] [ρ_sub : IsSubReaderOf (@Theory replica view idx entry quorum nonce status_t) ρ]
      [finish_recovery_dec_0 :
        delta% @RunCheck.finish_recovery._veil_dec_type_0 replica view idx entry quorum nonce status_t χ χ_rep]
      [finish_recovery_dec_1 :
        delta% @RunCheck.finish_recovery._veil_dec_type_1 replica view χ idx entry quorum nonce status_t χ_rep]
      [finish_recovery_dec_2 :
        delta% @RunCheck.finish_recovery._veil_dec_type_2 replica view χ idx entry quorum nonce status_t χ_rep vw]
      [finish_recovery_dec_3 :
        delta% @RunCheck.finish_recovery._veil_dec_type_3 replica view χ vw idx entry quorum nonce status_t χ_rep]
      [install_log_dec_0 :
        delta% @RunCheck.install_log._veil_dec_type_0 replica idx χ ix view entry quorum nonce status_t χ_rep]
      [install_log_dec_1 :
        delta% @RunCheck.install_log._veil_dec_type_1 view idx χ entry replica quorum nonce status_t χ_rep ix]
      [commit_up_to_dec_0 :
        delta% @RunCheck.commit_up_to._veil_dec_type_0 replica idx χ ix view entry quorum nonce status_t χ_rep]
      [commit_up_to_dec_1 :
        delta% @RunCheck.commit_up_to._veil_dec_type_1 replica idx χ ix view entry quorum nonce status_t χ_rep] :
      ∀ (r : replica) (lv : view) (n : idx) (k : idx),
        Veil.VeilM.meetsSpecificationIfSuccessfulAssuming
          (@finish_recovery.ext ρ σ replica replica_dec_eq replica_inhabited view view_dec_eq view_inhabited idx
            idx_dec_eq idx_inhabited entry entry_dec_eq entry_inhabited quorum quorum_dec_eq quorum_inhabited nonce
            nonce_dec_eq nonce_inhabited vw ix status_t status_t_dec_eq status_t_inhabited status_t_Enum χ χ_rep
            χ_rep_lawful σ_sub ρ_sub finish_recovery_dec_0 finish_recovery_dec_1 finish_recovery_dec_2
            finish_recovery_dec_3 install_log_dec_0 install_log_dec_1 commit_up_to_dec_0 commit_up_to_dec_1 r lv n k)
          (@Assumptions ρ replica replica_dec_eq replica_inhabited view view_dec_eq view_inhabited idx idx_dec_eq
            idx_inhabited entry entry_dec_eq entry_inhabited quorum quorum_dec_eq quorum_inhabited nonce nonce_dec_eq
            nonce_inhabited vw ix status_t status_t_dec_eq status_t_inhabited status_t_Enum ρ_sub)
          (@Invariants ρ σ replica replica_dec_eq replica_inhabited view view_dec_eq view_inhabited idx idx_dec_eq
            idx_inhabited entry entry_dec_eq entry_inhabited quorum quorum_dec_eq quorum_inhabited nonce nonce_dec_eq
            nonce_inhabited vw ix status_t status_t_dec_eq status_t_inhabited status_t_Enum χ χ_rep χ_rep_lawful σ_sub
            ρ_sub)
          (@prefix_agreement ρ σ replica replica_dec_eq replica_inhabited view view_dec_eq view_inhabited idx idx_dec_eq
            idx_inhabited entry entry_dec_eq entry_inhabited quorum quorum_dec_eq quorum_inhabited nonce nonce_dec_eq
            nonce_inhabited vw ix status_t status_t_dec_eq status_t_inhabited status_t_Enum χ χ_rep χ_rep_lawful σ_sub
            ρ_sub) :=
    by
    unveil
    sorry
  
  @[veil]
  theorem finish_recovery_replica_backed (ρ : Type) (σ : Type) (replica : Type) [replica_dec_eq : DecidableEq.{1} replica]
      [replica_inhabited : Inhabited.{1} replica] (view : Type) [view_dec_eq : DecidableEq.{1} view]
      [view_inhabited : Inhabited.{1} view] (idx : Type) [idx_dec_eq : DecidableEq.{1} idx]
      [idx_inhabited : Inhabited.{1} idx] (entry : Type) [entry_dec_eq : DecidableEq.{1} entry]
      [entry_inhabited : Inhabited.{1} entry] (quorum : Type) [quorum_dec_eq : DecidableEq.{1} quorum]
      [quorum_inhabited : Inhabited.{1} quorum] (nonce : Type) [nonce_dec_eq : DecidableEq.{1} nonce]
      [nonce_inhabited : Inhabited.{1} nonce] [vw : TotalOrderWithMinimum view] [ix : TotalOrderWithMinimum idx]
      (status_t : Type) [status_t_dec_eq : DecidableEq.{1} status_t] [status_t_inhabited : Inhabited.{1} status_t]
      [status_t_Enum : @status_t_EnumClass status_t] (χ : State.Label → Type)
      [χ_rep :
        ∀ __veil_f,
          Veil.FieldRepresentation (State.Label.toDomain replica view idx entry quorum nonce status_t __veil_f)
            (State.Label.toCodomain replica view idx entry quorum nonce status_t __veil_f) (χ __veil_f)]
      [χ_rep_lawful :
        ∀ __veil_f,
          Veil.LawfulFieldRepresentation (State.Label.toDomain replica view idx entry quorum nonce status_t __veil_f)
            (State.Label.toCodomain replica view idx entry quorum nonce status_t __veil_f) (χ __veil_f) (χ_rep __veil_f)]
      [σ_sub : IsSubStateOf (@State χ) σ] [ρ_sub : IsSubReaderOf (@Theory replica view idx entry quorum nonce status_t) ρ]
      [finish_recovery_dec_0 :
        delta% @RunCheck.finish_recovery._veil_dec_type_0 replica view idx entry quorum nonce status_t χ χ_rep]
      [finish_recovery_dec_1 :
        delta% @RunCheck.finish_recovery._veil_dec_type_1 replica view χ idx entry quorum nonce status_t χ_rep]
      [finish_recovery_dec_2 :
        delta% @RunCheck.finish_recovery._veil_dec_type_2 replica view χ idx entry quorum nonce status_t χ_rep vw]
      [finish_recovery_dec_3 :
        delta% @RunCheck.finish_recovery._veil_dec_type_3 replica view χ vw idx entry quorum nonce status_t χ_rep]
      [install_log_dec_0 :
        delta% @RunCheck.install_log._veil_dec_type_0 replica idx χ ix view entry quorum nonce status_t χ_rep]
      [install_log_dec_1 :
        delta% @RunCheck.install_log._veil_dec_type_1 view idx χ entry replica quorum nonce status_t χ_rep ix]
      [commit_up_to_dec_0 :
        delta% @RunCheck.commit_up_to._veil_dec_type_0 replica idx χ ix view entry quorum nonce status_t χ_rep]
      [commit_up_to_dec_1 :
        delta% @RunCheck.commit_up_to._veil_dec_type_1 replica idx χ ix view entry quorum nonce status_t χ_rep] :
      ∀ (r : replica) (lv : view) (n : idx) (k : idx),
        Veil.VeilM.meetsSpecificationIfSuccessfulAssuming
          (@finish_recovery.ext ρ σ replica replica_dec_eq replica_inhabited view view_dec_eq view_inhabited idx
            idx_dec_eq idx_inhabited entry entry_dec_eq entry_inhabited quorum quorum_dec_eq quorum_inhabited nonce
            nonce_dec_eq nonce_inhabited vw ix status_t status_t_dec_eq status_t_inhabited status_t_Enum χ χ_rep
            χ_rep_lawful σ_sub ρ_sub finish_recovery_dec_0 finish_recovery_dec_1 finish_recovery_dec_2
            finish_recovery_dec_3 install_log_dec_0 install_log_dec_1 commit_up_to_dec_0 commit_up_to_dec_1 r lv n k)
          (@Assumptions ρ replica replica_dec_eq replica_inhabited view view_dec_eq view_inhabited idx idx_dec_eq
            idx_inhabited entry entry_dec_eq entry_inhabited quorum quorum_dec_eq quorum_inhabited nonce nonce_dec_eq
            nonce_inhabited vw ix status_t status_t_dec_eq status_t_inhabited status_t_Enum ρ_sub)
          (@Invariants ρ σ replica replica_dec_eq replica_inhabited view view_dec_eq view_inhabited idx idx_dec_eq
            idx_inhabited entry entry_dec_eq entry_inhabited quorum quorum_dec_eq quorum_inhabited nonce nonce_dec_eq
            nonce_inhabited vw ix status_t status_t_dec_eq status_t_inhabited status_t_Enum χ χ_rep χ_rep_lawful σ_sub
            ρ_sub)
          (@replica_backed ρ σ replica replica_dec_eq replica_inhabited view view_dec_eq view_inhabited idx idx_dec_eq
            idx_inhabited entry entry_dec_eq entry_inhabited quorum quorum_dec_eq quorum_inhabited nonce nonce_dec_eq
            nonce_inhabited vw ix status_t status_t_dec_eq status_t_inhabited status_t_Enum χ χ_rep χ_rep_lawful σ_sub
            ρ_sub) :=
    by
    unveil
    sorry
info: Vsr/RunCheck.lean:629:0: mkDischargerResult: overallSmtResult is unsat, but no witness provided
info: Vsr/RunCheck.lean:629:0: mkDischargerResult: overallSmtResult is unsat, but no witness provided
info: Vsr/RunCheck.lean:629:0: mkDischargerResult: overallSmtResult is unsat, but no witness provided
info: Vsr/RunCheck.lean:629:0: mkDischargerResult: overallSmtResult is unsat, but no witness provided
info: Vsr/RunCheck.lean:629:0: mkDischargerResult: overallSmtResult is unsat, but no witness provided
info: Vsr/RunCheck.lean:629:0: mkDischargerResult: overallSmtResult is unsat, but no witness provided
info: Vsr/RunCheck.lean:629:0: mkDischargerResult: overallSmtResult is unsat, but no witness provided
error: Lean exited with code 1
Some required targets logged failures:
- Vsr.RunModelCheck
- Vsr.RunCheck
error: build failed

real	23m45.467s
user	469m35.556s
sys	7m46.153s
EXIT 1
